ts_utc,market,price,question,slug
2025-07-19T00:00:09+00:00,D_Senate_D_House,0.185,"2026 Balance of Power: D Senate, D House",balance-of-power-2026-midterms
2025-07-20T00:00:08+00:00,D_Senate_D_House,0.205,"2026 Balance of Power: D Senate, D House",balance-of-power-2026-midterms
2025-07-21T00:00:07+00:00,D_Senate_D_House,0.205,"2026 Balance of Power: D Senate, D House",balance-of-power-2026-midterms
2025-07-22T00:00:09+00:00,D_Senate_D_House,0.215,"2026 Balance of Power: D Senate, D House",balance-of-power-2026-midterms
2025-07-23T00:00:09+00:00,D_Senate_D_House,0.215,"2026 Balance of Power: D Senate, D House",balance-of-power-2026-midterms
2025-07-24T00:00:09+00:00,D_Senate_D_House,0.215,"2026 Balance of Power: D Senate, D House",balance-of-power-2026-midterms
2025-07-25T00:00:09+00:00,D_Senate_D_House,0.215,"2026 Balance of Power: D Senate, D House",balance-of-power-2026-midterms
2025-07-26T00:00:09+00:00,D_Senate_D_House,0.215,"2026 Balance of Power: D Senate, D House",balance-of-power-2026-midterms
2025-07-27T00:00:10+00:00,D_Senate_D_House,0.215,"2026 Balance of Power: D Senate, D House",balance-of-power-2026-midterms
2025-07-28T00:00:09+00:00,D_Senate_D_House,0.215,"2026 Balance of Power: D Senate, D House",balance-of-power-2026-midterms
2025-07-29T00:00:10+00:00,D_Senate_D_House,0.215,"2026 Balance of Power: D Senate, D House",balance-of-power-2026-midterms
2025-07-30T00:00:10+00:00,D_Senate_D_House,0.215,"2026 Balance of Power: D Senate, D House",balance-of-power-2026-midterms
2025-07-31T00:00:08+00:00,D_Senate_D_House,0.215,"2026 Balance of Power: D Senate, D House",balance-of-power-2026-midterms
2025-08-01T00:00:09+00:00,D_Senate_D_House,0.205,"2026 Balance of Power: D Senate, D House",balance-of-power-2026-midterms
2025-08-02T00:00:09+00:00,D_Senate_D_House,0.215,"2026 Balance of Power: D Senate, D House",balance-of-power-2026-midterms
2025-08-03T00:00:08+00:00,D_Senate_D_House,0.215,"2026 Balance of Power: D Senate, D House",balance-of-power-2026-midterms
2025-08-04T00:00:07+00:00,D_Senate_D_House,0.215,"2026 Balance of Power: D Senate, D House",balance-of-power-2026-midterms
2025-08-05T00:00:08+00:00,D_Senate_D_House,0.215,"2026 Balance of Power: D Senate, D House",balance-of-power-2026-midterms
2025-08-06T00:00:09+00:00,D_Senate_D_House,0.215,"2026 Balance of Power: D Senate, D House",balance-of-power-2026-midterms
2025-08-07T00:00:07+00:00,D_Senate_D_House,0.215,"2026 Balance of Power: D Senate, D House",balance-of-power-2026-midterms
2025-08-08T00:00:05+00:00,D_Senate_D_House,0.215,"2026 Balance of Power: D Senate, D House",balance-of-power-2026-midterms
2025-08-09T00:00:09+00:00,D_Senate_D_House,0.22,"2026 Balance of Power: D Senate, D House",balance-of-power-2026-midterms
2025-08-10T00:00:03+00:00,D_Senate_D_House,0.215,"2026 Balance of Power: D Senate, D House",balance-of-power-2026-midterms
2025-08-11T00:00:06+00:00,D_Senate_D_House,0.215,"2026 Balance of Power: D Senate, D House",balance-of-power-2026-midterms
2025-08-12T00:00:04+00:00,D_Senate_D_House,0.22,"2026 Balance of Power: D Senate, D House",balance-of-power-2026-midterms
2025-08-13T00:00:07+00:00,D_Senate_D_House,0.225,"2026 Balance of Power: D Senate, D House",balance-of-power-2026-midterms
2025-08-14T00:00:04+00:00,D_Senate_D_House,0.225,"2026 Balance of Power: D Senate, D House",balance-of-power-2026-midterms
2025-08-15T00:00:07+00:00,D_Senate_D_House,0.225,"2026 Balance of Power: D Senate, D House",balance-of-power-2026-midterms
2025-08-16T00:00:04+00:00,D_Senate_D_House,0.225,"2026 Balance of Power: D Senate, D House",balance-of-power-2026-midterms
2025-08-17T00:00:07+00:00,D_Senate_D_House,0.225,"2026 Balance of Power: D Senate, D House",balance-of-power-2026-midterms
2025-08-18T00:00:05+00:00,D_Senate_D_House,0.225,"2026 Balance of Power: D Senate, D House",balance-of-power-2026-midterms
2025-08-19T00:00:11+00:00,D_Senate_D_House,0.225,"2026 Balance of Power: D Senate, D House",balance-of-power-2026-midterms
2025-08-20T00:00:08+00:00,D_Senate_D_House,0.25,"2026 Balance of Power: D Senate, D House",balance-of-power-2026-midterms
2025-08-21T00:00:07+00:00,D_Senate_D_House,0.25,"2026 Balance of Power: D Senate, D House",balance-of-power-2026-midterms
2025-08-22T00:00:05+00:00,D_Senate_D_House,0.25,"2026 Balance of Power: D Senate, D House",balance-of-power-2026-midterms
2025-08-23T00:00:05+00:00,D_Senate_D_House,0.25,"2026 Balance of Power: D Senate, D House",balance-of-power-2026-midterms
2025-08-24T00:00:02+00:00,D_Senate_D_House,0.25,"2026 Balance of Power: D Senate, D House",balance-of-power-2026-midterms
2025-08-25T00:00:09+00:00,D_Senate_D_House,0.25,"2026 Balance of Power: D Senate, D House",balance-of-power-2026-midterms
2025-08-26T00:00:07+00:00,D_Senate_D_House,0.25,"2026 Balance of Power: D Senate, D House",balance-of-power-2026-midterms
2025-08-27T00:00:09+00:00,D_Senate_D_House,0.25,"2026 Balance of Power: D Senate, D House",balance-of-power-2026-midterms
2025-08-28T00:00:06+00:00,D_Senate_D_House,0.25,"2026 Balance of Power: D Senate, D House",balance-of-power-2026-midterms
2025-08-29T00:00:04+00:00,D_Senate_D_House,0.255,"2026 Balance of Power: D Senate, D House",balance-of-power-2026-midterms
2025-08-30T00:00:12+00:00,D_Senate_D_House,0.255,"2026 Balance of Power: D Senate, D House",balance-of-power-2026-midterms
2025-08-31T00:00:16+00:00,D_Senate_D_House,0.25,"2026 Balance of Power: D Senate, D House",balance-of-power-2026-midterms
2025-09-01T00:00:06+00:00,D_Senate_D_House,0.25,"2026 Balance of Power: D Senate, D House",balance-of-power-2026-midterms
2025-09-02T00:00:07+00:00,D_Senate_D_House,0.255,"2026 Balance of Power: D Senate, D House",balance-of-power-2026-midterms
2025-09-03T00:00:13+00:00,D_Senate_D_House,0.25,"2026 Balance of Power: D Senate, D House",balance-of-power-2026-midterms
2025-09-04T00:00:11+00:00,D_Senate_D_House,0.255,"2026 Balance of Power: D Senate, D House",balance-of-power-2026-midterms
2025-09-05T00:00:05+00:00,D_Senate_D_House,0.245,"2026 Balance of Power: D Senate, D House",balance-of-power-2026-midterms
2025-09-06T00:00:14+00:00,D_Senate_D_House,0.25,"2026 Balance of Power: D Senate, D House",balance-of-power-2026-midterms
2025-09-07T00:00:09+00:00,D_Senate_D_House,0.25,"2026 Balance of Power: D Senate, D House",balance-of-power-2026-midterms
2025-09-08T00:00:16+00:00,D_Senate_D_House,0.255,"2026 Balance of Power: D Senate, D House",balance-of-power-2026-midterms
2025-09-09T00:00:14+00:00,D_Senate_D_House,0.25,"2026 Balance of Power: D Senate, D House",balance-of-power-2026-midterms
2025-09-10T00:00:03+00:00,D_Senate_D_House,0.255,"2026 Balance of Power: D Senate, D House",balance-of-power-2026-midterms
2025-09-11T00:00:07+00:00,D_Senate_D_House,0.245,"2026 Balance of Power: D Senate, D House",balance-of-power-2026-midterms
2025-09-12T00:00:20+00:00,D_Senate_D_House,0.245,"2026 Balance of Power: D Senate, D House",balance-of-power-2026-midterms
2025-09-13T00:00:06+00:00,D_Senate_D_House,0.245,"2026 Balance of Power: D Senate, D House",balance-of-power-2026-midterms
2025-09-14T00:00:18+00:00,D_Senate_D_House,0.245,"2026 Balance of Power: D Senate, D House",balance-of-power-2026-midterms
2025-09-15T00:00:04+00:00,D_Senate_D_House,0.245,"2026 Balance of Power: D Senate, D House",balance-of-power-2026-midterms
2025-09-16T00:00:10+00:00,D_Senate_D_House,0.245,"2026 Balance of Power: D Senate, D House",balance-of-power-2026-midterms
2025-09-17T00:00:15+00:00,D_Senate_D_House,0.245,"2026 Balance of Power: D Senate, D House",balance-of-power-2026-midterms
2025-09-18T00:00:04+00:00,D_Senate_D_House,0.245,"2026 Balance of Power: D Senate, D House",balance-of-power-2026-midterms
2025-09-19T00:00:17+00:00,D_Senate_D_House,0.245,"2026 Balance of Power: D Senate, D House",balance-of-power-2026-midterms
2025-09-20T00:00:19+00:00,D_Senate_D_House,0.245,"2026 Balance of Power: D Senate, D House",balance-of-power-2026-midterms
2025-09-21T00:00:11+00:00,D_Senate_D_House,0.245,"2026 Balance of Power: D Senate, D House",balance-of-power-2026-midterms
2025-09-22T00:00:04+00:00,D_Senate_D_House,0.245,"2026 Balance of Power: D Senate, D House",balance-of-power-2026-midterms
2025-09-23T00:00:02+00:00,D_Senate_D_House,0.245,"2026 Balance of Power: D Senate, D House",balance-of-power-2026-midterms
2025-09-24T00:00:04+00:00,D_Senate_D_House,0.235,"2026 Balance of Power: D Senate, D House",balance-of-power-2026-midterms
2025-09-25T00:00:04+00:00,D_Senate_D_House,0.235,"2026 Balance of Power: D Senate, D House",balance-of-power-2026-midterms
2025-09-26T00:00:14+00:00,D_Senate_D_House,0.235,"2026 Balance of Power: D Senate, D House",balance-of-power-2026-midterms
2025-09-27T00:00:08+00:00,D_Senate_D_House,0.24,"2026 Balance of Power: D Senate, D House",balance-of-power-2026-midterms
2025-09-28T00:00:08+00:00,D_Senate_D_House,0.235,"2026 Balance of Power: D Senate, D House",balance-of-power-2026-midterms
2025-09-29T00:00:09+00:00,D_Senate_D_House,0.235,"2026 Balance of Power: D Senate, D House",balance-of-power-2026-midterms
2025-09-30T00:00:07+00:00,D_Senate_D_House,0.235,"2026 Balance of Power: D Senate, D House",balance-of-power-2026-midterms
2025-10-01T00:00:09+00:00,D_Senate_D_House,0.235,"2026 Balance of Power: D Senate, D House",balance-of-power-2026-midterms
2025-10-02T00:00:03+00:00,D_Senate_D_House,0.235,"2026 Balance of Power: D Senate, D House",balance-of-power-2026-midterms
2025-10-03T00:00:08+00:00,D_Senate_D_House,0.235,"2026 Balance of Power: D Senate, D House",balance-of-power-2026-midterms
2025-10-04T00:00:03+00:00,D_Senate_D_House,0.235,"2026 Balance of Power: D Senate, D House",balance-of-power-2026-midterms
2025-10-05T00:00:08+00:00,D_Senate_D_House,0.235,"2026 Balance of Power: D Senate, D House",balance-of-power-2026-midterms
2025-10-06T00:00:09+00:00,D_Senate_D_House,0.235,"2026 Balance of Power: D Senate, D House",balance-of-power-2026-midterms
2025-10-07T00:00:08+00:00,D_Senate_D_House,0.235,"2026 Balance of Power: D Senate, D House",balance-of-power-2026-midterms
2025-10-08T00:00:13+00:00,D_Senate_D_House,0.235,"2026 Balance of Power: D Senate, D House",balance-of-power-2026-midterms
2025-10-09T00:00:12+00:00,D_Senate_D_House,0.235,"2026 Balance of Power: D Senate, D House",balance-of-power-2026-midterms
2025-10-10T00:00:14+00:00,D_Senate_D_House,0.235,"2026 Balance of Power: D Senate, D House",balance-of-power-2026-midterms
2025-10-11T00:00:09+00:00,D_Senate_D_House,0.215,"2026 Balance of Power: D Senate, D House",balance-of-power-2026-midterms
2025-10-12T00:00:04+00:00,D_Senate_D_House,0.22,"2026 Balance of Power: D Senate, D House",balance-of-power-2026-midterms
2025-10-13T00:00:10+00:00,D_Senate_D_House,0.22,"2026 Balance of Power: D Senate, D House",balance-of-power-2026-midterms
2025-10-14T00:00:09+00:00,D_Senate_D_House,0.22,"2026 Balance of Power: D Senate, D House",balance-of-power-2026-midterms
2025-10-15T00:00:17+00:00,D_Senate_D_House,0.225,"2026 Balance of Power: D Senate, D House",balance-of-power-2026-midterms
2025-10-16T00:00:21+00:00,D_Senate_D_House,0.225,"2026 Balance of Power: D Senate, D House",balance-of-power-2026-midterms
2025-10-17T00:00:11+00:00,D_Senate_D_House,0.22,"2026 Balance of Power: D Senate, D House",balance-of-power-2026-midterms
2025-10-18T00:00:08+00:00,D_Senate_D_House,0.215,"2026 Balance of Power: D Senate, D House",balance-of-power-2026-midterms
2025-10-19T00:00:09+00:00,D_Senate_D_House,0.215,"2026 Balance of Power: D Senate, D House",balance-of-power-2026-midterms
2025-10-20T00:00:08+00:00,D_Senate_D_House,0.22,"2026 Balance of Power: D Senate, D House",balance-of-power-2026-midterms
2025-10-21T00:00:18+00:00,D_Senate_D_House,0.22,"2026 Balance of Power: D Senate, D House",balance-of-power-2026-midterms
2025-10-22T00:00:26+00:00,D_Senate_D_House,0.22,"2026 Balance of Power: D Senate, D House",balance-of-power-2026-midterms
2025-10-23T00:00:12+00:00,D_Senate_D_House,0.22,"2026 Balance of Power: D Senate, D House",balance-of-power-2026-midterms
2025-10-24T00:00:21+00:00,D_Senate_D_House,0.215,"2026 Balance of Power: D Senate, D House",balance-of-power-2026-midterms
2025-10-25T00:00:19+00:00,D_Senate_D_House,0.215,"2026 Balance of Power: D Senate, D House",balance-of-power-2026-midterms
2025-10-26T00:00:23+00:00,D_Senate_D_House,0.215,"2026 Balance of Power: D Senate, D House",balance-of-power-2026-midterms
2025-10-27T00:00:20+00:00,D_Senate_D_House,0.215,"2026 Balance of Power: D Senate, D House",balance-of-power-2026-midterms
2025-10-28T00:00:25+00:00,D_Senate_D_House,0.23,"2026 Balance of Power: D Senate, D House",balance-of-power-2026-midterms
2025-10-29T00:00:24+00:00,D_Senate_D_House,0.245,"2026 Balance of Power: D Senate, D House",balance-of-power-2026-midterms
2025-10-30T00:00:24+00:00,D_Senate_D_House,0.235,"2026 Balance of Power: D Senate, D House",balance-of-power-2026-midterms
2025-10-31T00:00:15+00:00,D_Senate_D_House,0.24,"2026 Balance of Power: D Senate, D House",balance-of-power-2026-midterms
2025-11-01T00:00:24+00:00,D_Senate_D_House,0.25,"2026 Balance of Power: D Senate, D House",balance-of-power-2026-midterms
2025-11-02T00:00:18+00:00,D_Senate_D_House,0.255,"2026 Balance of Power: D Senate, D House",balance-of-power-2026-midterms
2025-11-03T00:00:23+00:00,D_Senate_D_House,0.255,"2026 Balance of Power: D Senate, D House",balance-of-power-2026-midterms
2025-11-04T00:00:22+00:00,D_Senate_D_House,0.245,"2026 Balance of Power: D Senate, D House",balance-of-power-2026-midterms
2025-11-05T00:00:25+00:00,D_Senate_D_House,0.26,"2026 Balance of Power: D Senate, D House",balance-of-power-2026-midterms
2025-11-06T00:00:15+00:00,D_Senate_D_House,0.335,"2026 Balance of Power: D Senate, D House",balance-of-power-2026-midterms
2025-11-07T00:00:25+00:00,D_Senate_D_House,0.315,"2026 Balance of Power: D Senate, D House",balance-of-power-2026-midterms
2025-11-08T00:00:16+00:00,D_Senate_D_House,0.315,"2026 Balance of Power: D Senate, D House",balance-of-power-2026-midterms
2025-11-09T00:00:36+00:00,D_Senate_D_House,0.31,"2026 Balance of Power: D Senate, D House",balance-of-power-2026-midterms
2025-11-10T00:00:16+00:00,D_Senate_D_House,0.31,"2026 Balance of Power: D Senate, D House",balance-of-power-2026-midterms
2025-11-11T00:00:26+00:00,D_Senate_D_House,0.265,"2026 Balance of Power: D Senate, D House",balance-of-power-2026-midterms
2025-11-12T00:00:22+00:00,D_Senate_D_House,0.285,"2026 Balance of Power: D Senate, D House",balance-of-power-2026-midterms
2025-11-13T00:00:24+00:00,D_Senate_D_House,0.28,"2026 Balance of Power: D Senate, D House",balance-of-power-2026-midterms
2025-11-14T00:00:23+00:00,D_Senate_D_House,0.285,"2026 Balance of Power: D Senate, D House",balance-of-power-2026-midterms
2025-11-15T00:00:29+00:00,D_Senate_D_House,0.29,"2026 Balance of Power: D Senate, D House",balance-of-power-2026-midterms
2025-11-16T00:00:18+00:00,D_Senate_D_House,0.32,"2026 Balance of Power: D Senate, D House",balance-of-power-2026-midterms
2025-11-17T00:00:25+00:00,D_Senate_D_House,0.325,"2026 Balance of Power: D Senate, D House",balance-of-power-2026-midterms
2025-11-18T00:00:18+00:00,D_Senate_D_House,0.315,"2026 Balance of Power: D Senate, D House",balance-of-power-2026-midterms
2025-11-19T00:00:29+00:00,D_Senate_D_House,0.32,"2026 Balance of Power: D Senate, D House",balance-of-power-2026-midterms
2025-11-20T00:00:18+00:00,D_Senate_D_House,0.32,"2026 Balance of Power: D Senate, D House",balance-of-power-2026-midterms
2025-11-21T00:00:31+00:00,D_Senate_D_House,0.32,"2026 Balance of Power: D Senate, D House",balance-of-power-2026-midterms
2025-11-22T00:00:20+00:00,D_Senate_D_House,0.32,"2026 Balance of Power: D Senate, D House",balance-of-power-2026-midterms
2025-11-23T00:00:21+00:00,D_Senate_D_House,0.32,"2026 Balance of Power: D Senate, D House",balance-of-power-2026-midterms
2025-11-24T00:00:17+00:00,D_Senate_D_House,0.325,"2026 Balance of Power: D Senate, D House",balance-of-power-2026-midterms
2025-11-25T00:00:25+00:00,D_Senate_D_House,0.325,"2026 Balance of Power: D Senate, D House",balance-of-power-2026-midterms
2025-11-26T00:00:20+00:00,D_Senate_D_House,0.31,"2026 Balance of Power: D Senate, D House",balance-of-power-2026-midterms
2025-11-27T00:00:26+00:00,D_Senate_D_House,0.3,"2026 Balance of Power: D Senate, D House",balance-of-power-2026-midterms
2025-11-28T00:00:24+00:00,D_Senate_D_House,0.31,"2026 Balance of Power: D Senate, D House",balance-of-power-2026-midterms
2025-11-29T00:00:34+00:00,D_Senate_D_House,0.31,"2026 Balance of Power: D Senate, D House",balance-of-power-2026-midterms
2025-11-30T00:00:24+00:00,D_Senate_D_House,0.31,"2026 Balance of Power: D Senate, D House",balance-of-power-2026-midterms
2025-12-01T00:00:29+00:00,D_Senate_D_House,0.31,"2026 Balance of Power: D Senate, D House",balance-of-power-2026-midterms
2025-12-02T00:00:18+00:00,D_Senate_D_House,0.305,"2026 Balance of Power: D Senate, D House",balance-of-power-2026-midterms
2025-12-03T00:00:29+00:00,D_Senate_D_House,0.31,"2026 Balance of Power: D Senate, D House",balance-of-power-2026-midterms
2025-12-04T00:00:18+00:00,D_Senate_D_House,0.365,"2026 Balance of Power: D Senate, D House",balance-of-power-2026-midterms
2025-12-05T00:00:21+00:00,D_Senate_D_House,0.355,"2026 Balance of Power: D Senate, D House",balance-of-power-2026-midterms
2025-12-06T00:00:22+00:00,D_Senate_D_House,0.325,"2026 Balance of Power: D Senate, D House",balance-of-power-2026-midterms
2025-12-07T00:00:35+00:00,D_Senate_D_House,0.325,"2026 Balance of Power: D Senate, D House",balance-of-power-2026-midterms
2025-12-08T00:00:33+00:00,D_Senate_D_House,0.325,"2026 Balance of Power: D Senate, D House",balance-of-power-2026-midterms
2025-12-09T00:00:31+00:00,D_Senate_D_House,0.335,"2026 Balance of Power: D Senate, D House",balance-of-power-2026-midterms
2025-12-10T00:00:17+00:00,D_Senate_D_House,0.34,"2026 Balance of Power: D Senate, D House",balance-of-power-2026-midterms
2025-12-11T00:00:18+00:00,D_Senate_D_House,0.34,"2026 Balance of Power: D Senate, D House",balance-of-power-2026-midterms
2025-12-12T00:00:19+00:00,D_Senate_D_House,0.34,"2026 Balance of Power: D Senate, D House",balance-of-power-2026-midterms
2025-12-13T00:00:22+00:00,D_Senate_D_House,0.335,"2026 Balance of Power: D Senate, D House",balance-of-power-2026-midterms
2025-12-14T00:00:23+00:00,D_Senate_D_House,0.335,"2026 Balance of Power: D Senate, D House",balance-of-power-2026-midterms
2025-12-15T00:00:26+00:00,D_Senate_D_House,0.335,"2026 Balance of Power: D Senate, D House",balance-of-power-2026-midterms
2025-12-16T00:00:22+00:00,D_Senate_D_House,0.33,"2026 Balance of Power: D Senate, D House",balance-of-power-2026-midterms
2025-12-17T00:00:18+00:00,D_Senate_D_House,0.33,"2026 Balance of Power: D Senate, D House",balance-of-power-2026-midterms
2025-12-17T00:00:38+00:00,D_Senate_D_House,0.33,"2026 Balance of Power: D Senate, D House",balance-of-power-2026-midterms
2025-12-18T00:00:28+00:00,D_Senate_D_House,0.33,"2026 Balance of Power: D Senate, D House",balance-of-power-2026-midterms
2025-12-19T00:00:20+00:00,D_Senate_D_House,0.335,"2026 Balance of Power: D Senate, D House",balance-of-power-2026-midterms
2025-12-20T00:00:20+00:00,D_Senate_D_House,0.33,"2026 Balance of Power: D Senate, D House",balance-of-power-2026-midterms
2025-12-21T00:00:21+00:00,D_Senate_D_House,0.33,"2026 Balance of Power: D Senate, D House",balance-of-power-2026-midterms
2025-12-22T00:00:20+00:00,D_Senate_D_House,0.335,"2026 Balance of Power: D Senate, D House",balance-of-power-2026-midterms
2025-12-23T00:00:23+00:00,D_Senate_D_House,0.335,"2026 Balance of Power: D Senate, D House",balance-of-power-2026-midterms
2025-12-24T00:00:22+00:00,D_Senate_D_House,0.33,"2026 Balance of Power: D Senate, D House",balance-of-power-2026-midterms
2025-12-25T00:00:32+00:00,D_Senate_D_House,0.335,"2026 Balance of Power: D Senate, D House",balance-of-power-2026-midterms
2025-12-26T00:00:16+00:00,D_Senate_D_House,0.335,"2026 Balance of Power: D Senate, D House",balance-of-power-2026-midterms
2025-12-27T00:00:21+00:00,D_Senate_D_House,0.33,"2026 Balance of Power: D Senate, D House",balance-of-power-2026-midterms
2025-12-28T00:00:21+00:00,D_Senate_D_House,0.33,"2026 Balance of Power: D Senate, D House",balance-of-power-2026-midterms
2025-12-29T00:00:39+00:00,D_Senate_D_House,0.325,"2026 Balance of Power: D Senate, D House",balance-of-power-2026-midterms
2025-12-30T00:00:25+00:00,D_Senate_D_House,0.325,"2026 Balance of Power: D Senate, D House",balance-of-power-2026-midterms
2025-12-31T00:00:23+00:00,D_Senate_D_House,0.33,"2026 Balance of Power: D Senate, D House",balance-of-power-2026-midterms
2026-01-01T00:00:23+00:00,D_Senate_D_House,0.335,"2026 Balance of Power: D Senate, D House",balance-of-power-2026-midterms
2026-01-02T00:00:21+00:00,D_Senate_D_House,0.355,"2026 Balance of Power: D Senate, D House",balance-of-power-2026-midterms
2026-01-03T00:00:19+00:00,D_Senate_D_House,0.355,"2026 Balance of Power: D Senate, D House",balance-of-power-2026-midterms
2026-01-04T00:00:21+00:00,D_Senate_D_House,0.345,"2026 Balance of Power: D Senate, D House",balance-of-power-2026-midterms
2026-01-05T00:00:25+00:00,D_Senate_D_House,0.345,"2026 Balance of Power: D Senate, D House",balance-of-power-2026-midterms
2026-01-06T00:00:26+00:00,D_Senate_D_House,0.345,"2026 Balance of Power: D Senate, D House",balance-of-power-2026-midterms
2026-01-07T00:00:24+00:00,D_Senate_D_House,0.34,"2026 Balance of Power: D Senate, D House",balance-of-power-2026-midterms
2026-01-08T00:00:40+00:00,D_Senate_D_House,0.355,"2026 Balance of Power: D Senate, D House",balance-of-power-2026-midterms
2026-01-09T00:00:25+00:00,D_Senate_D_House,0.365,"2026 Balance of Power: D Senate, D House",balance-of-power-2026-midterms
2026-01-10T00:00:26+00:00,D_Senate_D_House,0.365,"2026 Balance of Power: D Senate, D House",balance-of-power-2026-midterms
2026-01-11T00:00:22+00:00,D_Senate_D_House,0.355,"2026 Balance of Power: D Senate, D House",balance-of-power-2026-midterms
2026-01-12T00:00:24+00:00,D_Senate_D_House,0.345,"2026 Balance of Power: D Senate, D House",balance-of-power-2026-midterms
2026-01-13T00:00:25+00:00,D_Senate_D_House,0.345,"2026 Balance of Power: D Senate, D House",balance-of-power-2026-midterms
2026-01-14T00:00:27+00:00,D_Senate_D_House,0.345,"2026 Balance of Power: D Senate, D House",balance-of-power-2026-midterms
2026-01-15T00:00:29+00:00,D_Senate_D_House,0.345,"2026 Balance of Power: D Senate, D House",balance-of-power-2026-midterms
2026-01-16T00:00:33+00:00,D_Senate_D_House,0.345,"2026 Balance of Power: D Senate, D House",balance-of-power-2026-midterms
2026-01-17T00:00:28+00:00,D_Senate_D_House,0.345,"2026 Balance of Power: D Senate, D House",balance-of-power-2026-midterms
2026-01-18T00:00:46+00:00,D_Senate_D_House,0.345,"2026 Balance of Power: D Senate, D House",balance-of-power-2026-midterms
2026-01-19T00:00:24+00:00,D_Senate_D_House,0.345,"2026 Balance of Power: D Senate, D House",balance-of-power-2026-midterms
2026-01-20T00:00:26+00:00,D_Senate_D_House,0.345,"2026 Balance of Power: D Senate, D House",balance-of-power-2026-midterms
2026-01-21T00:00:28+00:00,D_Senate_D_House,0.345,"2026 Balance of Power: D Senate, D House",balance-of-power-2026-midterms
2026-01-22T00:00:43+00:00,D_Senate_D_House,0.345,"2026 Balance of Power: D Senate, D House",balance-of-power-2026-midterms
2026-01-23T00:00:46+00:00,D_Senate_D_House,0.345,"2026 Balance of Power: D Senate, D House",balance-of-power-2026-midterms
2026-01-24T00:00:44+00:00,D_Senate_D_House,0.34,"2026 Balance of Power: D Senate, D House",balance-of-power-2026-midterms
2026-01-25T00:00:49+00:00,D_Senate_D_House,0.345,"2026 Balance of Power: D Senate, D House",balance-of-power-2026-midterms
2026-01-26T00:00:48+00:00,D_Senate_D_House,0.36,"2026 Balance of Power: D Senate, D House",balance-of-power-2026-midterms
2026-01-27T00:00:41+00:00,D_Senate_D_House,0.365,"2026 Balance of Power: D Senate, D House",balance-of-power-2026-midterms
2026-01-28T00:00:30+00:00,D_Senate_D_House,0.355,"2026 Balance of Power: D Senate, D House",balance-of-power-2026-midterms
2026-01-29T00:00:45+00:00,D_Senate_D_House,0.355,"2026 Balance of Power: D Senate, D House",balance-of-power-2026-midterms
2026-01-30T00:00:35+00:00,D_Senate_D_House,0.355,"2026 Balance of Power: D Senate, D House",balance-of-power-2026-midterms
2026-01-31T00:00:35+00:00,D_Senate_D_House,0.36,"2026 Balance of Power: D Senate, D House",balance-of-power-2026-midterms
2026-02-01T00:00:43+00:00,D_Senate_D_House,0.36,"2026 Balance of Power: D Senate, D House",balance-of-power-2026-midterms
2026-02-02T00:00:34+00:00,D_Senate_D_House,0.37,"2026 Balance of Power: D Senate, D House",balance-of-power-2026-midterms
2026-02-03T00:00:38+00:00,D_Senate_D_House,0.38,"2026 Balance of Power: D Senate, D House",balance-of-power-2026-midterms
2026-02-04T00:00:47+00:00,D_Senate_D_House,0.385,"2026 Balance of Power: D Senate, D House",balance-of-power-2026-midterms
2026-02-05T00:00:32+00:00,D_Senate_D_House,0.355,"2026 Balance of Power: D Senate, D House",balance-of-power-2026-midterms
2026-02-06T00:00:42+00:00,D_Senate_D_House,0.355,"2026 Balance of Power: D Senate, D House",balance-of-power-2026-midterms
2026-02-07T00:00:51+00:00,D_Senate_D_House,0.355,"2026 Balance of Power: D Senate, D House",balance-of-power-2026-midterms
2026-02-08T00:00:46+00:00,D_Senate_D_House,0.35,"2026 Balance of Power: D Senate, D House",balance-of-power-2026-midterms
2026-02-09T00:00:44+00:00,D_Senate_D_House,0.345,"2026 Balance of Power: D Senate, D House",balance-of-power-2026-midterms
2026-02-10T00:00:47+00:00,D_Senate_D_House,0.37,"2026 Balance of Power: D Senate, D House",balance-of-power-2026-midterms
2026-02-11T00:00:58+00:00,D_Senate_D_House,0.355,"2026 Balance of Power: D Senate, D House",balance-of-power-2026-midterms
2026-02-12T00:00:56+00:00,D_Senate_D_House,0.365,"2026 Balance of Power: D Senate, D House",balance-of-power-2026-midterms
2026-02-13T00:00:47+00:00,D_Senate_D_House,0.375,"2026 Balance of Power: D Senate, D House",balance-of-power-2026-midterms
2026-02-14T00:00:53+00:00,D_Senate_D_House,0.365,"2026 Balance of Power: D Senate, D House",balance-of-power-2026-midterms
2026-02-15T00:00:54+00:00,D_Senate_D_House,0.37,"2026 Balance of Power: D Senate, D House",balance-of-power-2026-midterms
2026-02-17T00:00:56+00:00,D_Senate_D_House,0.395,"2026 Balance of Power: D Senate, D House",balance-of-power-2026-midterms
2026-02-20T00:00:57+00:00,D_Senate_D_House,0.395,"2026 Balance of Power: D Senate, D House",balance-of-power-2026-midterms
2026-02-21T00:00:38+00:00,D_Senate_D_House,0.415,"2026 Balance of Power: D Senate, D House",balance-of-power-2026-midterms
2026-02-22T00:00:38+00:00,D_Senate_D_House,0.415,"2026 Balance of Power: D Senate, D House",balance-of-power-2026-midterms
2026-02-23T00:00:46+00:00,D_Senate_D_House,0.415,"2026 Balance of Power: D Senate, D House",balance-of-power-2026-midterms
2026-02-24T00:00:47+00:00,D_Senate_D_House,0.405,"2026 Balance of Power: D Senate, D House",balance-of-power-2026-midterms
2026-02-25T00:00:54+00:00,D_Senate_D_House,0.4,"2026 Balance of Power: D Senate, D House",balance-of-power-2026-midterms
2026-02-26T00:00:47+00:00,D_Senate_D_House,0.395,"2026 Balance of Power: D Senate, D House",balance-of-power-2026-midterms
2026-02-27T00:00:53+00:00,D_Senate_D_House,0.395,"2026 Balance of Power: D Senate, D House",balance-of-power-2026-midterms
2026-02-28T00:00:50+00:00,D_Senate_D_House,0.4,"2026 Balance of Power: D Senate, D House",balance-of-power-2026-midterms
2026-03-03T00:00:57+00:00,D_Senate_D_House,0.395,"2026 Balance of Power: D Senate, D House",balance-of-power-2026-midterms
2026-03-04T00:00:57+00:00,D_Senate_D_House,0.395,"2026 Balance of Power: D Senate, D House",balance-of-power-2026-midterms
2026-03-05T00:00:54+00:00,D_Senate_D_House,0.405,"2026 Balance of Power: D Senate, D House",balance-of-power-2026-midterms
2026-03-06T00:00:53+00:00,D_Senate_D_House,0.405,"2026 Balance of Power: D Senate, D House",balance-of-power-2026-midterms
2026-03-07T00:00:57+00:00,D_Senate_D_House,0.425,"2026 Balance of Power: D Senate, D House",balance-of-power-2026-midterms
2026-03-08T00:00:46+00:00,D_Senate_D_House,0.425,"2026 Balance of Power: D Senate, D House",balance-of-power-2026-midterms
2026-03-09T00:00:43+00:00,D_Senate_D_House,0.435,"2026 Balance of Power: D Senate, D House",balance-of-power-2026-midterms
2026-03-10T00:00:51+00:00,D_Senate_D_House,0.44,"2026 Balance of Power: D Senate, D House",balance-of-power-2026-midterms
2026-03-11T00:00:55+00:00,D_Senate_D_House,0.455,"2026 Balance of Power: D Senate, D House",balance-of-power-2026-midterms
2026-03-12T00:00:57+00:00,D_Senate_D_House,0.445,"2026 Balance of Power: D Senate, D House",balance-of-power-2026-midterms
2026-03-14T00:00:46+00:00,D_Senate_D_House,0.475,"2026 Balance of Power: D Senate, D House",balance-of-power-2026-midterms
2026-03-15T00:00:49+00:00,D_Senate_D_House,0.485,"2026 Balance of Power: D Senate, D House",balance-of-power-2026-midterms
2026-03-16T00:00:58+00:00,D_Senate_D_House,0.475,"2026 Balance of Power: D Senate, D House",balance-of-power-2026-midterms
2026-03-17T00:00:38+00:00,D_Senate_D_House,0.475,"2026 Balance of Power: D Senate, D House",balance-of-power-2026-midterms
2026-03-18T00:00:40+00:00,D_Senate_D_House,0.485,"2026 Balance of Power: D Senate, D House",balance-of-power-2026-midterms
2026-03-19T00:00:52+00:00,D_Senate_D_House,0.495,"2026 Balance of Power: D Senate, D House",balance-of-power-2026-midterms
2026-03-20T00:00:44+00:00,D_Senate_D_House,0.485,"2026 Balance of Power: D Senate, D House",balance-of-power-2026-midterms
2026-03-21T00:00:42+00:00,D_Senate_D_House,0.485,"2026 Balance of Power: D Senate, D House",balance-of-power-2026-midterms
2026-03-22T00:00:40+00:00,D_Senate_D_House,0.495,"2026 Balance of Power: D Senate, D House",balance-of-power-2026-midterms
2026-03-23T00:00:33+00:00,D_Senate_D_House,0.495,"2026 Balance of Power: D Senate, D House",balance-of-power-2026-midterms
2026-03-24T00:00:30+00:00,D_Senate_D_House,0.485,"2026 Balance of Power: D Senate, D House",balance-of-power-2026-midterms
2026-03-25T00:00:44+00:00,D_Senate_D_House,0.475,"2026 Balance of Power: D Senate, D House",balance-of-power-2026-midterms
2026-03-26T00:00:48+00:00,D_Senate_D_House,0.475,"2026 Balance of Power: D Senate, D House",balance-of-power-2026-midterms
2026-03-27T00:00:53+00:00,D_Senate_D_House,0.485,"2026 Balance of Power: D Senate, D House",balance-of-power-2026-midterms
2026-03-28T00:00:57+00:00,D_Senate_D_House,0.485,"2026 Balance of Power: D Senate, D House",balance-of-power-2026-midterms
2026-04-05T00:00:19+00:00,D_Senate_D_House,0.525,"2026 Balance of Power: D Senate, D House",balance-of-power-2026-midterms
2026-04-09T00:00:38+00:00,D_Senate_D_House,0.525,"2026 Balance of Power: D Senate, D House",balance-of-power-2026-midterms
2026-04-12T00:00:16+00:00,D_Senate_D_House,0.525,"2026 Balance of Power: D Senate, D House",balance-of-power-2026-midterms
2026-04-22T00:00:09+00:00,D_Senate_D_House,0.515,"2026 Balance of Power: D Senate, D House",balance-of-power-2026-midterms
2026-04-23T00:00:13+00:00,D_Senate_D_House,0.505,"2026 Balance of Power: D Senate, D House",balance-of-power-2026-midterms
2026-04-24T00:00:23+00:00,D_Senate_D_House,0.505,"2026 Balance of Power: D Senate, D House",balance-of-power-2026-midterms
2026-04-25T00:00:13+00:00,D_Senate_D_House,0.505,"2026 Balance of Power: D Senate, D House",balance-of-power-2026-midterms
2026-04-26T00:00:07+00:00,D_Senate_D_House,0.505,"2026 Balance of Power: D Senate, D House",balance-of-power-2026-midterms
2026-04-27T00:00:08+00:00,D_Senate_D_House,0.505,"2026 Balance of Power: D Senate, D House",balance-of-power-2026-midterms
2026-04-28T00:00:09+00:00,D_Senate_D_House,0.495,"2026 Balance of Power: D Senate, D House",balance-of-power-2026-midterms
2026-04-29T00:00:07+00:00,D_Senate_D_House,0.485,"2026 Balance of Power: D Senate, D House",balance-of-power-2026-midterms
2026-04-30T00:00:13+00:00,D_Senate_D_House,0.485,"2026 Balance of Power: D Senate, D House",balance-of-power-2026-midterms
2026-05-01T00:00:08+00:00,D_Senate_D_House,0.485,"2026 Balance of Power: D Senate, D House",balance-of-power-2026-midterms
2026-05-02T00:00:06+00:00,D_Senate_D_House,0.485,"2026 Balance of Power: D Senate, D House",balance-of-power-2026-midterms
2026-05-03T00:00:06+00:00,D_Senate_D_House,0.485,"2026 Balance of Power: D Senate, D House",balance-of-power-2026-midterms
2026-05-04T00:00:05+00:00,D_Senate_D_House,0.485,"2026 Balance of Power: D Senate, D House",balance-of-power-2026-midterms
2026-05-05T00:00:19+00:00,D_Senate_D_House,0.495,"2026 Balance of Power: D Senate, D House",balance-of-power-2026-midterms
2026-05-06T00:00:09+00:00,D_Senate_D_House,0.485,"2026 Balance of Power: D Senate, D House",balance-of-power-2026-midterms
2026-05-07T00:00:09+00:00,D_Senate_D_House,0.475,"2026 Balance of Power: D Senate, D House",balance-of-power-2026-midterms
2026-05-08T00:00:05+00:00,D_Senate_D_House,0.475,"2026 Balance of Power: D Senate, D House",balance-of-power-2026-midterms
2026-05-09T00:00:23+00:00,D_Senate_D_House,0.445,"2026 Balance of Power: D Senate, D House",balance-of-power-2026-midterms
2026-05-10T00:00:09+00:00,D_Senate_D_House,0.425,"2026 Balance of Power: D Senate, D House",balance-of-power-2026-midterms
2026-05-11T00:00:10+00:00,D_Senate_D_House,0.435,"2026 Balance of Power: D Senate, D House",balance-of-power-2026-midterms
2026-05-12T00:00:10+00:00,D_Senate_D_House,0.445,"2026 Balance of Power: D Senate, D House",balance-of-power-2026-midterms
2026-05-13T00:00:12+00:00,D_Senate_D_House,0.435,"2026 Balance of Power: D Senate, D House",balance-of-power-2026-midterms
2026-05-14T00:00:16+00:00,D_Senate_D_House,0.435,"2026 Balance of Power: D Senate, D House",balance-of-power-2026-midterms
2026-05-15T00:00:09+00:00,D_Senate_D_House,0.435,"2026 Balance of Power: D Senate, D House",balance-of-power-2026-midterms
2026-05-16T00:00:16+00:00,D_Senate_D_House,0.435,"2026 Balance of Power: D Senate, D House",balance-of-power-2026-midterms
2026-05-17T00:00:27+00:00,D_Senate_D_House,0.435,"2026 Balance of Power: D Senate, D House",balance-of-power-2026-midterms
2026-05-18T00:00:10+00:00,D_Senate_D_House,0.445,"2026 Balance of Power: D Senate, D House",balance-of-power-2026-midterms
2026-05-19T00:00:08+00:00,D_Senate_D_House,0.465,"2026 Balance of Power: D Senate, D House",balance-of-power-2026-midterms
2026-05-20T00:00:11+00:00,D_Senate_D_House,0.455,"2026 Balance of Power: D Senate, D House",balance-of-power-2026-midterms
2026-05-21T00:00:13+00:00,D_Senate_D_House,0.465,"2026 Balance of Power: D Senate, D House",balance-of-power-2026-midterms
2026-05-22T00:00:14+00:00,D_Senate_D_House,0.455,"2026 Balance of Power: D Senate, D House",balance-of-power-2026-midterms
2026-05-23T00:00:10+00:00,D_Senate_D_House,0.455,"2026 Balance of Power: D Senate, D House",balance-of-power-2026-midterms
2026-05-24T00:00:06+00:00,D_Senate_D_House,0.455,"2026 Balance of Power: D Senate, D House",balance-of-power-2026-midterms
2026-05-25T00:00:07+00:00,D_Senate_D_House,0.465,"2026 Balance of Power: D Senate, D House",balance-of-power-2026-midterms
2026-05-26T00:00:07+00:00,D_Senate_D_House,0.465,"2026 Balance of Power: D Senate, D House",balance-of-power-2026-midterms
2026-05-27T00:00:08+00:00,D_Senate_D_House,0.475,"2026 Balance of Power: D Senate, D House",balance-of-power-2026-midterms
2026-05-28T00:00:11+00:00,D_Senate_D_House,0.475,"2026 Balance of Power: D Senate, D House",balance-of-power-2026-midterms
2026-05-29T00:00:11+00:00,D_Senate_D_House,0.455,"2026 Balance of Power: D Senate, D House",balance-of-power-2026-midterms
2026-05-30T00:00:21+00:00,D_Senate_D_House,0.455,"2026 Balance of Power: D Senate, D House",balance-of-power-2026-midterms
2026-05-31T00:00:10+00:00,D_Senate_D_House,0.455,"2026 Balance of Power: D Senate, D House",balance-of-power-2026-midterms
2026-06-01T00:00:06+00:00,D_Senate_D_House,0.465,"2026 Balance of Power: D Senate, D House",balance-of-power-2026-midterms
2026-06-02T00:00:08+00:00,D_Senate_D_House,0.465,"2026 Balance of Power: D Senate, D House",balance-of-power-2026-midterms
2026-06-03T00:00:08+00:00,D_Senate_D_House,0.465,"2026 Balance of Power: D Senate, D House",balance-of-power-2026-midterms
2026-06-04T00:00:06+00:00,D_Senate_D_House,0.445,"2026 Balance of Power: D Senate, D House",balance-of-power-2026-midterms
2026-06-05T00:00:19+00:00,D_Senate_D_House,0.445,"2026 Balance of Power: D Senate, D House",balance-of-power-2026-midterms
2026-06-06T00:00:04+00:00,D_Senate_D_House,0.435,"2026 Balance of Power: D Senate, D House",balance-of-power-2026-midterms
2026-06-07T00:00:15+00:00,D_Senate_D_House,0.445,"2026 Balance of Power: D Senate, D House",balance-of-power-2026-midterms
2026-06-08T00:00:05+00:00,D_Senate_D_House,0.445,"2026 Balance of Power: D Senate, D House",balance-of-power-2026-midterms
2026-06-09T00:00:06+00:00,D_Senate_D_House,0.445,"2026 Balance of Power: D Senate, D House",balance-of-power-2026-midterms
2026-06-10T00:00:07+00:00,D_Senate_D_House,0.435,"2026 Balance of Power: D Senate, D House",balance-of-power-2026-midterms
2026-06-11T00:00:11+00:00,D_Senate_D_House,0.435,"2026 Balance of Power: D Senate, D House",balance-of-power-2026-midterms
2026-06-12T00:00:07+00:00,D_Senate_D_House,0.435,"2026 Balance of Power: D Senate, D House",balance-of-power-2026-midterms
2026-06-13T00:00:07+00:00,D_Senate_D_House,0.435,"2026 Balance of Power: D Senate, D House",balance-of-power-2026-midterms
2026-06-14T00:00:10+00:00,D_Senate_D_House,0.425,"2026 Balance of Power: D Senate, D House",balance-of-power-2026-midterms
2026-06-15T00:00:06+00:00,D_Senate_D_House,0.415,"2026 Balance of Power: D Senate, D House",balance-of-power-2026-midterms
2026-06-16T00:00:10+00:00,D_Senate_D_House,0.425,"2026 Balance of Power: D Senate, D House",balance-of-power-2026-midterms
2026-06-17T00:00:08+00:00,D_Senate_D_House,0.425,"2026 Balance of Power: D Senate, D House",balance-of-power-2026-midterms
2026-06-18T00:00:23+00:00,D_Senate_D_House,0.425,"2026 Balance of Power: D Senate, D House",balance-of-power-2026-midterms
2026-06-19T00:00:25+00:00,D_Senate_D_House,0.425,"2026 Balance of Power: D Senate, D House",balance-of-power-2026-midterms
2026-06-20T00:00:07+00:00,D_Senate_D_House,0.415,"2026 Balance of Power: D Senate, D House",balance-of-power-2026-midterms
2026-06-21T00:00:10+00:00,D_Senate_D_House,0.415,"2026 Balance of Power: D Senate, D House",balance-of-power-2026-midterms
2026-06-22T00:00:09+00:00,D_Senate_D_House,0.415,"2026 Balance of Power: D Senate, D House",balance-of-power-2026-midterms
2026-06-23T00:00:08+00:00,D_Senate_D_House,0.425,"2026 Balance of Power: D Senate, D House",balance-of-power-2026-midterms
2026-06-24T00:00:07+00:00,D_Senate_D_House,0.425,"2026 Balance of Power: D Senate, D House",balance-of-power-2026-midterms
2026-06-25T00:00:12+00:00,D_Senate_D_House,0.425,"2026 Balance of Power: D Senate, D House",balance-of-power-2026-midterms
2026-06-26T00:00:07+00:00,D_Senate_D_House,0.425,"2026 Balance of Power: D Senate, D House",balance-of-power-2026-midterms
2026-06-27T00:00:07+00:00,D_Senate_D_House,0.425,"2026 Balance of Power: D Senate, D House",balance-of-power-2026-midterms
2026-06-28T00:00:07+00:00,D_Senate_D_House,0.425,"2026 Balance of Power: D Senate, D House",balance-of-power-2026-midterms
2026-06-29T00:00:06+00:00,D_Senate_D_House,0.425,"2026 Balance of Power: D Senate, D House",balance-of-power-2026-midterms
2026-06-30T00:00:07+00:00,D_Senate_D_House,0.425,"2026 Balance of Power: D Senate, D House",balance-of-power-2026-midterms
2026-07-01T00:00:07+00:00,D_Senate_D_House,0.425,"2026 Balance of Power: D Senate, D House",balance-of-power-2026-midterms
2026-07-02T00:00:11+00:00,D_Senate_D_House,0.425,"2026 Balance of Power: D Senate, D House",balance-of-power-2026-midterms
2026-07-03T00:00:08+00:00,D_Senate_D_House,0.425,"2026 Balance of Power: D Senate, D House",balance-of-power-2026-midterms
2026-07-04T00:00:07+00:00,D_Senate_D_House,0.425,"2026 Balance of Power: D Senate, D House",balance-of-power-2026-midterms
2026-07-05T00:00:07+00:00,D_Senate_D_House,0.425,"2026 Balance of Power: D Senate, D House",balance-of-power-2026-midterms
2026-07-06T00:00:04+00:00,D_Senate_D_House,0.425,"2026 Balance of Power: D Senate, D House",balance-of-power-2026-midterms
2026-07-07T00:00:09+00:00,D_Senate_D_House,0.435,"2026 Balance of Power: D Senate, D House",balance-of-power-2026-midterms
2026-07-08T00:00:06+00:00,D_Senate_D_House,0.435,"2026 Balance of Power: D Senate, D House",balance-of-power-2026-midterms
2026-07-09T00:00:13+00:00,D_Senate_D_House,0.435,"2026 Balance of Power: D Senate, D House",balance-of-power-2026-midterms
2026-07-10T00:00:08+00:00,D_Senate_D_House,0.445,"2026 Balance of Power: D Senate, D House",balance-of-power-2026-midterms
2026-07-11T00:00:08+00:00,D_Senate_D_House,0.445,"2026 Balance of Power: D Senate, D House",balance-of-power-2026-midterms
2026-07-12T00:00:20+00:00,D_Senate_D_House,0.44,"2026 Balance of Power: D Senate, D House",balance-of-power-2026-midterms
2026-07-13T00:00:08+00:00,D_Senate_D_House,0.435,"2026 Balance of Power: D Senate, D House",balance-of-power-2026-midterms
2026-07-14T00:00:08+00:00,D_Senate_D_House,0.445,"2026 Balance of Power: D Senate, D House",balance-of-power-2026-midterms
2026-07-15T00:00:11+00:00,D_Senate_D_House,0.445,"2026 Balance of Power: D Senate, D House",balance-of-power-2026-midterms
2026-07-16T00:00:11+00:00,D_Senate_D_House,0.445,"2026 Balance of Power: D Senate, D House",balance-of-power-2026-midterms
2026-07-17T00:00:10+00:00,D_Senate_D_House,0.445,"2026 Balance of Power: D Senate, D House",balance-of-power-2026-midterms
2026-07-18T00:00:07+00:00,D_Senate_D_House,0.445,"2026 Balance of Power: D Senate, D House",balance-of-power-2026-midterms
2026-07-19T00:00:08+00:00,D_Senate_D_House,0.435,"2026 Balance of Power: D Senate, D House",balance-of-power-2026-midterms
2026-07-20T00:00:24+00:00,D_Senate_D_House,0.435,"2026 Balance of Power: D Senate, D House",balance-of-power-2026-midterms
2026-07-21T00:00:11+00:00,D_Senate_D_House,0.435,"2026 Balance of Power: D Senate, D House",balance-of-power-2026-midterms
2026-07-22T00:00:09+00:00,D_Senate_D_House,0.435,"2026 Balance of Power: D Senate, D House",balance-of-power-2026-midterms
2026-07-23T00:00:17+00:00,D_Senate_D_House,0.435,"2026 Balance of Power: D Senate, D House",balance-of-power-2026-midterms
2026-07-24T00:00:17+00:00,D_Senate_D_House,0.435,"2026 Balance of Power: D Senate, D House",balance-of-power-2026-midterms
2026-07-25T00:00:21+00:00,D_Senate_D_House,0.435,"2026 Balance of Power: D Senate, D House",balance-of-power-2026-midterms
2026-07-26T00:00:15+00:00,D_Senate_D_House,0.435,"2026 Balance of Power: D Senate, D House",balance-of-power-2026-midterms
2026-07-27T00:00:20+00:00,D_Senate_D_House,0.435,"2026 Balance of Power: D Senate, D House",balance-of-power-2026-midterms
2026-07-28T00:00:24+00:00,D_Senate_D_House,0.435,"2026 Balance of Power: D Senate, D House",balance-of-power-2026-midterms
2026-07-30T00:00:24+00:00,D_Senate_D_House,0.435,"2026 Balance of Power: D Senate, D House",balance-of-power-2026-midterms
2026-07-31T00:00:21+00:00,D_Senate_D_House,0.435,"2026 Balance of Power: D Senate, D House",balance-of-power-2026-midterms
2026-08-01T00:00:12+00:00,D_Senate_D_House,0.445,"2026 Balance of Power: D Senate, D House",balance-of-power-2026-midterms
2026-08-02T00:00:13+00:00,D_Senate_D_House,0.445,"2026 Balance of Power: D Senate, D House",balance-of-power-2026-midterms
2026-08-03T00:00:10+00:00,D_Senate_D_House,0.445,"2026 Balance of Power: D Senate, D House",balance-of-power-2026-midterms
2026-08-04T00:00:12+00:00,D_Senate_D_House,0.465,"2026 Balance of Power: D Senate, D House",balance-of-power-2026-midterms
2026-08-05T00:00:13+00:00,D_Senate_D_House,0.455,"2026 Balance of Power: D Senate, D House",balance-of-power-2026-midterms
2026-08-06T00:00:12+00:00,D_Senate_D_House,0.455,"2026 Balance of Power: D Senate, D House",balance-of-power-2026-midterms
2026-08-07T00:00:12+00:00,D_Senate_D_House,0.455,"2026 Balance of Power: D Senate, D House",balance-of-power-2026-midterms
2026-08-08T00:00:16+00:00,D_Senate_D_House,0.455,"2026 Balance of Power: D Senate, D House",balance-of-power-2026-midterms
2026-08-09T00:00:26+00:00,D_Senate_D_House,0.455,"2026 Balance of Power: D Senate, D House",balance-of-power-2026-midterms
2026-08-10T00:00:18+00:00,D_Senate_D_House,0.465,"2026 Balance of Power: D Senate, D House",balance-of-power-2026-midterms
2026-08-11T00:00:22+00:00,D_Senate_D_House,0.465,"2026 Balance of Power: D Senate, D House",balance-of-power-2026-midterms
2026-08-12T00:00:14+00:00,D_Senate_D_House,0.495,"2026 Balance of Power: D Senate, D House",balance-of-power-2026-midterms
2026-08-13T00:00:19+00:00,D_Senate_D_House,0.495,"2026 Balance of Power: D Senate, D House",balance-of-power-2026-midterms
2026-08-14T00:00:18+00:00,D_Senate_D_House,0.495,"2026 Balance of Power: D Senate, D House",balance-of-power-2026-midterms
2026-08-15T00:00:17+00:00,D_Senate_D_House,0.495,"2026 Balance of Power: D Senate, D House",balance-of-power-2026-midterms
2026-08-16T00:00:18+00:00,D_Senate_D_House,0.495,"2026 Balance of Power: D Senate, D House",balance-of-power-2026-midterms
2026-08-17T00:00:20+00:00,D_Senate_D_House,0.495,"2026 Balance of Power: D Senate, D House",balance-of-power-2026-midterms
2026-08-18T00:00:30+00:00,D_Senate_D_House,0.475,"2026 Balance of Power: D Senate, D House",balance-of-power-2026-midterms
2026-08-19T00:00:20+00:00,D_Senate_D_House,0.465,"2026 Balance of Power: D Senate, D House",balance-of-power-2026-midterms
2026-08-20T00:00:23+00:00,D_Senate_D_House,0.475,"2026 Balance of Power: D Senate, D House",balance-of-power-2026-midterms
2026-08-21T00:00:20+00:00,D_Senate_D_House,0.485,"2026 Balance of Power: D Senate, D House",balance-of-power-2026-midterms
2026-08-22T00:00:20+00:00,D_Senate_D_House,0.465,"2026 Balance of Power: D Senate, D House",balance-of-power-2026-midterms
2026-08-23T00:00:17+00:00,D_Senate_D_House,0.465,"2026 Balance of Power: D Senate, D House",balance-of-power-2026-midterms
2026-08-24T00:00:21+00:00,D_Senate_D_House,0.475,"2026 Balance of Power: D Senate, D House",balance-of-power-2026-midterms
2026-08-25T00:00:19+00:00,D_Senate_D_House,0.475,"2026 Balance of Power: D Senate, D House",balance-of-power-2026-midterms
2026-08-26T00:00:21+00:00,D_Senate_D_House,0.485,"2026 Balance of Power: D Senate, D House",balance-of-power-2026-midterms
2026-08-27T00:00:21+00:00,D_Senate_D_House,0.485,"2026 Balance of Power: D Senate, D House",balance-of-power-2026-midterms
2026-08-28T00:00:21+00:00,D_Senate_D_House,0.495,"2026 Balance of Power: D Senate, D House",balance-of-power-2026-midterms
2026-08-29T00:00:21+00:00,D_Senate_D_House,0.495,"2026 Balance of Power: D Senate, D House",balance-of-power-2026-midterms
2026-08-30T00:00:20+00:00,D_Senate_D_House,0.495,"2026 Balance of Power: D Senate, D House",balance-of-power-2026-midterms
2026-08-31T00:00:20+00:00,D_Senate_D_House,0.505,"2026 Balance of Power: D Senate, D House",balance-of-power-2026-midterms
2026-09-01T00:00:32+00:00,D_Senate_D_House,0.505,"2026 Balance of Power: D Senate, D House",balance-of-power-2026-midterms
2026-09-02T00:00:19+00:00,D_Senate_D_House,0.505,"2026 Balance of Power: D Senate, D House",balance-of-power-2026-midterms
2026-09-03T00:00:23+00:00,D_Senate_D_House,0.505,"2026 Balance of Power: D Senate, D House",balance-of-power-2026-midterms
2026-09-04T00:00:18+00:00,D_Senate_D_House,0.495,"2026 Balance of Power: D Senate, D House",balance-of-power-2026-midterms
2026-09-05T00:00:18+00:00,D_Senate_D_House,0.495,"2026 Balance of Power: D Senate, D House",balance-of-power-2026-midterms
2026-09-06T00:00:24+00:00,D_Senate_D_House,0.495,"2026 Balance of Power: D Senate, D House",balance-of-power-2026-midterms
2026-09-07T00:00:32+00:00,D_Senate_D_House,0.515,"2026 Balance of Power: D Senate, D House",balance-of-power-2026-midterms
2026-09-08T00:00:16+00:00,D_Senate_D_House,0.515,"2026 Balance of Power: D Senate, D House",balance-of-power-2026-midterms
2026-09-09T00:00:24+00:00,D_Senate_D_House,0.515,"2026 Balance of Power: D Senate, D House",balance-of-power-2026-midterms
2026-09-10T00:00:19+00:00,D_Senate_D_House,0.505,"2026 Balance of Power: D Senate, D House",balance-of-power-2026-midterms
2026-09-11T00:00:20+00:00,D_Senate_D_House,0.495,"2026 Balance of Power: D Senate, D House",balance-of-power-2026-midterms
2026-09-12T00:00:21+00:00,D_Senate_D_House,0.495,"2026 Balance of Power: D Senate, D House",balance-of-power-2026-midterms
2026-09-13T00:00:19+00:00,D_Senate_D_House,0.495,"2026 Balance of Power: D Senate, D House",balance-of-power-2026-midterms
2026-09-14T00:00:17+00:00,D_Senate_D_House,0.525,"2026 Balance of Power: D Senate, D House",balance-of-power-2026-midterms
2026-09-15T00:00:15+00:00,D_Senate_D_House,0.525,"2026 Balance of Power: D Senate, D House",balance-of-power-2026-midterms
2026-09-16T00:00:17+00:00,D_Senate_D_House,0.565,"2026 Balance of Power: D Senate, D House",balance-of-power-2026-midterms
2026-09-17T00:00:18+00:00,D_Senate_D_House,0.605,"2026 Balance of Power: D Senate, D House",balance-of-power-2026-midterms
2026-09-18T00:00:21+00:00,D_Senate_D_House,0.595,"2026 Balance of Power: D Senate, D House",balance-of-power-2026-midterms
2026-09-19T00:00:22+00:00,D_Senate_D_House,0.6,"2026 Balance of Power: D Senate, D House",balance-of-power-2026-midterms
2026-09-20T00:00:21+00:00,D_Senate_D_House,0.595,"2026 Balance of Power: D Senate, D House",balance-of-power-2026-midterms
2026-09-21T00:00:18+00:00,D_Senate_D_House,0.605,"2026 Balance of Power: D Senate, D House",balance-of-power-2026-midterms
2026-09-22T00:00:19+00:00,D_Senate_D_House,0.635,"2026 Balance of Power: D Senate, D House",balance-of-power-2026-midterms
2026-09-23T00:00:20+00:00,D_Senate_D_House,0.655,"2026 Balance of Power: D Senate, D House",balance-of-power-2026-midterms
2026-09-24T00:00:31+00:00,D_Senate_D_House,0.655,"2026 Balance of Power: D Senate, D House",balance-of-power-2026-midterms
2026-09-25T00:00:23+00:00,D_Senate_D_House,0.625,"2026 Balance of Power: D Senate, D House",balance-of-power-2026-midterms
2026-09-26T00:00:19+00:00,D_Senate_D_House,0.625,"2026 Balance of Power: D Senate, D House",balance-of-power-2026-midterms
2026-09-27T00:00:18+00:00,D_Senate_D_House,0.615,"2026 Balance of Power: D Senate, D House",balance-of-power-2026-midterms
2026-09-28T00:00:32+00:00,D_Senate_D_House,0.605,"2026 Balance of Power: D Senate, D House",balance-of-power-2026-midterms
2026-09-29T00:00:19+00:00,D_Senate_D_House,0.615,"2026 Balance of Power: D Senate, D House",balance-of-power-2026-midterms
2026-09-30T00:00:21+00:00,D_Senate_D_House,0.625,"2026 Balance of Power: D Senate, D House",balance-of-power-2026-midterms
2026-10-01T00:00:22+00:00,D_Senate_D_House,0.625,"2026 Balance of Power: D Senate, D House",balance-of-power-2026-midterms
2026-10-02T00:00:20+00:00,D_Senate_D_House,0.635,"2026 Balance of Power: D Senate, D House",balance-of-power-2026-midterms
2026-10-03T00:00:24+00:00,D_Senate_D_House,0.645,"2026 Balance of Power: D Senate, D House",balance-of-power-2026-midterms
2026-10-04T00:00:20+00:00,D_Senate_D_House,0.645,"2026 Balance of Power: D Senate, D House",balance-of-power-2026-midterms
2026-10-05T00:00:24+00:00,D_Senate_D_House,0.665,"2026 Balance of Power: D Senate, D House",balance-of-power-2026-midterms
2026-10-06T00:00:23+00:00,D_Senate_D_House,0.655,"2026 Balance of Power: D Senate, D House",balance-of-power-2026-midterms
2026-10-06T16:05:20+00:00,D_Senate_D_House,0.655,"2026 Balance of Power: D Senate, D House",balance-of-power-2026-midterms
2025-07-19T00:00:09+00:00,D_Senate_R_House,0.0705,"2026 Balance of Power: D Senate, R House",balance-of-power-2026-midterms
2025-07-20T00:00:08+00:00,D_Senate_R_House,0.0625,"2026 Balance of Power: D Senate, R House",balance-of-power-2026-midterms
2025-07-21T00:00:07+00:00,D_Senate_R_House,0.0625,"2026 Balance of Power: D Senate, R House",balance-of-power-2026-midterms
2025-07-22T00:00:09+00:00,D_Senate_R_House,0.0445,"2026 Balance of Power: D Senate, R House",balance-of-power-2026-midterms
2025-07-23T00:00:09+00:00,D_Senate_R_House,0.043,"2026 Balance of Power: D Senate, R House",balance-of-power-2026-midterms
2025-07-24T00:00:09+00:00,D_Senate_R_House,0.0435,"2026 Balance of Power: D Senate, R House",balance-of-power-2026-midterms
2025-07-25T00:00:09+00:00,D_Senate_R_House,0.0435,"2026 Balance of Power: D Senate, R House",balance-of-power-2026-midterms
2025-07-26T00:00:09+00:00,D_Senate_R_House,0.042,"2026 Balance of Power: D Senate, R House",balance-of-power-2026-midterms
2025-07-27T00:00:10+00:00,D_Senate_R_House,0.0415,"2026 Balance of Power: D Senate, R House",balance-of-power-2026-midterms
2025-07-28T00:00:09+00:00,D_Senate_R_House,0.0405,"2026 Balance of Power: D Senate, R House",balance-of-power-2026-midterms
2025-07-29T00:00:10+00:00,D_Senate_R_House,0.0405,"2026 Balance of Power: D Senate, R House",balance-of-power-2026-midterms
2025-07-30T00:00:10+00:00,D_Senate_R_House,0.041,"2026 Balance of Power: D Senate, R House",balance-of-power-2026-midterms
2025-07-31T00:00:08+00:00,D_Senate_R_House,0.041,"2026 Balance of Power: D Senate, R House",balance-of-power-2026-midterms
2025-08-01T00:00:09+00:00,D_Senate_R_House,0.042,"2026 Balance of Power: D Senate, R House",balance-of-power-2026-midterms
2025-08-02T00:00:09+00:00,D_Senate_R_House,0.042,"2026 Balance of Power: D Senate, R House",balance-of-power-2026-midterms
2025-08-03T00:00:08+00:00,D_Senate_R_House,0.042,"2026 Balance of Power: D Senate, R House",balance-of-power-2026-midterms
2025-08-04T00:00:07+00:00,D_Senate_R_House,0.042,"2026 Balance of Power: D Senate, R House",balance-of-power-2026-midterms
2025-08-05T00:00:08+00:00,D_Senate_R_House,0.042,"2026 Balance of Power: D Senate, R House",balance-of-power-2026-midterms
2025-08-06T00:00:09+00:00,D_Senate_R_House,0.042,"2026 Balance of Power: D Senate, R House",balance-of-power-2026-midterms
2025-08-07T00:00:06+00:00,D_Senate_R_House,0.042,"2026 Balance of Power: D Senate, R House",balance-of-power-2026-midterms
2025-08-08T00:00:03+00:00,D_Senate_R_House,0.042,"2026 Balance of Power: D Senate, R House",balance-of-power-2026-midterms
2025-08-09T00:00:14+00:00,D_Senate_R_House,0.044,"2026 Balance of Power: D Senate, R House",balance-of-power-2026-midterms
2025-08-10T00:00:09+00:00,D_Senate_R_House,0.043,"2026 Balance of Power: D Senate, R House",balance-of-power-2026-midterms
2025-08-11T00:00:06+00:00,D_Senate_R_House,0.0425,"2026 Balance of Power: D Senate, R House",balance-of-power-2026-midterms
2025-08-12T00:00:06+00:00,D_Senate_R_House,0.043,"2026 Balance of Power: D Senate, R House",balance-of-power-2026-midterms
2025-08-13T00:00:05+00:00,D_Senate_R_House,0.0435,"2026 Balance of Power: D Senate, R House",balance-of-power-2026-midterms
2025-08-14T00:00:04+00:00,D_Senate_R_House,0.0435,"2026 Balance of Power: D Senate, R House",balance-of-power-2026-midterms
2025-08-15T00:00:13+00:00,D_Senate_R_House,0.0425,"2026 Balance of Power: D Senate, R House",balance-of-power-2026-midterms
2025-08-16T00:00:06+00:00,D_Senate_R_House,0.0425,"2026 Balance of Power: D Senate, R House",balance-of-power-2026-midterms
2025-08-17T00:00:05+00:00,D_Senate_R_House,0.0425,"2026 Balance of Power: D Senate, R House",balance-of-power-2026-midterms
2025-08-18T00:00:09+00:00,D_Senate_R_House,0.0425,"2026 Balance of Power: D Senate, R House",balance-of-power-2026-midterms
2025-08-19T00:00:10+00:00,D_Senate_R_House,0.0415,"2026 Balance of Power: D Senate, R House",balance-of-power-2026-midterms
2025-08-20T00:00:08+00:00,D_Senate_R_House,0.038,"2026 Balance of Power: D Senate, R House",balance-of-power-2026-midterms
2025-08-21T00:00:07+00:00,D_Senate_R_House,0.038,"2026 Balance of Power: D Senate, R House",balance-of-power-2026-midterms
2025-08-22T00:00:05+00:00,D_Senate_R_House,0.0405,"2026 Balance of Power: D Senate, R House",balance-of-power-2026-midterms
2025-08-23T00:00:11+00:00,D_Senate_R_House,0.04,"2026 Balance of Power: D Senate, R House",balance-of-power-2026-midterms
2025-08-24T00:00:08+00:00,D_Senate_R_House,0.0395,"2026 Balance of Power: D Senate, R House",balance-of-power-2026-midterms
2025-08-25T00:00:16+00:00,D_Senate_R_House,0.04,"2026 Balance of Power: D Senate, R House",balance-of-power-2026-midterms
2025-08-26T00:00:06+00:00,D_Senate_R_House,0.0405,"2026 Balance of Power: D Senate, R House",balance-of-power-2026-midterms
2025-08-27T00:00:05+00:00,D_Senate_R_House,0.04,"2026 Balance of Power: D Senate, R House",balance-of-power-2026-midterms
2025-08-28T00:00:10+00:00,D_Senate_R_House,0.0385,"2026 Balance of Power: D Senate, R House",balance-of-power-2026-midterms
2025-08-29T00:00:06+00:00,D_Senate_R_House,0.0395,"2026 Balance of Power: D Senate, R House",balance-of-power-2026-midterms
2025-08-30T00:00:10+00:00,D_Senate_R_House,0.039,"2026 Balance of Power: D Senate, R House",balance-of-power-2026-midterms
2025-08-31T00:00:17+00:00,D_Senate_R_House,0.0395,"2026 Balance of Power: D Senate, R House",balance-of-power-2026-midterms
2025-09-01T00:00:14+00:00,D_Senate_R_House,0.0395,"2026 Balance of Power: D Senate, R House",balance-of-power-2026-midterms
2025-09-02T00:00:05+00:00,D_Senate_R_House,0.0395,"2026 Balance of Power: D Senate, R House",balance-of-power-2026-midterms
2025-09-03T00:00:04+00:00,D_Senate_R_House,0.039,"2026 Balance of Power: D Senate, R House",balance-of-power-2026-midterms
2025-09-04T00:00:03+00:00,D_Senate_R_House,0.0385,"2026 Balance of Power: D Senate, R House",balance-of-power-2026-midterms
2025-09-05T00:00:04+00:00,D_Senate_R_House,0.0325,"2026 Balance of Power: D Senate, R House",balance-of-power-2026-midterms
2025-09-06T00:00:10+00:00,D_Senate_R_House,0.026,"2026 Balance of Power: D Senate, R House",balance-of-power-2026-midterms
2025-09-07T00:00:07+00:00,D_Senate_R_House,0.021,"2026 Balance of Power: D Senate, R House",balance-of-power-2026-midterms
2025-09-08T00:00:17+00:00,D_Senate_R_House,0.019,"2026 Balance of Power: D Senate, R House",balance-of-power-2026-midterms
2025-09-09T00:00:10+00:00,D_Senate_R_House,0.0185,"2026 Balance of Power: D Senate, R House",balance-of-power-2026-midterms
2025-09-10T00:00:11+00:00,D_Senate_R_House,0.0195,"2026 Balance of Power: D Senate, R House",balance-of-power-2026-midterms
2025-09-11T00:00:06+00:00,D_Senate_R_House,0.027,"2026 Balance of Power: D Senate, R House",balance-of-power-2026-midterms
2025-09-12T00:00:14+00:00,D_Senate_R_House,0.0275,"2026 Balance of Power: D Senate, R House",balance-of-power-2026-midterms
2025-09-13T00:00:12+00:00,D_Senate_R_House,0.0275,"2026 Balance of Power: D Senate, R House",balance-of-power-2026-midterms
2025-09-14T00:00:17+00:00,D_Senate_R_House,0.0285,"2026 Balance of Power: D Senate, R House",balance-of-power-2026-midterms
2025-09-15T00:00:12+00:00,D_Senate_R_House,0.028,"2026 Balance of Power: D Senate, R House",balance-of-power-2026-midterms
2025-09-16T00:00:16+00:00,D_Senate_R_House,0.0285,"2026 Balance of Power: D Senate, R House",balance-of-power-2026-midterms
2025-09-17T00:00:07+00:00,D_Senate_R_House,0.0275,"2026 Balance of Power: D Senate, R House",balance-of-power-2026-midterms
2025-09-18T00:00:12+00:00,D_Senate_R_House,0.028,"2026 Balance of Power: D Senate, R House",balance-of-power-2026-midterms
2025-09-19T00:00:17+00:00,D_Senate_R_House,0.018,"2026 Balance of Power: D Senate, R House",balance-of-power-2026-midterms
2025-09-20T00:00:08+00:00,D_Senate_R_House,0.018,"2026 Balance of Power: D Senate, R House",balance-of-power-2026-midterms
2025-09-21T00:00:09+00:00,D_Senate_R_House,0.016,"2026 Balance of Power: D Senate, R House",balance-of-power-2026-midterms
2025-09-22T00:00:06+00:00,D_Senate_R_House,0.016,"2026 Balance of Power: D Senate, R House",balance-of-power-2026-midterms
2025-09-23T00:00:11+00:00,D_Senate_R_House,0.016,"2026 Balance of Power: D Senate, R House",balance-of-power-2026-midterms
2025-09-24T00:00:03+00:00,D_Senate_R_House,0.016,"2026 Balance of Power: D Senate, R House",balance-of-power-2026-midterms
2025-09-25T00:00:04+00:00,D_Senate_R_House,0.016,"2026 Balance of Power: D Senate, R House",balance-of-power-2026-midterms
2025-09-26T00:00:03+00:00,D_Senate_R_House,0.016,"2026 Balance of Power: D Senate, R House",balance-of-power-2026-midterms
2025-09-27T00:00:08+00:00,D_Senate_R_House,0.017,"2026 Balance of Power: D Senate, R House",balance-of-power-2026-midterms
2025-09-28T00:00:05+00:00,D_Senate_R_House,0.0165,"2026 Balance of Power: D Senate, R House",balance-of-power-2026-midterms
2025-09-29T00:00:08+00:00,D_Senate_R_House,0.0155,"2026 Balance of Power: D Senate, R House",balance-of-power-2026-midterms
2025-09-30T00:00:09+00:00,D_Senate_R_House,0.016,"2026 Balance of Power: D Senate, R House",balance-of-power-2026-midterms
2025-10-01T00:00:05+00:00,D_Senate_R_House,0.016,"2026 Balance of Power: D Senate, R House",balance-of-power-2026-midterms
2025-10-02T00:00:07+00:00,D_Senate_R_House,0.016,"2026 Balance of Power: D Senate, R House",balance-of-power-2026-midterms
2025-10-03T00:00:04+00:00,D_Senate_R_House,0.0155,"2026 Balance of Power: D Senate, R House",balance-of-power-2026-midterms
2025-10-04T00:00:11+00:00,D_Senate_R_House,0.015,"2026 Balance of Power: D Senate, R House",balance-of-power-2026-midterms
2025-10-05T00:00:02+00:00,D_Senate_R_House,0.015,"2026 Balance of Power: D Senate, R House",balance-of-power-2026-midterms
2025-10-06T00:00:08+00:00,D_Senate_R_House,0.015,"2026 Balance of Power: D Senate, R House",balance-of-power-2026-midterms
2025-10-07T00:00:12+00:00,D_Senate_R_House,0.015,"2026 Balance of Power: D Senate, R House",balance-of-power-2026-midterms
2025-10-08T00:00:03+00:00,D_Senate_R_House,0.015,"2026 Balance of Power: D Senate, R House",balance-of-power-2026-midterms
2025-10-09T00:00:05+00:00,D_Senate_R_House,0.009,"2026 Balance of Power: D Senate, R House",balance-of-power-2026-midterms
2025-10-10T00:00:18+00:00,D_Senate_R_House,0.008,"2026 Balance of Power: D Senate, R House",balance-of-power-2026-midterms
2025-10-11T00:00:10+00:00,D_Senate_R_House,0.0035,"2026 Balance of Power: D Senate, R House",balance-of-power-2026-midterms
2025-10-12T00:00:11+00:00,D_Senate_R_House,0.018,"2026 Balance of Power: D Senate, R House",balance-of-power-2026-midterms
2025-10-13T00:00:13+00:00,D_Senate_R_House,0.018,"2026 Balance of Power: D Senate, R House",balance-of-power-2026-midterms
2025-10-14T00:00:13+00:00,D_Senate_R_House,0.017,"2026 Balance of Power: D Senate, R House",balance-of-power-2026-midterms
2025-10-15T00:00:15+00:00,D_Senate_R_House,0.017,"2026 Balance of Power: D Senate, R House",balance-of-power-2026-midterms
2025-10-16T00:00:16+00:00,D_Senate_R_House,0.0095,"2026 Balance of Power: D Senate, R House",balance-of-power-2026-midterms
2025-10-17T00:00:11+00:00,D_Senate_R_House,0.0125,"2026 Balance of Power: D Senate, R House",balance-of-power-2026-midterms
2025-10-18T00:00:21+00:00,D_Senate_R_House,0.0145,"2026 Balance of Power: D Senate, R House",balance-of-power-2026-midterms
2025-10-19T00:00:17+00:00,D_Senate_R_House,0.0145,"2026 Balance of Power: D Senate, R House",balance-of-power-2026-midterms
2025-10-20T00:00:12+00:00,D_Senate_R_House,0.0155,"2026 Balance of Power: D Senate, R House",balance-of-power-2026-midterms
2025-10-21T00:00:20+00:00,D_Senate_R_House,0.0155,"2026 Balance of Power: D Senate, R House",balance-of-power-2026-midterms
2025-10-22T00:00:13+00:00,D_Senate_R_House,0.014,"2026 Balance of Power: D Senate, R House",balance-of-power-2026-midterms
2025-10-23T00:00:08+00:00,D_Senate_R_House,0.014,"2026 Balance of Power: D Senate, R House",balance-of-power-2026-midterms
2025-10-24T00:00:12+00:00,D_Senate_R_House,0.0105,"2026 Balance of Power: D Senate, R House",balance-of-power-2026-midterms
2025-10-25T00:00:12+00:00,D_Senate_R_House,0.01,"2026 Balance of Power: D Senate, R House",balance-of-power-2026-midterms
2025-10-26T00:00:13+00:00,D_Senate_R_House,0.01,"2026 Balance of Power: D Senate, R House",balance-of-power-2026-midterms
2025-10-27T00:00:12+00:00,D_Senate_R_House,0.01,"2026 Balance of Power: D Senate, R House",balance-of-power-2026-midterms
2025-10-28T00:00:14+00:00,D_Senate_R_House,0.01,"2026 Balance of Power: D Senate, R House",balance-of-power-2026-midterms
2025-10-29T00:00:13+00:00,D_Senate_R_House,0.0095,"2026 Balance of Power: D Senate, R House",balance-of-power-2026-midterms
2025-10-30T00:00:14+00:00,D_Senate_R_House,0.003,"2026 Balance of Power: D Senate, R House",balance-of-power-2026-midterms
2025-10-31T00:00:09+00:00,D_Senate_R_House,0.0085,"2026 Balance of Power: D Senate, R House",balance-of-power-2026-midterms
2025-11-01T00:00:13+00:00,D_Senate_R_House,0.0095,"2026 Balance of Power: D Senate, R House",balance-of-power-2026-midterms
2025-11-02T00:00:11+00:00,D_Senate_R_House,0.0095,"2026 Balance of Power: D Senate, R House",balance-of-power-2026-midterms
2025-11-03T00:00:11+00:00,D_Senate_R_House,0.012,"2026 Balance of Power: D Senate, R House",balance-of-power-2026-midterms
2025-11-04T00:00:13+00:00,D_Senate_R_House,0.0115,"2026 Balance of Power: D Senate, R House",balance-of-power-2026-midterms
2025-11-05T00:00:13+00:00,D_Senate_R_House,0.012,"2026 Balance of Power: D Senate, R House",balance-of-power-2026-midterms
2025-11-06T00:00:08+00:00,D_Senate_R_House,0.0085,"2026 Balance of Power: D Senate, R House",balance-of-power-2026-midterms
2025-11-07T00:00:13+00:00,D_Senate_R_House,0.008,"2026 Balance of Power: D Senate, R House",balance-of-power-2026-midterms
2025-11-08T00:00:10+00:00,D_Senate_R_House,0.006,"2026 Balance of Power: D Senate, R House",balance-of-power-2026-midterms
2025-11-09T00:00:25+00:00,D_Senate_R_House,0.008,"2026 Balance of Power: D Senate, R House",balance-of-power-2026-midterms
2025-11-10T00:00:09+00:00,D_Senate_R_House,0.0105,"2026 Balance of Power: D Senate, R House",balance-of-power-2026-midterms
2025-11-11T00:00:14+00:00,D_Senate_R_House,0.009,"2026 Balance of Power: D Senate, R House",balance-of-power-2026-midterms
2025-11-12T00:00:13+00:00,D_Senate_R_House,0.0135,"2026 Balance of Power: D Senate, R House",balance-of-power-2026-midterms
2025-11-13T00:00:12+00:00,D_Senate_R_House,0.0145,"2026 Balance of Power: D Senate, R House",balance-of-power-2026-midterms
2025-11-14T00:00:12+00:00,D_Senate_R_House,0.0175,"2026 Balance of Power: D Senate, R House",balance-of-power-2026-midterms
2025-11-15T00:00:14+00:00,D_Senate_R_House,0.0155,"2026 Balance of Power: D Senate, R House",balance-of-power-2026-midterms
2025-11-16T00:00:10+00:00,D_Senate_R_House,0.015,"2026 Balance of Power: D Senate, R House",balance-of-power-2026-midterms
2025-11-17T00:00:12+00:00,D_Senate_R_House,0.015,"2026 Balance of Power: D Senate, R House",balance-of-power-2026-midterms
2025-11-18T00:00:11+00:00,D_Senate_R_House,0.0155,"2026 Balance of Power: D Senate, R House",balance-of-power-2026-midterms
2025-11-19T00:00:14+00:00,D_Senate_R_House,0.015,"2026 Balance of Power: D Senate, R House",balance-of-power-2026-midterms
2025-11-20T00:00:10+00:00,D_Senate_R_House,0.0175,"2026 Balance of Power: D Senate, R House",balance-of-power-2026-midterms
2025-11-21T00:00:16+00:00,D_Senate_R_House,0.0175,"2026 Balance of Power: D Senate, R House",balance-of-power-2026-midterms
2025-11-22T00:00:11+00:00,D_Senate_R_House,0.018,"2026 Balance of Power: D Senate, R House",balance-of-power-2026-midterms
2025-11-23T00:00:11+00:00,D_Senate_R_House,0.018,"2026 Balance of Power: D Senate, R House",balance-of-power-2026-midterms
2025-11-24T00:00:12+00:00,D_Senate_R_House,0.0185,"2026 Balance of Power: D Senate, R House",balance-of-power-2026-midterms
2025-11-25T00:00:13+00:00,D_Senate_R_House,0.0185,"2026 Balance of Power: D Senate, R House",balance-of-power-2026-midterms
2025-11-26T00:00:12+00:00,D_Senate_R_House,0.0155,"2026 Balance of Power: D Senate, R House",balance-of-power-2026-midterms
2025-11-27T00:00:14+00:00,D_Senate_R_House,0.0155,"2026 Balance of Power: D Senate, R House",balance-of-power-2026-midterms
2025-11-28T00:00:13+00:00,D_Senate_R_House,0.016,"2026 Balance of Power: D Senate, R House",balance-of-power-2026-midterms
2025-11-29T00:00:18+00:00,D_Senate_R_House,0.0185,"2026 Balance of Power: D Senate, R House",balance-of-power-2026-midterms
2025-11-30T00:00:13+00:00,D_Senate_R_House,0.0185,"2026 Balance of Power: D Senate, R House",balance-of-power-2026-midterms
2025-12-01T00:00:14+00:00,D_Senate_R_House,0.0185,"2026 Balance of Power: D Senate, R House",balance-of-power-2026-midterms
2025-12-02T00:00:11+00:00,D_Senate_R_House,0.0185,"2026 Balance of Power: D Senate, R House",balance-of-power-2026-midterms
2025-12-03T00:00:16+00:00,D_Senate_R_House,0.0185,"2026 Balance of Power: D Senate, R House",balance-of-power-2026-midterms
2025-12-04T00:00:12+00:00,D_Senate_R_House,0.019,"2026 Balance of Power: D Senate, R House",balance-of-power-2026-midterms
2025-12-05T00:00:13+00:00,D_Senate_R_House,0.0175,"2026 Balance of Power: D Senate, R House",balance-of-power-2026-midterms
2025-12-06T00:00:13+00:00,D_Senate_R_House,0.0175,"2026 Balance of Power: D Senate, R House",balance-of-power-2026-midterms
2025-12-07T00:00:26+00:00,D_Senate_R_House,0.0175,"2026 Balance of Power: D Senate, R House",balance-of-power-2026-midterms
2025-12-08T00:00:25+00:00,D_Senate_R_House,0.018,"2026 Balance of Power: D Senate, R House",balance-of-power-2026-midterms
2025-12-09T00:00:23+00:00,D_Senate_R_House,0.0185,"2026 Balance of Power: D Senate, R House",balance-of-power-2026-midterms
2025-12-10T00:00:12+00:00,D_Senate_R_House,0.0165,"2026 Balance of Power: D Senate, R House",balance-of-power-2026-midterms
2025-12-11T00:00:12+00:00,D_Senate_R_House,0.016,"2026 Balance of Power: D Senate, R House",balance-of-power-2026-midterms
2025-12-12T00:00:12+00:00,D_Senate_R_House,0.016,"2026 Balance of Power: D Senate, R House",balance-of-power-2026-midterms
2025-12-13T00:00:14+00:00,D_Senate_R_House,0.015,"2026 Balance of Power: D Senate, R House",balance-of-power-2026-midterms
2025-12-14T00:00:14+00:00,D_Senate_R_House,0.015,"2026 Balance of Power: D Senate, R House",balance-of-power-2026-midterms
2025-12-15T00:00:15+00:00,D_Senate_R_House,0.018,"2026 Balance of Power: D Senate, R House",balance-of-power-2026-midterms
2025-12-16T00:00:12+00:00,D_Senate_R_House,0.0185,"2026 Balance of Power: D Senate, R House",balance-of-power-2026-midterms
2025-12-17T00:00:09+00:00,D_Senate_R_House,0.016,"2026 Balance of Power: D Senate, R House",balance-of-power-2026-midterms
2025-12-17T00:00:33+00:00,D_Senate_R_House,0.016,"2026 Balance of Power: D Senate, R House",balance-of-power-2026-midterms
2025-12-18T00:00:22+00:00,D_Senate_R_House,0.016,"2026 Balance of Power: D Senate, R House",balance-of-power-2026-midterms
2025-12-19T00:00:13+00:00,D_Senate_R_House,0.015,"2026 Balance of Power: D Senate, R House",balance-of-power-2026-midterms
2025-12-20T00:00:12+00:00,D_Senate_R_House,0.015,"2026 Balance of Power: D Senate, R House",balance-of-power-2026-midterms
2025-12-21T00:00:12+00:00,D_Senate_R_House,0.015,"2026 Balance of Power: D Senate, R House",balance-of-power-2026-midterms
2025-12-22T00:00:12+00:00,D_Senate_R_House,0.015,"2026 Balance of Power: D Senate, R House",balance-of-power-2026-midterms
2025-12-23T00:00:14+00:00,D_Senate_R_House,0.016,"2026 Balance of Power: D Senate, R House",balance-of-power-2026-midterms
2025-12-24T00:00:14+00:00,D_Senate_R_House,0.015,"2026 Balance of Power: D Senate, R House",balance-of-power-2026-midterms
2025-12-25T00:00:24+00:00,D_Senate_R_House,0.015,"2026 Balance of Power: D Senate, R House",balance-of-power-2026-midterms
2025-12-26T00:00:11+00:00,D_Senate_R_House,0.016,"2026 Balance of Power: D Senate, R House",balance-of-power-2026-midterms
2025-12-27T00:00:14+00:00,D_Senate_R_House,0.016,"2026 Balance of Power: D Senate, R House",balance-of-power-2026-midterms
2025-12-28T00:00:14+00:00,D_Senate_R_House,0.016,"2026 Balance of Power: D Senate, R House",balance-of-power-2026-midterms
2025-12-29T00:00:30+00:00,D_Senate_R_House,0.0165,"2026 Balance of Power: D Senate, R House",balance-of-power-2026-midterms
2025-12-30T00:00:17+00:00,D_Senate_R_House,0.0165,"2026 Balance of Power: D Senate, R House",balance-of-power-2026-midterms
2025-12-31T00:00:14+00:00,D_Senate_R_House,0.015,"2026 Balance of Power: D Senate, R House",balance-of-power-2026-midterms
2026-01-01T00:00:14+00:00,D_Senate_R_House,0.016,"2026 Balance of Power: D Senate, R House",balance-of-power-2026-midterms
2026-01-02T00:00:13+00:00,D_Senate_R_House,0.0155,"2026 Balance of Power: D Senate, R House",balance-of-power-2026-midterms
2026-01-03T00:00:13+00:00,D_Senate_R_House,0.0155,"2026 Balance of Power: D Senate, R House",balance-of-power-2026-midterms
2026-01-04T00:00:14+00:00,D_Senate_R_House,0.0155,"2026 Balance of Power: D Senate, R House",balance-of-power-2026-midterms
2026-01-05T00:00:16+00:00,D_Senate_R_House,0.017,"2026 Balance of Power: D Senate, R House",balance-of-power-2026-midterms
2026-01-06T00:00:17+00:00,D_Senate_R_House,0.017,"2026 Balance of Power: D Senate, R House",balance-of-power-2026-midterms
2026-01-07T00:00:15+00:00,D_Senate_R_House,0.017,"2026 Balance of Power: D Senate, R House",balance-of-power-2026-midterms
2026-01-08T00:00:30+00:00,D_Senate_R_House,0.017,"2026 Balance of Power: D Senate, R House",balance-of-power-2026-midterms
2026-01-09T00:00:15+00:00,D_Senate_R_House,0.017,"2026 Balance of Power: D Senate, R House",balance-of-power-2026-midterms
2026-01-10T00:00:16+00:00,D_Senate_R_House,0.015,"2026 Balance of Power: D Senate, R House",balance-of-power-2026-midterms
2026-01-11T00:00:14+00:00,D_Senate_R_House,0.0145,"2026 Balance of Power: D Senate, R House",balance-of-power-2026-midterms
2026-01-12T00:00:16+00:00,D_Senate_R_House,0.016,"2026 Balance of Power: D Senate, R House",balance-of-power-2026-midterms
2026-01-13T00:00:16+00:00,D_Senate_R_House,0.016,"2026 Balance of Power: D Senate, R House",balance-of-power-2026-midterms
2026-01-14T00:00:16+00:00,D_Senate_R_House,0.0165,"2026 Balance of Power: D Senate, R House",balance-of-power-2026-midterms
2026-01-15T00:00:17+00:00,D_Senate_R_House,0.0165,"2026 Balance of Power: D Senate, R House",balance-of-power-2026-midterms
2026-01-16T00:00:20+00:00,D_Senate_R_House,0.0165,"2026 Balance of Power: D Senate, R House",balance-of-power-2026-midterms
2026-01-17T00:00:18+00:00,D_Senate_R_House,0.0115,"2026 Balance of Power: D Senate, R House",balance-of-power-2026-midterms
2026-01-18T00:00:25+00:00,D_Senate_R_House,0.0125,"2026 Balance of Power: D Senate, R House",balance-of-power-2026-midterms
2026-01-19T00:00:15+00:00,D_Senate_R_House,0.013,"2026 Balance of Power: D Senate, R House",balance-of-power-2026-midterms
2026-01-20T00:00:17+00:00,D_Senate_R_House,0.0135,"2026 Balance of Power: D Senate, R House",balance-of-power-2026-midterms
2026-01-21T00:00:18+00:00,D_Senate_R_House,0.0125,"2026 Balance of Power: D Senate, R House",balance-of-power-2026-midterms
2026-01-22T00:00:24+00:00,D_Senate_R_House,0.017,"2026 Balance of Power: D Senate, R House",balance-of-power-2026-midterms
2026-01-23T00:00:34+00:00,D_Senate_R_House,0.017,"2026 Balance of Power: D Senate, R House",balance-of-power-2026-midterms
2026-01-24T00:00:26+00:00,D_Senate_R_House,0.012,"2026 Balance of Power: D Senate, R House",balance-of-power-2026-midterms
2026-01-25T00:00:36+00:00,D_Senate_R_House,0.01,"2026 Balance of Power: D Senate, R House",balance-of-power-2026-midterms
2026-01-26T00:00:34+00:00,D_Senate_R_House,0.009,"2026 Balance of Power: D Senate, R House",balance-of-power-2026-midterms
2026-01-27T00:00:30+00:00,D_Senate_R_House,0.009,"2026 Balance of Power: D Senate, R House",balance-of-power-2026-midterms
2026-01-28T00:00:20+00:00,D_Senate_R_House,0.0085,"2026 Balance of Power: D Senate, R House",balance-of-power-2026-midterms
2026-01-29T00:00:35+00:00,D_Senate_R_House,0.0085,"2026 Balance of Power: D Senate, R House",balance-of-power-2026-midterms
2026-01-30T00:00:23+00:00,D_Senate_R_House,0.0115,"2026 Balance of Power: D Senate, R House",balance-of-power-2026-midterms
2026-01-31T00:00:22+00:00,D_Senate_R_House,0.012,"2026 Balance of Power: D Senate, R House",balance-of-power-2026-midterms
2026-02-01T00:00:28+00:00,D_Senate_R_House,0.0095,"2026 Balance of Power: D Senate, R House",balance-of-power-2026-midterms
2026-02-02T00:00:22+00:00,D_Senate_R_House,0.009,"2026 Balance of Power: D Senate, R House",balance-of-power-2026-midterms
2026-02-03T00:00:23+00:00,D_Senate_R_House,0.0085,"2026 Balance of Power: D Senate, R House",balance-of-power-2026-midterms
2026-02-04T00:00:34+00:00,D_Senate_R_House,0.012,"2026 Balance of Power: D Senate, R House",balance-of-power-2026-midterms
2026-02-05T00:00:21+00:00,D_Senate_R_House,0.012,"2026 Balance of Power: D Senate, R House",balance-of-power-2026-midterms
2026-02-06T00:00:26+00:00,D_Senate_R_House,0.012,"2026 Balance of Power: D Senate, R House",balance-of-power-2026-midterms
2026-02-07T00:00:31+00:00,D_Senate_R_House,0.0125,"2026 Balance of Power: D Senate, R House",balance-of-power-2026-midterms
2026-02-08T00:00:28+00:00,D_Senate_R_House,0.0135,"2026 Balance of Power: D Senate, R House",balance-of-power-2026-midterms
2026-02-09T00:00:27+00:00,D_Senate_R_House,0.0115,"2026 Balance of Power: D Senate, R House",balance-of-power-2026-midterms
2026-02-10T00:00:28+00:00,D_Senate_R_House,0.0125,"2026 Balance of Power: D Senate, R House",balance-of-power-2026-midterms
2026-02-11T00:00:29+00:00,D_Senate_R_House,0.011,"2026 Balance of Power: D Senate, R House",balance-of-power-2026-midterms
2026-02-12T00:00:40+00:00,D_Senate_R_House,0.0125,"2026 Balance of Power: D Senate, R House",balance-of-power-2026-midterms
2026-02-13T00:00:28+00:00,D_Senate_R_House,0.0135,"2026 Balance of Power: D Senate, R House",balance-of-power-2026-midterms
2026-02-14T00:00:32+00:00,D_Senate_R_House,0.0155,"2026 Balance of Power: D Senate, R House",balance-of-power-2026-midterms
2026-02-15T00:00:30+00:00,D_Senate_R_House,0.014,"2026 Balance of Power: D Senate, R House",balance-of-power-2026-midterms
2026-02-16T00:00:42+00:00,D_Senate_R_House,0.015,"2026 Balance of Power: D Senate, R House",balance-of-power-2026-midterms
2026-02-17T00:00:32+00:00,D_Senate_R_House,0.012,"2026 Balance of Power: D Senate, R House",balance-of-power-2026-midterms
2026-02-18T00:00:34+00:00,D_Senate_R_House,0.0145,"2026 Balance of Power: D Senate, R House",balance-of-power-2026-midterms
2026-02-19T00:00:35+00:00,D_Senate_R_House,0.0145,"2026 Balance of Power: D Senate, R House",balance-of-power-2026-midterms
2026-02-20T00:00:34+00:00,D_Senate_R_House,0.0145,"2026 Balance of Power: D Senate, R House",balance-of-power-2026-midterms
2026-02-21T00:00:25+00:00,D_Senate_R_House,0.0145,"2026 Balance of Power: D Senate, R House",balance-of-power-2026-midterms
2026-02-22T00:00:25+00:00,D_Senate_R_House,0.016,"2026 Balance of Power: D Senate, R House",balance-of-power-2026-midterms
2026-02-23T00:00:28+00:00,D_Senate_R_House,0.015,"2026 Balance of Power: D Senate, R House",balance-of-power-2026-midterms
2026-02-24T00:00:28+00:00,D_Senate_R_House,0.0155,"2026 Balance of Power: D Senate, R House",balance-of-power-2026-midterms
2026-02-25T00:00:31+00:00,D_Senate_R_House,0.015,"2026 Balance of Power: D Senate, R House",balance-of-power-2026-midterms
2026-02-26T00:00:30+00:00,D_Senate_R_House,0.016,"2026 Balance of Power: D Senate, R House",balance-of-power-2026-midterms
2026-02-27T00:00:33+00:00,D_Senate_R_House,0.0175,"2026 Balance of Power: D Senate, R House",balance-of-power-2026-midterms
2026-02-28T00:00:35+00:00,D_Senate_R_House,0.015,"2026 Balance of Power: D Senate, R House",balance-of-power-2026-midterms
2026-03-01T00:00:43+00:00,D_Senate_R_House,0.0195,"2026 Balance of Power: D Senate, R House",balance-of-power-2026-midterms
2026-03-02T00:00:46+00:00,D_Senate_R_House,0.016,"2026 Balance of Power: D Senate, R House",balance-of-power-2026-midterms
2026-03-03T00:00:37+00:00,D_Senate_R_House,0.0155,"2026 Balance of Power: D Senate, R House",balance-of-power-2026-midterms
2026-03-04T00:00:38+00:00,D_Senate_R_House,0.0165,"2026 Balance of Power: D Senate, R House",balance-of-power-2026-midterms
2026-03-05T00:00:36+00:00,D_Senate_R_House,0.0145,"2026 Balance of Power: D Senate, R House",balance-of-power-2026-midterms
2026-03-06T00:00:34+00:00,D_Senate_R_House,0.014,"2026 Balance of Power: D Senate, R House",balance-of-power-2026-midterms
2026-03-07T00:00:39+00:00,D_Senate_R_House,0.0145,"2026 Balance of Power: D Senate, R House",balance-of-power-2026-midterms
2026-03-08T00:00:32+00:00,D_Senate_R_House,0.0145,"2026 Balance of Power: D Senate, R House",balance-of-power-2026-midterms
2026-03-09T00:00:28+00:00,D_Senate_R_House,0.014,"2026 Balance of Power: D Senate, R House",balance-of-power-2026-midterms
2026-03-10T00:00:34+00:00,D_Senate_R_House,0.0105,"2026 Balance of Power: D Senate, R House",balance-of-power-2026-midterms
2026-03-11T00:00:37+00:00,D_Senate_R_House,0.0095,"2026 Balance of Power: D Senate, R House",balance-of-power-2026-midterms
2026-03-12T00:00:37+00:00,D_Senate_R_House,0.0085,"2026 Balance of Power: D Senate, R House",balance-of-power-2026-midterms
2026-03-13T00:00:53+00:00,D_Senate_R_House,0.0075,"2026 Balance of Power: D Senate, R House",balance-of-power-2026-midterms
2026-03-14T00:00:33+00:00,D_Senate_R_House,0.0065,"2026 Balance of Power: D Senate, R House",balance-of-power-2026-midterms
2026-03-15T00:00:33+00:00,D_Senate_R_House,0.0055,"2026 Balance of Power: D Senate, R House",balance-of-power-2026-midterms
2026-03-16T00:00:47+00:00,D_Senate_R_House,0.0065,"2026 Balance of Power: D Senate, R House",balance-of-power-2026-midterms
2026-03-17T00:00:31+00:00,D_Senate_R_House,0.0075,"2026 Balance of Power: D Senate, R House",balance-of-power-2026-midterms
2026-03-18T00:00:32+00:00,D_Senate_R_House,0.0055,"2026 Balance of Power: D Senate, R House",balance-of-power-2026-midterms
2026-03-19T00:00:37+00:00,D_Senate_R_House,0.006,"2026 Balance of Power: D Senate, R House",balance-of-power-2026-midterms
2026-03-20T00:00:37+00:00,D_Senate_R_House,0.0065,"2026 Balance of Power: D Senate, R House",balance-of-power-2026-midterms
2026-03-21T00:00:34+00:00,D_Senate_R_House,0.006,"2026 Balance of Power: D Senate, R House",balance-of-power-2026-midterms
2026-03-22T00:00:32+00:00,D_Senate_R_House,0.0065,"2026 Balance of Power: D Senate, R House",balance-of-power-2026-midterms
2026-03-23T00:00:26+00:00,D_Senate_R_House,0.0055,"2026 Balance of Power: D Senate, R House",balance-of-power-2026-midterms
2026-03-24T00:00:24+00:00,D_Senate_R_House,0.008,"2026 Balance of Power: D Senate, R House",balance-of-power-2026-midterms
2026-03-25T00:00:40+00:00,D_Senate_R_House,0.0055,"2026 Balance of Power: D Senate, R House",balance-of-power-2026-midterms
2026-03-26T00:00:44+00:00,D_Senate_R_House,0.0065,"2026 Balance of Power: D Senate, R House",balance-of-power-2026-midterms
2026-03-27T00:00:38+00:00,D_Senate_R_House,0.007,"2026 Balance of Power: D Senate, R House",balance-of-power-2026-midterms
2026-03-28T00:00:40+00:00,D_Senate_R_House,0.0065,"2026 Balance of Power: D Senate, R House",balance-of-power-2026-midterms
2026-03-29T00:00:44+00:00,D_Senate_R_House,0.007,"2026 Balance of Power: D Senate, R House",balance-of-power-2026-midterms
2026-03-30T00:00:58+00:00,D_Senate_R_House,0.007,"2026 Balance of Power: D Senate, R House",balance-of-power-2026-midterms
2026-03-31T00:00:53+00:00,D_Senate_R_House,0.0085,"2026 Balance of Power: D Senate, R House",balance-of-power-2026-midterms
2026-04-01T00:00:58+00:00,D_Senate_R_House,0.0075,"2026 Balance of Power: D Senate, R House",balance-of-power-2026-midterms
2026-04-02T00:00:54+00:00,D_Senate_R_House,0.009,"2026 Balance of Power: D Senate, R House",balance-of-power-2026-midterms
2026-04-07T00:00:59+00:00,D_Senate_R_House,0.0055,"2026 Balance of Power: D Senate, R House",balance-of-power-2026-midterms
2026-04-09T00:00:19+00:00,D_Senate_R_House,0.005,"2026 Balance of Power: D Senate, R House",balance-of-power-2026-midterms
2026-04-19T00:00:54+00:00,D_Senate_R_House,0.0065,"2026 Balance of Power: D Senate, R House",balance-of-power-2026-midterms
2026-04-20T00:00:58+00:00,D_Senate_R_House,0.0065,"2026 Balance of Power: D Senate, R House",balance-of-power-2026-midterms
2026-04-21T00:00:59+00:00,D_Senate_R_House,0.0075,"2026 Balance of Power: D Senate, R House",balance-of-power-2026-midterms
2026-04-22T00:00:05+00:00,D_Senate_R_House,0.007,"2026 Balance of Power: D Senate, R House",balance-of-power-2026-midterms
2026-04-23T00:00:05+00:00,D_Senate_R_House,0.0045,"2026 Balance of Power: D Senate, R House",balance-of-power-2026-midterms
2026-04-24T00:00:18+00:00,D_Senate_R_House,0.005,"2026 Balance of Power: D Senate, R House",balance-of-power-2026-midterms
2026-04-25T00:00:10+00:00,D_Senate_R_House,0.0045,"2026 Balance of Power: D Senate, R House",balance-of-power-2026-midterms
2026-04-26T00:00:04+00:00,D_Senate_R_House,0.0065,"2026 Balance of Power: D Senate, R House",balance-of-power-2026-midterms
2026-04-27T00:00:04+00:00,D_Senate_R_House,0.0065,"2026 Balance of Power: D Senate, R House",balance-of-power-2026-midterms
2026-04-28T00:00:04+00:00,D_Senate_R_House,0.006,"2026 Balance of Power: D Senate, R House",balance-of-power-2026-midterms
2026-04-29T00:00:03+00:00,D_Senate_R_House,0.0065,"2026 Balance of Power: D Senate, R House",balance-of-power-2026-midterms
2026-04-30T00:00:05+00:00,D_Senate_R_House,0.007,"2026 Balance of Power: D Senate, R House",balance-of-power-2026-midterms
2026-05-01T00:00:04+00:00,D_Senate_R_House,0.0085,"2026 Balance of Power: D Senate, R House",balance-of-power-2026-midterms
2026-05-02T00:00:04+00:00,D_Senate_R_House,0.0095,"2026 Balance of Power: D Senate, R House",balance-of-power-2026-midterms
2026-05-03T00:00:06+00:00,D_Senate_R_House,0.009,"2026 Balance of Power: D Senate, R House",balance-of-power-2026-midterms
2026-05-04T00:00:04+00:00,D_Senate_R_House,0.0095,"2026 Balance of Power: D Senate, R House",balance-of-power-2026-midterms
2026-05-05T00:00:17+00:00,D_Senate_R_House,0.0115,"2026 Balance of Power: D Senate, R House",balance-of-power-2026-midterms
2026-05-06T00:00:06+00:00,D_Senate_R_House,0.0165,"2026 Balance of Power: D Senate, R House",balance-of-power-2026-midterms
2026-05-07T00:00:05+00:00,D_Senate_R_House,0.0125,"2026 Balance of Power: D Senate, R House",balance-of-power-2026-midterms
2026-05-08T00:00:03+00:00,D_Senate_R_House,0.0165,"2026 Balance of Power: D Senate, R House",balance-of-power-2026-midterms
2026-05-09T00:00:22+00:00,D_Senate_R_House,0.0235,"2026 Balance of Power: D Senate, R House",balance-of-power-2026-midterms
2026-05-10T00:00:04+00:00,D_Senate_R_House,0.022,"2026 Balance of Power: D Senate, R House",balance-of-power-2026-midterms
2026-05-11T00:00:08+00:00,D_Senate_R_House,0.0175,"2026 Balance of Power: D Senate, R House",balance-of-power-2026-midterms
2026-05-12T00:00:04+00:00,D_Senate_R_House,0.0155,"2026 Balance of Power: D Senate, R House",balance-of-power-2026-midterms
2026-05-13T00:00:08+00:00,D_Senate_R_House,0.0135,"2026 Balance of Power: D Senate, R House",balance-of-power-2026-midterms
2026-05-14T00:00:08+00:00,D_Senate_R_House,0.0175,"2026 Balance of Power: D Senate, R House",balance-of-power-2026-midterms
2026-05-15T00:00:06+00:00,D_Senate_R_House,0.0165,"2026 Balance of Power: D Senate, R House",balance-of-power-2026-midterms
2026-05-16T00:00:12+00:00,D_Senate_R_House,0.015,"2026 Balance of Power: D Senate, R House",balance-of-power-2026-midterms
2026-05-17T00:00:23+00:00,D_Senate_R_House,0.0155,"2026 Balance of Power: D Senate, R House",balance-of-power-2026-midterms
2026-05-18T00:00:07+00:00,D_Senate_R_House,0.0175,"2026 Balance of Power: D Senate, R House",balance-of-power-2026-midterms
2026-05-19T00:00:05+00:00,D_Senate_R_House,0.0165,"2026 Balance of Power: D Senate, R House",balance-of-power-2026-midterms
2026-05-20T00:00:08+00:00,D_Senate_R_House,0.0165,"2026 Balance of Power: D Senate, R House",balance-of-power-2026-midterms
2026-05-21T00:00:05+00:00,D_Senate_R_House,0.0165,"2026 Balance of Power: D Senate, R House",balance-of-power-2026-midterms
2026-05-22T00:00:09+00:00,D_Senate_R_House,0.0165,"2026 Balance of Power: D Senate, R House",balance-of-power-2026-midterms
2026-05-23T00:00:06+00:00,D_Senate_R_House,0.0205,"2026 Balance of Power: D Senate, R House",balance-of-power-2026-midterms
2026-05-24T00:00:04+00:00,D_Senate_R_House,0.0215,"2026 Balance of Power: D Senate, R House",balance-of-power-2026-midterms
2026-05-25T00:00:04+00:00,D_Senate_R_House,0.0215,"2026 Balance of Power: D Senate, R House",balance-of-power-2026-midterms
2026-05-26T00:00:04+00:00,D_Senate_R_House,0.0235,"2026 Balance of Power: D Senate, R House",balance-of-power-2026-midterms
2026-05-27T00:00:05+00:00,D_Senate_R_House,0.0215,"2026 Balance of Power: D Senate, R House",balance-of-power-2026-midterms
2026-05-28T00:00:05+00:00,D_Senate_R_House,0.0225,"2026 Balance of Power: D Senate, R House",balance-of-power-2026-midterms
2026-05-29T00:00:07+00:00,D_Senate_R_House,0.0235,"2026 Balance of Power: D Senate, R House",balance-of-power-2026-midterms
2026-05-30T00:00:18+00:00,D_Senate_R_House,0.0265,"2026 Balance of Power: D Senate, R House",balance-of-power-2026-midterms
2026-05-31T00:00:07+00:00,D_Senate_R_House,0.024,"2026 Balance of Power: D Senate, R House",balance-of-power-2026-midterms
2026-06-01T00:00:03+00:00,D_Senate_R_House,0.025,"2026 Balance of Power: D Senate, R House",balance-of-power-2026-midterms
2026-06-02T00:00:05+00:00,D_Senate_R_House,0.022,"2026 Balance of Power: D Senate, R House",balance-of-power-2026-midterms
2026-06-03T00:00:05+00:00,D_Senate_R_House,0.018,"2026 Balance of Power: D Senate, R House",balance-of-power-2026-midterms
2026-06-04T00:00:03+00:00,D_Senate_R_House,0.0185,"2026 Balance of Power: D Senate, R House",balance-of-power-2026-midterms
2026-06-05T00:00:18+00:00,D_Senate_R_House,0.0185,"2026 Balance of Power: D Senate, R House",balance-of-power-2026-midterms
2026-06-06T00:00:03+00:00,D_Senate_R_House,0.019,"2026 Balance of Power: D Senate, R House",balance-of-power-2026-midterms
2026-06-07T00:00:13+00:00,D_Senate_R_House,0.0185,"2026 Balance of Power: D Senate, R House",balance-of-power-2026-midterms
2026-06-08T00:00:03+00:00,D_Senate_R_House,0.0185,"2026 Balance of Power: D Senate, R House",balance-of-power-2026-midterms
2026-06-09T00:00:03+00:00,D_Senate_R_House,0.0185,"2026 Balance of Power: D Senate, R House",balance-of-power-2026-midterms
2026-06-10T00:00:04+00:00,D_Senate_R_House,0.0195,"2026 Balance of Power: D Senate, R House",balance-of-power-2026-midterms
2026-06-11T00:00:05+00:00,D_Senate_R_House,0.0195,"2026 Balance of Power: D Senate, R House",balance-of-power-2026-midterms
2026-06-12T00:00:04+00:00,D_Senate_R_House,0.0195,"2026 Balance of Power: D Senate, R House",balance-of-power-2026-midterms
2026-06-13T00:00:04+00:00,D_Senate_R_House,0.0195,"2026 Balance of Power: D Senate, R House",balance-of-power-2026-midterms
2026-06-14T00:00:07+00:00,D_Senate_R_House,0.0195,"2026 Balance of Power: D Senate, R House",balance-of-power-2026-midterms
2026-06-15T00:00:03+00:00,D_Senate_R_House,0.0195,"2026 Balance of Power: D Senate, R House",balance-of-power-2026-midterms
2026-06-16T00:00:06+00:00,D_Senate_R_House,0.0195,"2026 Balance of Power: D Senate, R House",balance-of-power-2026-midterms
2026-06-17T00:00:05+00:00,D_Senate_R_House,0.0195,"2026 Balance of Power: D Senate, R House",balance-of-power-2026-midterms
2026-06-18T00:00:16+00:00,D_Senate_R_House,0.0165,"2026 Balance of Power: D Senate, R House",balance-of-power-2026-midterms
2026-06-19T00:00:21+00:00,D_Senate_R_House,0.0185,"2026 Balance of Power: D Senate, R House",balance-of-power-2026-midterms
2026-06-20T00:00:04+00:00,D_Senate_R_House,0.0185,"2026 Balance of Power: D Senate, R House",balance-of-power-2026-midterms
2026-06-21T00:00:06+00:00,D_Senate_R_House,0.0185,"2026 Balance of Power: D Senate, R House",balance-of-power-2026-midterms
2026-06-22T00:00:05+00:00,D_Senate_R_House,0.024,"2026 Balance of Power: D Senate, R House",balance-of-power-2026-midterms
2026-06-23T00:00:04+00:00,D_Senate_R_House,0.0235,"2026 Balance of Power: D Senate, R House",balance-of-power-2026-midterms
2026-06-24T00:00:04+00:00,D_Senate_R_House,0.0235,"2026 Balance of Power: D Senate, R House",balance-of-power-2026-midterms
2026-06-25T00:00:04+00:00,D_Senate_R_House,0.0235,"2026 Balance of Power: D Senate, R House",balance-of-power-2026-midterms
2026-06-26T00:00:03+00:00,D_Senate_R_House,0.0225,"2026 Balance of Power: D Senate, R House",balance-of-power-2026-midterms
2026-06-27T00:00:04+00:00,D_Senate_R_House,0.0235,"2026 Balance of Power: D Senate, R House",balance-of-power-2026-midterms
2026-06-28T00:00:04+00:00,D_Senate_R_House,0.0225,"2026 Balance of Power: D Senate, R House",balance-of-power-2026-midterms
2026-06-29T00:00:03+00:00,D_Senate_R_House,0.0205,"2026 Balance of Power: D Senate, R House",balance-of-power-2026-midterms
2026-06-30T00:00:04+00:00,D_Senate_R_House,0.0175,"2026 Balance of Power: D Senate, R House",balance-of-power-2026-midterms
2026-07-01T00:00:03+00:00,D_Senate_R_House,0.0195,"2026 Balance of Power: D Senate, R House",balance-of-power-2026-midterms
2026-07-02T00:00:04+00:00,D_Senate_R_House,0.0195,"2026 Balance of Power: D Senate, R House",balance-of-power-2026-midterms
2026-07-03T00:00:04+00:00,D_Senate_R_House,0.0195,"2026 Balance of Power: D Senate, R House",balance-of-power-2026-midterms
2026-07-04T00:00:03+00:00,D_Senate_R_House,0.0195,"2026 Balance of Power: D Senate, R House",balance-of-power-2026-midterms
2026-07-05T00:00:03+00:00,D_Senate_R_House,0.0195,"2026 Balance of Power: D Senate, R House",balance-of-power-2026-midterms
2026-07-06T00:00:04+00:00,D_Senate_R_House,0.0195,"2026 Balance of Power: D Senate, R House",balance-of-power-2026-midterms
2026-07-07T00:00:08+00:00,D_Senate_R_House,0.0215,"2026 Balance of Power: D Senate, R House",balance-of-power-2026-midterms
2026-07-08T00:00:04+00:00,D_Senate_R_House,0.0185,"2026 Balance of Power: D Senate, R House",balance-of-power-2026-midterms
2026-07-09T00:00:08+00:00,D_Senate_R_House,0.0175,"2026 Balance of Power: D Senate, R House",balance-of-power-2026-midterms
2026-07-10T00:00:05+00:00,D_Senate_R_House,0.0175,"2026 Balance of Power: D Senate, R House",balance-of-power-2026-midterms
2026-07-11T00:00:06+00:00,D_Senate_R_House,0.0175,"2026 Balance of Power: D Senate, R House",balance-of-power-2026-midterms
2026-07-12T00:00:18+00:00,D_Senate_R_House,0.0225,"2026 Balance of Power: D Senate, R House",balance-of-power-2026-midterms
2026-07-13T00:00:06+00:00,D_Senate_R_House,0.02,"2026 Balance of Power: D Senate, R House",balance-of-power-2026-midterms
2026-07-14T00:00:05+00:00,D_Senate_R_House,0.021,"2026 Balance of Power: D Senate, R House",balance-of-power-2026-midterms
2026-07-15T00:00:05+00:00,D_Senate_R_House,0.0175,"2026 Balance of Power: D Senate, R House",balance-of-power-2026-midterms
2026-07-16T00:00:04+00:00,D_Senate_R_House,0.0175,"2026 Balance of Power: D Senate, R House",balance-of-power-2026-midterms
2026-07-17T00:00:06+00:00,D_Senate_R_House,0.017,"2026 Balance of Power: D Senate, R House",balance-of-power-2026-midterms
2026-07-18T00:00:04+00:00,D_Senate_R_House,0.0165,"2026 Balance of Power: D Senate, R House",balance-of-power-2026-midterms
2026-07-19T00:00:05+00:00,D_Senate_R_House,0.0175,"2026 Balance of Power: D Senate, R House",balance-of-power-2026-midterms
2026-07-20T00:00:18+00:00,D_Senate_R_House,0.0175,"2026 Balance of Power: D Senate, R House",balance-of-power-2026-midterms
2026-07-21T00:00:06+00:00,D_Senate_R_House,0.0175,"2026 Balance of Power: D Senate, R House",balance-of-power-2026-midterms
2026-07-22T00:00:05+00:00,D_Senate_R_House,0.0175,"2026 Balance of Power: D Senate, R House",balance-of-power-2026-midterms
2026-07-23T00:00:07+00:00,D_Senate_R_House,0.0165,"2026 Balance of Power: D Senate, R House",balance-of-power-2026-midterms
2026-07-24T00:00:10+00:00,D_Senate_R_House,0.0165,"2026 Balance of Power: D Senate, R House",balance-of-power-2026-midterms
2026-07-25T00:00:10+00:00,D_Senate_R_House,0.0165,"2026 Balance of Power: D Senate, R House",balance-of-power-2026-midterms
2026-07-26T00:00:11+00:00,D_Senate_R_House,0.0165,"2026 Balance of Power: D Senate, R House",balance-of-power-2026-midterms
2026-07-27T00:00:05+00:00,D_Senate_R_House,0.0165,"2026 Balance of Power: D Senate, R House",balance-of-power-2026-midterms
2026-07-28T00:00:07+00:00,D_Senate_R_House,0.0165,"2026 Balance of Power: D Senate, R House",balance-of-power-2026-midterms
2026-07-29T00:00:36+00:00,D_Senate_R_House,0.0165,"2026 Balance of Power: D Senate, R House",balance-of-power-2026-midterms
2026-07-30T00:00:23+00:00,D_Senate_R_House,0.0165,"2026 Balance of Power: D Senate, R House",balance-of-power-2026-midterms
2026-07-31T00:00:20+00:00,D_Senate_R_House,0.0155,"2026 Balance of Power: D Senate, R House",balance-of-power-2026-midterms
2026-08-01T00:00:12+00:00,D_Senate_R_House,0.0135,"2026 Balance of Power: D Senate, R House",balance-of-power-2026-midterms
2026-08-02T00:00:12+00:00,D_Senate_R_House,0.0125,"2026 Balance of Power: D Senate, R House",balance-of-power-2026-midterms
2026-08-03T00:00:10+00:00,D_Senate_R_House,0.0115,"2026 Balance of Power: D Senate, R House",balance-of-power-2026-midterms
2026-08-04T00:00:11+00:00,D_Senate_R_House,0.0125,"2026 Balance of Power: D Senate, R House",balance-of-power-2026-midterms
2026-08-05T00:00:12+00:00,D_Senate_R_House,0.0115,"2026 Balance of Power: D Senate, R House",balance-of-power-2026-midterms
2026-08-06T00:00:09+00:00,D_Senate_R_House,0.0115,"2026 Balance of Power: D Senate, R House",balance-of-power-2026-midterms
2026-08-07T00:00:11+00:00,D_Senate_R_House,0.0125,"2026 Balance of Power: D Senate, R House",balance-of-power-2026-midterms
2026-08-08T00:00:14+00:00,D_Senate_R_House,0.013,"2026 Balance of Power: D Senate, R House",balance-of-power-2026-midterms
2026-08-09T00:00:24+00:00,D_Senate_R_House,0.013,"2026 Balance of Power: D Senate, R House",balance-of-power-2026-midterms
2026-08-10T00:00:15+00:00,D_Senate_R_House,0.012,"2026 Balance of Power: D Senate, R House",balance-of-power-2026-midterms
2026-08-11T00:00:20+00:00,D_Senate_R_House,0.0195,"2026 Balance of Power: D Senate, R House",balance-of-power-2026-midterms
2026-08-12T00:00:12+00:00,D_Senate_R_House,0.0205,"2026 Balance of Power: D Senate, R House",balance-of-power-2026-midterms
2026-08-13T00:00:16+00:00,D_Senate_R_House,0.0155,"2026 Balance of Power: D Senate, R House",balance-of-power-2026-midterms
2026-08-14T00:00:15+00:00,D_Senate_R_House,0.0125,"2026 Balance of Power: D Senate, R House",balance-of-power-2026-midterms
2026-08-15T00:00:14+00:00,D_Senate_R_House,0.0125,"2026 Balance of Power: D Senate, R House",balance-of-power-2026-midterms
2026-08-16T00:00:15+00:00,D_Senate_R_House,0.0095,"2026 Balance of Power: D Senate, R House",balance-of-power-2026-midterms
2026-08-17T00:00:16+00:00,D_Senate_R_House,0.0095,"2026 Balance of Power: D Senate, R House",balance-of-power-2026-midterms
2026-08-18T00:00:26+00:00,D_Senate_R_House,0.0115,"2026 Balance of Power: D Senate, R House",balance-of-power-2026-midterms
2026-08-19T00:00:16+00:00,D_Senate_R_House,0.0125,"2026 Balance of Power: D Senate, R House",balance-of-power-2026-midterms
2026-08-20T00:00:19+00:00,D_Senate_R_House,0.01,"2026 Balance of Power: D Senate, R House",balance-of-power-2026-midterms
2026-08-21T00:00:16+00:00,D_Senate_R_House,0.0105,"2026 Balance of Power: D Senate, R House",balance-of-power-2026-midterms
2026-08-22T00:00:15+00:00,D_Senate_R_House,0.009,"2026 Balance of Power: D Senate, R House",balance-of-power-2026-midterms
2026-08-23T00:00:14+00:00,D_Senate_R_House,0.0085,"2026 Balance of Power: D Senate, R House",balance-of-power-2026-midterms
2026-08-24T00:00:17+00:00,D_Senate_R_House,0.0105,"2026 Balance of Power: D Senate, R House",balance-of-power-2026-midterms
2026-08-25T00:00:16+00:00,D_Senate_R_House,0.01,"2026 Balance of Power: D Senate, R House",balance-of-power-2026-midterms
2026-08-26T00:00:16+00:00,D_Senate_R_House,0.0105,"2026 Balance of Power: D Senate, R House",balance-of-power-2026-midterms
2026-08-27T00:00:17+00:00,D_Senate_R_House,0.01,"2026 Balance of Power: D Senate, R House",balance-of-power-2026-midterms
2026-08-28T00:00:16+00:00,D_Senate_R_House,0.0095,"2026 Balance of Power: D Senate, R House",balance-of-power-2026-midterms
2026-08-29T00:00:17+00:00,D_Senate_R_House,0.0095,"2026 Balance of Power: D Senate, R House",balance-of-power-2026-midterms
2026-08-30T00:00:16+00:00,D_Senate_R_House,0.0095,"2026 Balance of Power: D Senate, R House",balance-of-power-2026-midterms
2026-08-31T00:00:17+00:00,D_Senate_R_House,0.0095,"2026 Balance of Power: D Senate, R House",balance-of-power-2026-midterms
2026-09-01T00:00:27+00:00,D_Senate_R_House,0.0085,"2026 Balance of Power: D Senate, R House",balance-of-power-2026-midterms
2026-09-02T00:00:15+00:00,D_Senate_R_House,0.0085,"2026 Balance of Power: D Senate, R House",balance-of-power-2026-midterms
2026-09-03T00:00:19+00:00,D_Senate_R_House,0.009,"2026 Balance of Power: D Senate, R House",balance-of-power-2026-midterms
2026-09-04T00:00:17+00:00,D_Senate_R_House,0.0095,"2026 Balance of Power: D Senate, R House",balance-of-power-2026-midterms
2026-09-05T00:00:16+00:00,D_Senate_R_House,0.0095,"2026 Balance of Power: D Senate, R House",balance-of-power-2026-midterms
2026-09-06T00:00:22+00:00,D_Senate_R_House,0.0095,"2026 Balance of Power: D Senate, R House",balance-of-power-2026-midterms
2026-09-07T00:00:30+00:00,D_Senate_R_House,0.0095,"2026 Balance of Power: D Senate, R House",balance-of-power-2026-midterms
2026-09-08T00:00:14+00:00,D_Senate_R_House,0.0095,"2026 Balance of Power: D Senate, R House",balance-of-power-2026-midterms
2026-09-09T00:00:22+00:00,D_Senate_R_House,0.0095,"2026 Balance of Power: D Senate, R House",balance-of-power-2026-midterms
2026-09-10T00:00:17+00:00,D_Senate_R_House,0.0095,"2026 Balance of Power: D Senate, R House",balance-of-power-2026-midterms
2026-09-11T00:00:18+00:00,D_Senate_R_House,0.019,"2026 Balance of Power: D Senate, R House",balance-of-power-2026-midterms
2026-09-12T00:00:18+00:00,D_Senate_R_House,0.0155,"2026 Balance of Power: D Senate, R House",balance-of-power-2026-midterms
2026-09-13T00:00:17+00:00,D_Senate_R_House,0.0155,"2026 Balance of Power: D Senate, R House",balance-of-power-2026-midterms
2026-09-14T00:00:14+00:00,D_Senate_R_House,0.0125,"2026 Balance of Power: D Senate, R House",balance-of-power-2026-midterms
2026-09-15T00:00:13+00:00,D_Senate_R_House,0.0095,"2026 Balance of Power: D Senate, R House",balance-of-power-2026-midterms
2026-09-16T00:00:15+00:00,D_Senate_R_House,0.0115,"2026 Balance of Power: D Senate, R House",balance-of-power-2026-midterms
2026-09-17T00:00:15+00:00,D_Senate_R_House,0.0075,"2026 Balance of Power: D Senate, R House",balance-of-power-2026-midterms
2026-09-18T00:00:19+00:00,D_Senate_R_House,0.0075,"2026 Balance of Power: D Senate, R House",balance-of-power-2026-midterms
2026-09-19T00:00:19+00:00,D_Senate_R_House,0.0075,"2026 Balance of Power: D Senate, R House",balance-of-power-2026-midterms
2026-09-20T00:00:18+00:00,D_Senate_R_House,0.0085,"2026 Balance of Power: D Senate, R House",balance-of-power-2026-midterms
2026-09-21T00:00:15+00:00,D_Senate_R_House,0.0115,"2026 Balance of Power: D Senate, R House",balance-of-power-2026-midterms
2026-09-22T00:00:16+00:00,D_Senate_R_House,0.008,"2026 Balance of Power: D Senate, R House",balance-of-power-2026-midterms
2026-09-23T00:00:17+00:00,D_Senate_R_House,0.0055,"2026 Balance of Power: D Senate, R House",balance-of-power-2026-midterms
2026-09-24T00:00:28+00:00,D_Senate_R_House,0.0135,"2026 Balance of Power: D Senate, R House",balance-of-power-2026-midterms
2026-09-25T00:00:20+00:00,D_Senate_R_House,0.0115,"2026 Balance of Power: D Senate, R House",balance-of-power-2026-midterms
2026-09-26T00:00:17+00:00,D_Senate_R_House,0.0125,"2026 Balance of Power: D Senate, R House",balance-of-power-2026-midterms
2026-09-27T00:00:16+00:00,D_Senate_R_House,0.011,"2026 Balance of Power: D Senate, R House",balance-of-power-2026-midterms
2026-09-28T00:00:30+00:00,D_Senate_R_House,0.0125,"2026 Balance of Power: D Senate, R House",balance-of-power-2026-midterms
2026-09-29T00:00:17+00:00,D_Senate_R_House,0.013,"2026 Balance of Power: D Senate, R House",balance-of-power-2026-midterms
2026-09-30T00:00:18+00:00,D_Senate_R_House,0.0115,"2026 Balance of Power: D Senate, R House",balance-of-power-2026-midterms
2026-10-01T00:00:19+00:00,D_Senate_R_House,0.011,"2026 Balance of Power: D Senate, R House",balance-of-power-2026-midterms
2026-10-02T00:00:18+00:00,D_Senate_R_House,0.007,"2026 Balance of Power: D Senate, R House",balance-of-power-2026-midterms
2026-10-03T00:00:21+00:00,D_Senate_R_House,0.008,"2026 Balance of Power: D Senate, R House",balance-of-power-2026-midterms
2026-10-04T00:00:17+00:00,D_Senate_R_House,0.0055,"2026 Balance of Power: D Senate, R House",balance-of-power-2026-midterms
2026-10-05T00:00:21+00:00,D_Senate_R_House,0.0075,"2026 Balance of Power: D Senate, R House",balance-of-power-2026-midterms
2026-10-06T00:00:19+00:00,D_Senate_R_House,0.011,"2026 Balance of Power: D Senate, R House",balance-of-power-2026-midterms
2026-10-06T16:03:13+00:00,D_Senate_R_House,0.009,"2026 Balance of Power: D Senate, R House",balance-of-power-2026-midterms
2025-07-19T00:00:09+00:00,R_Senate_D_House,0.525,"2026 Balance of Power: R Senate, D House",balance-of-power-2026-midterms
2025-07-20T00:00:08+00:00,R_Senate_D_House,0.525,"2026 Balance of Power: R Senate, D House",balance-of-power-2026-midterms
2025-07-21T00:00:07+00:00,R_Senate_D_House,0.525,"2026 Balance of Power: R Senate, D House",balance-of-power-2026-midterms
2025-07-22T00:00:09+00:00,R_Senate_D_House,0.535,"2026 Balance of Power: R Senate, D House",balance-of-power-2026-midterms
2025-07-23T00:00:09+00:00,R_Senate_D_House,0.535,"2026 Balance of Power: R Senate, D House",balance-of-power-2026-midterms
2025-07-24T00:00:09+00:00,R_Senate_D_House,0.535,"2026 Balance of Power: R Senate, D House",balance-of-power-2026-midterms
2025-07-25T00:00:09+00:00,R_Senate_D_House,0.535,"2026 Balance of Power: R Senate, D House",balance-of-power-2026-midterms
2025-07-26T00:00:09+00:00,R_Senate_D_House,0.535,"2026 Balance of Power: R Senate, D House",balance-of-power-2026-midterms
2025-07-27T00:00:10+00:00,R_Senate_D_House,0.535,"2026 Balance of Power: R Senate, D House",balance-of-power-2026-midterms
2025-07-28T00:00:09+00:00,R_Senate_D_House,0.525,"2026 Balance of Power: R Senate, D House",balance-of-power-2026-midterms
2025-07-29T00:00:10+00:00,R_Senate_D_House,0.525,"2026 Balance of Power: R Senate, D House",balance-of-power-2026-midterms
2025-07-30T00:00:10+00:00,R_Senate_D_House,0.525,"2026 Balance of Power: R Senate, D House",balance-of-power-2026-midterms
2025-07-31T00:00:08+00:00,R_Senate_D_House,0.525,"2026 Balance of Power: R Senate, D House",balance-of-power-2026-midterms
2025-08-01T00:00:09+00:00,R_Senate_D_House,0.535,"2026 Balance of Power: R Senate, D House",balance-of-power-2026-midterms
2025-08-02T00:00:09+00:00,R_Senate_D_House,0.525,"2026 Balance of Power: R Senate, D House",balance-of-power-2026-midterms
2025-08-03T00:00:08+00:00,R_Senate_D_House,0.525,"2026 Balance of Power: R Senate, D House",balance-of-power-2026-midterms
2025-08-04T00:00:07+00:00,R_Senate_D_House,0.525,"2026 Balance of Power: R Senate, D House",balance-of-power-2026-midterms
2025-08-05T00:00:08+00:00,R_Senate_D_House,0.525,"2026 Balance of Power: R Senate, D House",balance-of-power-2026-midterms
2025-08-06T00:00:09+00:00,R_Senate_D_House,0.525,"2026 Balance of Power: R Senate, D House",balance-of-power-2026-midterms
2025-08-07T00:00:08+00:00,R_Senate_D_House,0.525,"2026 Balance of Power: R Senate, D House",balance-of-power-2026-midterms
2025-08-08T00:00:06+00:00,R_Senate_D_House,0.525,"2026 Balance of Power: R Senate, D House",balance-of-power-2026-midterms
2025-08-09T00:00:14+00:00,R_Senate_D_House,0.515,"2026 Balance of Power: R Senate, D House",balance-of-power-2026-midterms
2025-08-10T00:00:05+00:00,R_Senate_D_House,0.515,"2026 Balance of Power: R Senate, D House",balance-of-power-2026-midterms
2025-08-11T00:00:12+00:00,R_Senate_D_House,0.515,"2026 Balance of Power: R Senate, D House",balance-of-power-2026-midterms
2025-08-12T00:00:07+00:00,R_Senate_D_House,0.515,"2026 Balance of Power: R Senate, D House",balance-of-power-2026-midterms
2025-08-13T00:00:09+00:00,R_Senate_D_House,0.515,"2026 Balance of Power: R Senate, D House",balance-of-power-2026-midterms
2025-08-14T00:00:05+00:00,R_Senate_D_House,0.515,"2026 Balance of Power: R Senate, D House",balance-of-power-2026-midterms
2025-08-15T00:00:13+00:00,R_Senate_D_House,0.515,"2026 Balance of Power: R Senate, D House",balance-of-power-2026-midterms
2025-08-16T00:00:04+00:00,R_Senate_D_House,0.51,"2026 Balance of Power: R Senate, D House",balance-of-power-2026-midterms
2025-08-17T00:00:02+00:00,R_Senate_D_House,0.51,"2026 Balance of Power: R Senate, D House",balance-of-power-2026-midterms
2025-08-18T00:00:04+00:00,R_Senate_D_House,0.51,"2026 Balance of Power: R Senate, D House",balance-of-power-2026-midterms
2025-08-19T00:00:07+00:00,R_Senate_D_House,0.51,"2026 Balance of Power: R Senate, D House",balance-of-power-2026-midterms
2025-08-20T00:00:08+00:00,R_Senate_D_House,0.495,"2026 Balance of Power: R Senate, D House",balance-of-power-2026-midterms
2025-08-21T00:00:09+00:00,R_Senate_D_House,0.495,"2026 Balance of Power: R Senate, D House",balance-of-power-2026-midterms
2025-08-22T00:00:06+00:00,R_Senate_D_House,0.495,"2026 Balance of Power: R Senate, D House",balance-of-power-2026-midterms
2025-08-23T00:00:15+00:00,R_Senate_D_House,0.495,"2026 Balance of Power: R Senate, D House",balance-of-power-2026-midterms
2025-08-24T00:00:03+00:00,R_Senate_D_House,0.495,"2026 Balance of Power: R Senate, D House",balance-of-power-2026-midterms
2025-08-25T00:00:04+00:00,R_Senate_D_House,0.495,"2026 Balance of Power: R Senate, D House",balance-of-power-2026-midterms
2025-08-26T00:00:07+00:00,R_Senate_D_House,0.495,"2026 Balance of Power: R Senate, D House",balance-of-power-2026-midterms
2025-08-27T00:00:10+00:00,R_Senate_D_House,0.495,"2026 Balance of Power: R Senate, D House",balance-of-power-2026-midterms
2025-08-28T00:00:10+00:00,R_Senate_D_House,0.48,"2026 Balance of Power: R Senate, D House",balance-of-power-2026-midterms
2025-08-29T00:00:11+00:00,R_Senate_D_House,0.48,"2026 Balance of Power: R Senate, D House",balance-of-power-2026-midterms
2025-08-30T00:00:12+00:00,R_Senate_D_House,0.48,"2026 Balance of Power: R Senate, D House",balance-of-power-2026-midterms
2025-08-31T00:00:16+00:00,R_Senate_D_House,0.48,"2026 Balance of Power: R Senate, D House",balance-of-power-2026-midterms
2025-09-01T00:00:12+00:00,R_Senate_D_House,0.485,"2026 Balance of Power: R Senate, D House",balance-of-power-2026-midterms
2025-09-02T00:00:08+00:00,R_Senate_D_House,0.48,"2026 Balance of Power: R Senate, D House",balance-of-power-2026-midterms
2025-09-03T00:00:14+00:00,R_Senate_D_House,0.475,"2026 Balance of Power: R Senate, D House",balance-of-power-2026-midterms
2025-09-04T00:00:11+00:00,R_Senate_D_House,0.475,"2026 Balance of Power: R Senate, D House",balance-of-power-2026-midterms
2025-09-05T00:00:10+00:00,R_Senate_D_House,0.475,"2026 Balance of Power: R Senate, D House",balance-of-power-2026-midterms
2025-09-06T00:00:08+00:00,R_Senate_D_House,0.475,"2026 Balance of Power: R Senate, D House",balance-of-power-2026-midterms
2025-09-07T00:00:14+00:00,R_Senate_D_House,0.47,"2026 Balance of Power: R Senate, D House",balance-of-power-2026-midterms
2025-09-08T00:00:12+00:00,R_Senate_D_House,0.47,"2026 Balance of Power: R Senate, D House",balance-of-power-2026-midterms
2025-09-09T00:00:07+00:00,R_Senate_D_House,0.47,"2026 Balance of Power: R Senate, D House",balance-of-power-2026-midterms
2025-09-10T00:00:07+00:00,R_Senate_D_House,0.475,"2026 Balance of Power: R Senate, D House",balance-of-power-2026-midterms
2025-09-11T00:00:11+00:00,R_Senate_D_House,0.475,"2026 Balance of Power: R Senate, D House",balance-of-power-2026-midterms
2025-09-12T00:00:16+00:00,R_Senate_D_House,0.475,"2026 Balance of Power: R Senate, D House",balance-of-power-2026-midterms
2025-09-13T00:00:06+00:00,R_Senate_D_House,0.475,"2026 Balance of Power: R Senate, D House",balance-of-power-2026-midterms
2025-09-14T00:00:05+00:00,R_Senate_D_House,0.475,"2026 Balance of Power: R Senate, D House",balance-of-power-2026-midterms
2025-09-15T00:00:13+00:00,R_Senate_D_House,0.475,"2026 Balance of Power: R Senate, D House",balance-of-power-2026-midterms
2025-09-16T00:00:02+00:00,R_Senate_D_House,0.475,"2026 Balance of Power: R Senate, D House",balance-of-power-2026-midterms
2025-09-17T00:00:18+00:00,R_Senate_D_House,0.475,"2026 Balance of Power: R Senate, D House",balance-of-power-2026-midterms
2025-09-18T00:00:14+00:00,R_Senate_D_House,0.475,"2026 Balance of Power: R Senate, D House",balance-of-power-2026-midterms
2025-09-19T00:00:04+00:00,R_Senate_D_House,0.465,"2026 Balance of Power: R Senate, D House",balance-of-power-2026-midterms
2025-09-20T00:00:05+00:00,R_Senate_D_House,0.465,"2026 Balance of Power: R Senate, D House",balance-of-power-2026-midterms
2025-09-21T00:00:10+00:00,R_Senate_D_House,0.475,"2026 Balance of Power: R Senate, D House",balance-of-power-2026-midterms
2025-09-22T00:00:09+00:00,R_Senate_D_House,0.465,"2026 Balance of Power: R Senate, D House",balance-of-power-2026-midterms
2025-09-23T00:00:09+00:00,R_Senate_D_House,0.465,"2026 Balance of Power: R Senate, D House",balance-of-power-2026-midterms
2025-09-24T00:00:17+00:00,R_Senate_D_House,0.465,"2026 Balance of Power: R Senate, D House",balance-of-power-2026-midterms
2025-09-25T00:00:05+00:00,R_Senate_D_House,0.465,"2026 Balance of Power: R Senate, D House",balance-of-power-2026-midterms
2025-09-26T00:00:08+00:00,R_Senate_D_House,0.465,"2026 Balance of Power: R Senate, D House",balance-of-power-2026-midterms
2025-09-27T00:00:07+00:00,R_Senate_D_House,0.465,"2026 Balance of Power: R Senate, D House",balance-of-power-2026-midterms
2025-09-28T00:00:06+00:00,R_Senate_D_House,0.46,"2026 Balance of Power: R Senate, D House",balance-of-power-2026-midterms
2025-09-29T00:00:03+00:00,R_Senate_D_House,0.455,"2026 Balance of Power: R Senate, D House",balance-of-power-2026-midterms
2025-09-30T00:00:10+00:00,R_Senate_D_House,0.445,"2026 Balance of Power: R Senate, D House",balance-of-power-2026-midterms
2025-10-01T00:00:06+00:00,R_Senate_D_House,0.445,"2026 Balance of Power: R Senate, D House",balance-of-power-2026-midterms
2025-10-02T00:00:08+00:00,R_Senate_D_House,0.445,"2026 Balance of Power: R Senate, D House",balance-of-power-2026-midterms
2025-10-03T00:00:10+00:00,R_Senate_D_House,0.445,"2026 Balance of Power: R Senate, D House",balance-of-power-2026-midterms
2025-10-04T00:00:05+00:00,R_Senate_D_House,0.445,"2026 Balance of Power: R Senate, D House",balance-of-power-2026-midterms
2025-10-05T00:00:05+00:00,R_Senate_D_House,0.445,"2026 Balance of Power: R Senate, D House",balance-of-power-2026-midterms
2025-10-06T00:00:07+00:00,R_Senate_D_House,0.445,"2026 Balance of Power: R Senate, D House",balance-of-power-2026-midterms
2025-10-07T00:00:06+00:00,R_Senate_D_House,0.445,"2026 Balance of Power: R Senate, D House",balance-of-power-2026-midterms
2025-10-08T00:00:10+00:00,R_Senate_D_House,0.445,"2026 Balance of Power: R Senate, D House",balance-of-power-2026-midterms
2025-10-09T00:00:06+00:00,R_Senate_D_House,0.445,"2026 Balance of Power: R Senate, D House",balance-of-power-2026-midterms
2025-10-10T00:00:03+00:00,R_Senate_D_House,0.445,"2026 Balance of Power: R Senate, D House",balance-of-power-2026-midterms
2025-10-11T00:00:09+00:00,R_Senate_D_House,0.435,"2026 Balance of Power: R Senate, D House",balance-of-power-2026-midterms
2025-10-12T00:00:19+00:00,R_Senate_D_House,0.435,"2026 Balance of Power: R Senate, D House",balance-of-power-2026-midterms
2025-10-13T00:00:15+00:00,R_Senate_D_House,0.435,"2026 Balance of Power: R Senate, D House",balance-of-power-2026-midterms
2025-10-14T00:00:15+00:00,R_Senate_D_House,0.435,"2026 Balance of Power: R Senate, D House",balance-of-power-2026-midterms
2025-10-15T00:00:15+00:00,R_Senate_D_House,0.435,"2026 Balance of Power: R Senate, D House",balance-of-power-2026-midterms
2025-10-16T00:00:22+00:00,R_Senate_D_House,0.43,"2026 Balance of Power: R Senate, D House",balance-of-power-2026-midterms
2025-10-17T00:00:10+00:00,R_Senate_D_House,0.425,"2026 Balance of Power: R Senate, D House",balance-of-power-2026-midterms
2025-10-18T00:00:17+00:00,R_Senate_D_House,0.425,"2026 Balance of Power: R Senate, D House",balance-of-power-2026-midterms
2025-10-19T00:00:09+00:00,R_Senate_D_House,0.425,"2026 Balance of Power: R Senate, D House",balance-of-power-2026-midterms
2025-10-20T00:00:23+00:00,R_Senate_D_House,0.425,"2026 Balance of Power: R Senate, D House",balance-of-power-2026-midterms
2025-10-21T00:00:14+00:00,R_Senate_D_House,0.43,"2026 Balance of Power: R Senate, D House",balance-of-power-2026-midterms
2025-10-22T00:00:11+00:00,R_Senate_D_House,0.42,"2026 Balance of Power: R Senate, D House",balance-of-power-2026-midterms
2025-10-23T00:00:07+00:00,R_Senate_D_House,0.425,"2026 Balance of Power: R Senate, D House",balance-of-power-2026-midterms
2025-10-24T00:00:10+00:00,R_Senate_D_House,0.43,"2026 Balance of Power: R Senate, D House",balance-of-power-2026-midterms
2025-10-25T00:00:09+00:00,R_Senate_D_House,0.425,"2026 Balance of Power: R Senate, D House",balance-of-power-2026-midterms
2025-10-26T00:00:10+00:00,R_Senate_D_House,0.425,"2026 Balance of Power: R Senate, D House",balance-of-power-2026-midterms
2025-10-27T00:00:10+00:00,R_Senate_D_House,0.42,"2026 Balance of Power: R Senate, D House",balance-of-power-2026-midterms
2025-10-28T00:00:11+00:00,R_Senate_D_House,0.425,"2026 Balance of Power: R Senate, D House",balance-of-power-2026-midterms
2025-10-29T00:00:11+00:00,R_Senate_D_House,0.425,"2026 Balance of Power: R Senate, D House",balance-of-power-2026-midterms
2025-10-30T00:00:11+00:00,R_Senate_D_House,0.415,"2026 Balance of Power: R Senate, D House",balance-of-power-2026-midterms
2025-10-31T00:00:07+00:00,R_Senate_D_House,0.41,"2026 Balance of Power: R Senate, D House",balance-of-power-2026-midterms
2025-11-01T00:00:10+00:00,R_Senate_D_House,0.405,"2026 Balance of Power: R Senate, D House",balance-of-power-2026-midterms
2025-11-02T00:00:09+00:00,R_Senate_D_House,0.405,"2026 Balance of Power: R Senate, D House",balance-of-power-2026-midterms
2025-11-03T00:00:09+00:00,R_Senate_D_House,0.405,"2026 Balance of Power: R Senate, D House",balance-of-power-2026-midterms
2025-11-04T00:00:10+00:00,R_Senate_D_House,0.415,"2026 Balance of Power: R Senate, D House",balance-of-power-2026-midterms
2025-11-05T00:00:09+00:00,R_Senate_D_House,0.405,"2026 Balance of Power: R Senate, D House",balance-of-power-2026-midterms
2025-11-06T00:00:06+00:00,R_Senate_D_House,0.385,"2026 Balance of Power: R Senate, D House",balance-of-power-2026-midterms
2025-11-07T00:00:09+00:00,R_Senate_D_House,0.385,"2026 Balance of Power: R Senate, D House",balance-of-power-2026-midterms
2025-11-08T00:00:08+00:00,R_Senate_D_House,0.43,"2026 Balance of Power: R Senate, D House",balance-of-power-2026-midterms
2025-11-09T00:00:22+00:00,R_Senate_D_House,0.44,"2026 Balance of Power: R Senate, D House",balance-of-power-2026-midterms
2025-11-10T00:00:07+00:00,R_Senate_D_House,0.44,"2026 Balance of Power: R Senate, D House",balance-of-power-2026-midterms
2025-11-11T00:00:11+00:00,R_Senate_D_House,0.44,"2026 Balance of Power: R Senate, D House",balance-of-power-2026-midterms
2025-11-12T00:00:11+00:00,R_Senate_D_House,0.435,"2026 Balance of Power: R Senate, D House",balance-of-power-2026-midterms
2025-11-13T00:00:09+00:00,R_Senate_D_House,0.435,"2026 Balance of Power: R Senate, D House",balance-of-power-2026-midterms
2025-11-14T00:00:10+00:00,R_Senate_D_House,0.435,"2026 Balance of Power: R Senate, D House",balance-of-power-2026-midterms
2025-11-15T00:00:11+00:00,R_Senate_D_House,0.435,"2026 Balance of Power: R Senate, D House",balance-of-power-2026-midterms
2025-11-16T00:00:08+00:00,R_Senate_D_House,0.435,"2026 Balance of Power: R Senate, D House",balance-of-power-2026-midterms
2025-11-17T00:00:09+00:00,R_Senate_D_House,0.435,"2026 Balance of Power: R Senate, D House",balance-of-power-2026-midterms
2025-11-18T00:00:08+00:00,R_Senate_D_House,0.435,"2026 Balance of Power: R Senate, D House",balance-of-power-2026-midterms
2025-11-19T00:00:11+00:00,R_Senate_D_House,0.455,"2026 Balance of Power: R Senate, D House",balance-of-power-2026-midterms
2025-11-20T00:00:08+00:00,R_Senate_D_House,0.47,"2026 Balance of Power: R Senate, D House",balance-of-power-2026-midterms
2025-11-21T00:00:11+00:00,R_Senate_D_House,0.47,"2026 Balance of Power: R Senate, D House",balance-of-power-2026-midterms
2025-11-22T00:00:09+00:00,R_Senate_D_House,0.47,"2026 Balance of Power: R Senate, D House",balance-of-power-2026-midterms
2025-11-23T00:00:09+00:00,R_Senate_D_House,0.475,"2026 Balance of Power: R Senate, D House",balance-of-power-2026-midterms
2025-11-24T00:00:11+00:00,R_Senate_D_House,0.475,"2026 Balance of Power: R Senate, D House",balance-of-power-2026-midterms
2025-11-25T00:00:10+00:00,R_Senate_D_House,0.475,"2026 Balance of Power: R Senate, D House",balance-of-power-2026-midterms
2025-11-26T00:00:10+00:00,R_Senate_D_House,0.475,"2026 Balance of Power: R Senate, D House",balance-of-power-2026-midterms
2025-11-27T00:00:11+00:00,R_Senate_D_House,0.475,"2026 Balance of Power: R Senate, D House",balance-of-power-2026-midterms
2025-11-28T00:00:11+00:00,R_Senate_D_House,0.48,"2026 Balance of Power: R Senate, D House",balance-of-power-2026-midterms
2025-11-29T00:00:13+00:00,R_Senate_D_House,0.48,"2026 Balance of Power: R Senate, D House",balance-of-power-2026-midterms
2025-11-30T00:00:11+00:00,R_Senate_D_House,0.48,"2026 Balance of Power: R Senate, D House",balance-of-power-2026-midterms
2025-12-01T00:00:11+00:00,R_Senate_D_House,0.48,"2026 Balance of Power: R Senate, D House",balance-of-power-2026-midterms
2025-12-02T00:00:09+00:00,R_Senate_D_House,0.485,"2026 Balance of Power: R Senate, D House",balance-of-power-2026-midterms
2025-12-03T00:00:12+00:00,R_Senate_D_House,0.485,"2026 Balance of Power: R Senate, D House",balance-of-power-2026-midterms
2025-12-04T00:00:10+00:00,R_Senate_D_House,0.455,"2026 Balance of Power: R Senate, D House",balance-of-power-2026-midterms
2025-12-05T00:00:10+00:00,R_Senate_D_House,0.455,"2026 Balance of Power: R Senate, D House",balance-of-power-2026-midterms
2025-12-06T00:00:11+00:00,R_Senate_D_House,0.46,"2026 Balance of Power: R Senate, D House",balance-of-power-2026-midterms
2025-12-07T00:00:24+00:00,R_Senate_D_House,0.46,"2026 Balance of Power: R Senate, D House",balance-of-power-2026-midterms
2025-12-08T00:00:23+00:00,R_Senate_D_House,0.45,"2026 Balance of Power: R Senate, D House",balance-of-power-2026-midterms
2025-12-09T00:00:21+00:00,R_Senate_D_House,0.455,"2026 Balance of Power: R Senate, D House",balance-of-power-2026-midterms
2025-12-10T00:00:10+00:00,R_Senate_D_House,0.44,"2026 Balance of Power: R Senate, D House",balance-of-power-2026-midterms
2025-12-11T00:00:10+00:00,R_Senate_D_House,0.435,"2026 Balance of Power: R Senate, D House",balance-of-power-2026-midterms
2025-12-12T00:00:10+00:00,R_Senate_D_House,0.42,"2026 Balance of Power: R Senate, D House",balance-of-power-2026-midterms
2025-12-13T00:00:12+00:00,R_Senate_D_House,0.44,"2026 Balance of Power: R Senate, D House",balance-of-power-2026-midterms
2025-12-14T00:00:12+00:00,R_Senate_D_House,0.435,"2026 Balance of Power: R Senate, D House",balance-of-power-2026-midterms
2025-12-15T00:00:11+00:00,R_Senate_D_House,0.445,"2026 Balance of Power: R Senate, D House",balance-of-power-2026-midterms
2025-12-16T00:00:10+00:00,R_Senate_D_House,0.445,"2026 Balance of Power: R Senate, D House",balance-of-power-2026-midterms
2025-12-17T00:00:07+00:00,R_Senate_D_House,0.445,"2026 Balance of Power: R Senate, D House",balance-of-power-2026-midterms
2025-12-17T00:00:32+00:00,R_Senate_D_House,0.445,"2026 Balance of Power: R Senate, D House",balance-of-power-2026-midterms
2025-12-18T00:00:20+00:00,R_Senate_D_House,0.445,"2026 Balance of Power: R Senate, D House",balance-of-power-2026-midterms
2025-12-19T00:00:11+00:00,R_Senate_D_House,0.445,"2026 Balance of Power: R Senate, D House",balance-of-power-2026-midterms
2025-12-20T00:00:10+00:00,R_Senate_D_House,0.45,"2026 Balance of Power: R Senate, D House",balance-of-power-2026-midterms
2025-12-21T00:00:11+00:00,R_Senate_D_House,0.45,"2026 Balance of Power: R Senate, D House",balance-of-power-2026-midterms
2025-12-22T00:00:10+00:00,R_Senate_D_House,0.455,"2026 Balance of Power: R Senate, D House",balance-of-power-2026-midterms
2025-12-23T00:00:12+00:00,R_Senate_D_House,0.46,"2026 Balance of Power: R Senate, D House",balance-of-power-2026-midterms
2025-12-24T00:00:11+00:00,R_Senate_D_House,0.46,"2026 Balance of Power: R Senate, D House",balance-of-power-2026-midterms
2025-12-25T00:00:21+00:00,R_Senate_D_House,0.465,"2026 Balance of Power: R Senate, D House",balance-of-power-2026-midterms
2025-12-26T00:00:09+00:00,R_Senate_D_House,0.465,"2026 Balance of Power: R Senate, D House",balance-of-power-2026-midterms
2025-12-27T00:00:12+00:00,R_Senate_D_House,0.465,"2026 Balance of Power: R Senate, D House",balance-of-power-2026-midterms
2025-12-28T00:00:12+00:00,R_Senate_D_House,0.465,"2026 Balance of Power: R Senate, D House",balance-of-power-2026-midterms
2025-12-29T00:00:28+00:00,R_Senate_D_House,0.465,"2026 Balance of Power: R Senate, D House",balance-of-power-2026-midterms
2025-12-30T00:00:15+00:00,R_Senate_D_House,0.475,"2026 Balance of Power: R Senate, D House",balance-of-power-2026-midterms
2025-12-31T00:00:12+00:00,R_Senate_D_House,0.48,"2026 Balance of Power: R Senate, D House",balance-of-power-2026-midterms
2026-01-01T00:00:12+00:00,R_Senate_D_House,0.47,"2026 Balance of Power: R Senate, D House",balance-of-power-2026-midterms
2026-01-02T00:00:11+00:00,R_Senate_D_House,0.46,"2026 Balance of Power: R Senate, D House",balance-of-power-2026-midterms
2026-01-03T00:00:11+00:00,R_Senate_D_House,0.465,"2026 Balance of Power: R Senate, D House",balance-of-power-2026-midterms
2026-01-04T00:00:12+00:00,R_Senate_D_House,0.475,"2026 Balance of Power: R Senate, D House",balance-of-power-2026-midterms
2026-01-05T00:00:13+00:00,R_Senate_D_House,0.475,"2026 Balance of Power: R Senate, D House",balance-of-power-2026-midterms
2026-01-06T00:00:16+00:00,R_Senate_D_House,0.47,"2026 Balance of Power: R Senate, D House",balance-of-power-2026-midterms
2026-01-07T00:00:13+00:00,R_Senate_D_House,0.47,"2026 Balance of Power: R Senate, D House",balance-of-power-2026-midterms
2026-01-08T00:00:28+00:00,R_Senate_D_House,0.47,"2026 Balance of Power: R Senate, D House",balance-of-power-2026-midterms
2026-01-09T00:00:13+00:00,R_Senate_D_House,0.47,"2026 Balance of Power: R Senate, D House",balance-of-power-2026-midterms
2026-01-10T00:00:14+00:00,R_Senate_D_House,0.46,"2026 Balance of Power: R Senate, D House",balance-of-power-2026-midterms
2026-01-11T00:00:13+00:00,R_Senate_D_House,0.455,"2026 Balance of Power: R Senate, D House",balance-of-power-2026-midterms
2026-01-12T00:00:14+00:00,R_Senate_D_House,0.46,"2026 Balance of Power: R Senate, D House",balance-of-power-2026-midterms
2026-01-13T00:00:14+00:00,R_Senate_D_House,0.455,"2026 Balance of Power: R Senate, D House",balance-of-power-2026-midterms
2026-01-14T00:00:14+00:00,R_Senate_D_House,0.455,"2026 Balance of Power: R Senate, D House",balance-of-power-2026-midterms
2026-01-15T00:00:15+00:00,R_Senate_D_House,0.44,"2026 Balance of Power: R Senate, D House",balance-of-power-2026-midterms
2026-01-16T00:00:17+00:00,R_Senate_D_House,0.435,"2026 Balance of Power: R Senate, D House",balance-of-power-2026-midterms
2026-01-17T00:00:15+00:00,R_Senate_D_House,0.445,"2026 Balance of Power: R Senate, D House",balance-of-power-2026-midterms
2026-01-18T00:00:19+00:00,R_Senate_D_House,0.435,"2026 Balance of Power: R Senate, D House",balance-of-power-2026-midterms
2026-01-19T00:00:13+00:00,R_Senate_D_House,0.435,"2026 Balance of Power: R Senate, D House",balance-of-power-2026-midterms
2026-01-20T00:00:15+00:00,R_Senate_D_House,0.445,"2026 Balance of Power: R Senate, D House",balance-of-power-2026-midterms
2026-01-21T00:00:15+00:00,R_Senate_D_House,0.435,"2026 Balance of Power: R Senate, D House",balance-of-power-2026-midterms
2026-01-22T00:00:20+00:00,R_Senate_D_House,0.445,"2026 Balance of Power: R Senate, D House",balance-of-power-2026-midterms
2026-01-23T00:00:31+00:00,R_Senate_D_House,0.445,"2026 Balance of Power: R Senate, D House",balance-of-power-2026-midterms
2026-01-24T00:00:21+00:00,R_Senate_D_House,0.44,"2026 Balance of Power: R Senate, D House",balance-of-power-2026-midterms
2026-01-25T00:00:33+00:00,R_Senate_D_House,0.435,"2026 Balance of Power: R Senate, D House",balance-of-power-2026-midterms
2026-01-26T00:00:32+00:00,R_Senate_D_House,0.425,"2026 Balance of Power: R Senate, D House",balance-of-power-2026-midterms
2026-01-27T00:00:27+00:00,R_Senate_D_House,0.43,"2026 Balance of Power: R Senate, D House",balance-of-power-2026-midterms
2026-01-28T00:00:18+00:00,R_Senate_D_House,0.43,"2026 Balance of Power: R Senate, D House",balance-of-power-2026-midterms
2026-01-29T00:00:32+00:00,R_Senate_D_House,0.43,"2026 Balance of Power: R Senate, D House",balance-of-power-2026-midterms
2026-01-30T00:00:20+00:00,R_Senate_D_House,0.425,"2026 Balance of Power: R Senate, D House",balance-of-power-2026-midterms
2026-01-31T00:00:20+00:00,R_Senate_D_House,0.435,"2026 Balance of Power: R Senate, D House",balance-of-power-2026-midterms
2026-02-01T00:00:23+00:00,R_Senate_D_House,0.435,"2026 Balance of Power: R Senate, D House",balance-of-power-2026-midterms
2026-02-02T00:00:19+00:00,R_Senate_D_House,0.435,"2026 Balance of Power: R Senate, D House",balance-of-power-2026-midterms
2026-02-03T00:00:20+00:00,R_Senate_D_House,0.435,"2026 Balance of Power: R Senate, D House",balance-of-power-2026-midterms
2026-02-04T00:00:31+00:00,R_Senate_D_House,0.435,"2026 Balance of Power: R Senate, D House",balance-of-power-2026-midterms
2026-02-05T00:00:18+00:00,R_Senate_D_House,0.445,"2026 Balance of Power: R Senate, D House",balance-of-power-2026-midterms
2026-02-06T00:00:22+00:00,R_Senate_D_House,0.445,"2026 Balance of Power: R Senate, D House",balance-of-power-2026-midterms
2026-02-07T00:00:26+00:00,R_Senate_D_House,0.45,"2026 Balance of Power: R Senate, D House",balance-of-power-2026-midterms
2026-02-08T00:00:24+00:00,R_Senate_D_House,0.45,"2026 Balance of Power: R Senate, D House",balance-of-power-2026-midterms
2026-02-09T00:00:22+00:00,R_Senate_D_House,0.455,"2026 Balance of Power: R Senate, D House",balance-of-power-2026-midterms
2026-02-10T00:00:23+00:00,R_Senate_D_House,0.465,"2026 Balance of Power: R Senate, D House",balance-of-power-2026-midterms
2026-02-11T00:00:24+00:00,R_Senate_D_House,0.465,"2026 Balance of Power: R Senate, D House",balance-of-power-2026-midterms
2026-02-12T00:00:35+00:00,R_Senate_D_House,0.46,"2026 Balance of Power: R Senate, D House",balance-of-power-2026-midterms
2026-02-13T00:00:23+00:00,R_Senate_D_House,0.465,"2026 Balance of Power: R Senate, D House",balance-of-power-2026-midterms
2026-02-14T00:00:27+00:00,R_Senate_D_House,0.465,"2026 Balance of Power: R Senate, D House",balance-of-power-2026-midterms
2026-02-15T00:00:25+00:00,R_Senate_D_House,0.455,"2026 Balance of Power: R Senate, D House",balance-of-power-2026-midterms
2026-02-16T00:00:35+00:00,R_Senate_D_House,0.455,"2026 Balance of Power: R Senate, D House",balance-of-power-2026-midterms
2026-02-17T00:00:26+00:00,R_Senate_D_House,0.435,"2026 Balance of Power: R Senate, D House",balance-of-power-2026-midterms
2026-02-18T00:00:27+00:00,R_Senate_D_House,0.44,"2026 Balance of Power: R Senate, D House",balance-of-power-2026-midterms
2026-02-19T00:00:28+00:00,R_Senate_D_House,0.435,"2026 Balance of Power: R Senate, D House",balance-of-power-2026-midterms
2026-02-20T00:00:29+00:00,R_Senate_D_House,0.435,"2026 Balance of Power: R Senate, D House",balance-of-power-2026-midterms
2026-02-21T00:00:22+00:00,R_Senate_D_House,0.435,"2026 Balance of Power: R Senate, D House",balance-of-power-2026-midterms
2026-02-22T00:00:22+00:00,R_Senate_D_House,0.415,"2026 Balance of Power: R Senate, D House",balance-of-power-2026-midterms
2026-02-23T00:00:24+00:00,R_Senate_D_House,0.43,"2026 Balance of Power: R Senate, D House",balance-of-power-2026-midterms
2026-02-24T00:00:24+00:00,R_Senate_D_House,0.435,"2026 Balance of Power: R Senate, D House",balance-of-power-2026-midterms
2026-02-25T00:00:26+00:00,R_Senate_D_House,0.435,"2026 Balance of Power: R Senate, D House",balance-of-power-2026-midterms
2026-02-26T00:00:25+00:00,R_Senate_D_House,0.44,"2026 Balance of Power: R Senate, D House",balance-of-power-2026-midterms
2026-02-27T00:00:28+00:00,R_Senate_D_House,0.44,"2026 Balance of Power: R Senate, D House",balance-of-power-2026-midterms
2026-02-28T00:00:31+00:00,R_Senate_D_House,0.435,"2026 Balance of Power: R Senate, D House",balance-of-power-2026-midterms
2026-03-01T00:00:35+00:00,R_Senate_D_House,0.43,"2026 Balance of Power: R Senate, D House",balance-of-power-2026-midterms
2026-03-02T00:00:42+00:00,R_Senate_D_House,0.425,"2026 Balance of Power: R Senate, D House",balance-of-power-2026-midterms
2026-03-03T00:00:31+00:00,R_Senate_D_House,0.425,"2026 Balance of Power: R Senate, D House",balance-of-power-2026-midterms
2026-03-04T00:00:34+00:00,R_Senate_D_House,0.405,"2026 Balance of Power: R Senate, D House",balance-of-power-2026-midterms
2026-03-05T00:00:31+00:00,R_Senate_D_House,0.425,"2026 Balance of Power: R Senate, D House",balance-of-power-2026-midterms
2026-03-06T00:00:30+00:00,R_Senate_D_House,0.425,"2026 Balance of Power: R Senate, D House",balance-of-power-2026-midterms
2026-03-07T00:00:34+00:00,R_Senate_D_House,0.395,"2026 Balance of Power: R Senate, D House",balance-of-power-2026-midterms
2026-03-08T00:00:29+00:00,R_Senate_D_House,0.4,"2026 Balance of Power: R Senate, D House",balance-of-power-2026-midterms
2026-03-09T00:00:24+00:00,R_Senate_D_House,0.395,"2026 Balance of Power: R Senate, D House",balance-of-power-2026-midterms
2026-03-10T00:00:29+00:00,R_Senate_D_House,0.38,"2026 Balance of Power: R Senate, D House",balance-of-power-2026-midterms
2026-03-11T00:00:33+00:00,R_Senate_D_House,0.355,"2026 Balance of Power: R Senate, D House",balance-of-power-2026-midterms
2026-03-12T00:00:32+00:00,R_Senate_D_House,0.365,"2026 Balance of Power: R Senate, D House",balance-of-power-2026-midterms
2026-03-13T00:00:48+00:00,R_Senate_D_House,0.365,"2026 Balance of Power: R Senate, D House",balance-of-power-2026-midterms
2026-03-14T00:00:51+00:00,R_Senate_D_House,0.365,"2026 Balance of Power: R Senate, D House",balance-of-power-2026-midterms
2026-03-15T00:00:55+00:00,R_Senate_D_House,0.355,"2026 Balance of Power: R Senate, D House",balance-of-power-2026-midterms
2026-03-17T00:00:42+00:00,R_Senate_D_House,0.355,"2026 Balance of Power: R Senate, D House",balance-of-power-2026-midterms
2026-03-18T00:00:43+00:00,R_Senate_D_House,0.345,"2026 Balance of Power: R Senate, D House",balance-of-power-2026-midterms
2026-03-19T00:00:58+00:00,R_Senate_D_House,0.345,"2026 Balance of Power: R Senate, D House",balance-of-power-2026-midterms
2026-03-20T00:00:48+00:00,R_Senate_D_House,0.345,"2026 Balance of Power: R Senate, D House",balance-of-power-2026-midterms
2026-03-21T00:00:47+00:00,R_Senate_D_House,0.355,"2026 Balance of Power: R Senate, D House",balance-of-power-2026-midterms
2026-03-22T00:00:44+00:00,R_Senate_D_House,0.365,"2026 Balance of Power: R Senate, D House",balance-of-power-2026-midterms
2026-03-23T00:00:38+00:00,R_Senate_D_House,0.365,"2026 Balance of Power: R Senate, D House",balance-of-power-2026-midterms
2026-03-24T00:00:34+00:00,R_Senate_D_House,0.355,"2026 Balance of Power: R Senate, D House",balance-of-power-2026-midterms
2026-03-25T00:00:33+00:00,R_Senate_D_House,0.365,"2026 Balance of Power: R Senate, D House",balance-of-power-2026-midterms
2026-03-26T00:00:37+00:00,R_Senate_D_House,0.365,"2026 Balance of Power: R Senate, D House",balance-of-power-2026-midterms
2026-03-27T00:00:48+00:00,R_Senate_D_House,0.355,"2026 Balance of Power: R Senate, D House",balance-of-power-2026-midterms
2026-03-28T00:00:51+00:00,R_Senate_D_House,0.365,"2026 Balance of Power: R Senate, D House",balance-of-power-2026-midterms
2026-03-29T00:00:57+00:00,R_Senate_D_House,0.365,"2026 Balance of Power: R Senate, D House",balance-of-power-2026-midterms
2026-04-09T00:00:32+00:00,R_Senate_D_House,0.355,"2026 Balance of Power: R Senate, D House",balance-of-power-2026-midterms
2026-04-18T00:00:26+00:00,R_Senate_D_House,0.345,"2026 Balance of Power: R Senate, D House",balance-of-power-2026-midterms
2026-04-22T00:00:17+00:00,R_Senate_D_House,0.345,"2026 Balance of Power: R Senate, D House",balance-of-power-2026-midterms
2026-04-23T00:00:21+00:00,R_Senate_D_House,0.375,"2026 Balance of Power: R Senate, D House",balance-of-power-2026-midterms
2026-04-24T00:00:34+00:00,R_Senate_D_House,0.375,"2026 Balance of Power: R Senate, D House",balance-of-power-2026-midterms
2026-04-25T00:00:16+00:00,R_Senate_D_House,0.375,"2026 Balance of Power: R Senate, D House",balance-of-power-2026-midterms
2026-04-26T00:00:10+00:00,R_Senate_D_House,0.355,"2026 Balance of Power: R Senate, D House",balance-of-power-2026-midterms
2026-04-27T00:00:11+00:00,R_Senate_D_House,0.365,"2026 Balance of Power: R Senate, D House",balance-of-power-2026-midterms
2026-04-28T00:00:14+00:00,R_Senate_D_House,0.375,"2026 Balance of Power: R Senate, D House",balance-of-power-2026-midterms
2026-04-29T00:00:11+00:00,R_Senate_D_House,0.385,"2026 Balance of Power: R Senate, D House",balance-of-power-2026-midterms
2026-04-30T00:00:17+00:00,R_Senate_D_House,0.385,"2026 Balance of Power: R Senate, D House",balance-of-power-2026-midterms
2026-05-01T00:00:20+00:00,R_Senate_D_House,0.375,"2026 Balance of Power: R Senate, D House",balance-of-power-2026-midterms
2026-05-02T00:00:13+00:00,R_Senate_D_House,0.385,"2026 Balance of Power: R Senate, D House",balance-of-power-2026-midterms
2026-05-03T00:00:07+00:00,R_Senate_D_House,0.385,"2026 Balance of Power: R Senate, D House",balance-of-power-2026-midterms
2026-05-04T00:00:06+00:00,R_Senate_D_House,0.355,"2026 Balance of Power: R Senate, D House",balance-of-power-2026-midterms
2026-05-05T00:00:20+00:00,R_Senate_D_House,0.355,"2026 Balance of Power: R Senate, D House",balance-of-power-2026-midterms
2026-05-06T00:00:11+00:00,R_Senate_D_House,0.355,"2026 Balance of Power: R Senate, D House",balance-of-power-2026-midterms
2026-05-07T00:00:10+00:00,R_Senate_D_House,0.345,"2026 Balance of Power: R Senate, D House",balance-of-power-2026-midterms
2026-05-08T00:00:09+00:00,R_Senate_D_House,0.345,"2026 Balance of Power: R Senate, D House",balance-of-power-2026-midterms
2026-05-09T00:00:25+00:00,R_Senate_D_House,0.335,"2026 Balance of Power: R Senate, D House",balance-of-power-2026-midterms
2026-05-10T00:00:11+00:00,R_Senate_D_House,0.335,"2026 Balance of Power: R Senate, D House",balance-of-power-2026-midterms
2026-05-11T00:00:12+00:00,R_Senate_D_House,0.335,"2026 Balance of Power: R Senate, D House",balance-of-power-2026-midterms
2026-05-12T00:00:17+00:00,R_Senate_D_House,0.335,"2026 Balance of Power: R Senate, D House",balance-of-power-2026-midterms
2026-05-13T00:00:15+00:00,R_Senate_D_House,0.325,"2026 Balance of Power: R Senate, D House",balance-of-power-2026-midterms
2026-05-14T00:00:21+00:00,R_Senate_D_House,0.325,"2026 Balance of Power: R Senate, D House",balance-of-power-2026-midterms
2026-05-15T00:00:12+00:00,R_Senate_D_House,0.335,"2026 Balance of Power: R Senate, D House",balance-of-power-2026-midterms
2026-05-16T00:00:19+00:00,R_Senate_D_House,0.335,"2026 Balance of Power: R Senate, D House",balance-of-power-2026-midterms
2026-05-17T00:00:30+00:00,R_Senate_D_House,0.335,"2026 Balance of Power: R Senate, D House",balance-of-power-2026-midterms
2026-05-18T00:00:14+00:00,R_Senate_D_House,0.335,"2026 Balance of Power: R Senate, D House",balance-of-power-2026-midterms
2026-05-19T00:00:10+00:00,R_Senate_D_House,0.325,"2026 Balance of Power: R Senate, D House",balance-of-power-2026-midterms
2026-05-20T00:00:15+00:00,R_Senate_D_House,0.335,"2026 Balance of Power: R Senate, D House",balance-of-power-2026-midterms
2026-05-21T00:00:16+00:00,R_Senate_D_House,0.335,"2026 Balance of Power: R Senate, D House",balance-of-power-2026-midterms
2026-05-22T00:00:24+00:00,R_Senate_D_House,0.335,"2026 Balance of Power: R Senate, D House",balance-of-power-2026-midterms
2026-05-23T00:00:13+00:00,R_Senate_D_House,0.335,"2026 Balance of Power: R Senate, D House",balance-of-power-2026-midterms
2026-05-24T00:00:09+00:00,R_Senate_D_House,0.325,"2026 Balance of Power: R Senate, D House",balance-of-power-2026-midterms
2026-05-25T00:00:08+00:00,R_Senate_D_House,0.325,"2026 Balance of Power: R Senate, D House",balance-of-power-2026-midterms
2026-05-26T00:00:08+00:00,R_Senate_D_House,0.325,"2026 Balance of Power: R Senate, D House",balance-of-power-2026-midterms
2026-05-27T00:00:10+00:00,R_Senate_D_House,0.325,"2026 Balance of Power: R Senate, D House",balance-of-power-2026-midterms
2026-05-28T00:00:13+00:00,R_Senate_D_House,0.325,"2026 Balance of Power: R Senate, D House",balance-of-power-2026-midterms
2026-05-29T00:00:14+00:00,R_Senate_D_House,0.325,"2026 Balance of Power: R Senate, D House",balance-of-power-2026-midterms
2026-05-30T00:00:22+00:00,R_Senate_D_House,0.335,"2026 Balance of Power: R Senate, D House",balance-of-power-2026-midterms
2026-05-31T00:00:12+00:00,R_Senate_D_House,0.345,"2026 Balance of Power: R Senate, D House",balance-of-power-2026-midterms
2026-06-01T00:00:07+00:00,R_Senate_D_House,0.345,"2026 Balance of Power: R Senate, D House",balance-of-power-2026-midterms
2026-06-02T00:00:10+00:00,R_Senate_D_House,0.345,"2026 Balance of Power: R Senate, D House",balance-of-power-2026-midterms
2026-06-03T00:00:10+00:00,R_Senate_D_House,0.355,"2026 Balance of Power: R Senate, D House",balance-of-power-2026-midterms
2026-06-04T00:00:06+00:00,R_Senate_D_House,0.365,"2026 Balance of Power: R Senate, D House",balance-of-power-2026-midterms
2026-06-05T00:00:19+00:00,R_Senate_D_House,0.365,"2026 Balance of Power: R Senate, D House",balance-of-power-2026-midterms
2026-06-06T00:00:05+00:00,R_Senate_D_House,0.365,"2026 Balance of Power: R Senate, D House",balance-of-power-2026-midterms
2026-06-07T00:00:16+00:00,R_Senate_D_House,0.365,"2026 Balance of Power: R Senate, D House",balance-of-power-2026-midterms
2026-06-08T00:00:06+00:00,R_Senate_D_House,0.365,"2026 Balance of Power: R Senate, D House",balance-of-power-2026-midterms
2026-06-09T00:00:08+00:00,R_Senate_D_House,0.365,"2026 Balance of Power: R Senate, D House",balance-of-power-2026-midterms
2026-06-10T00:00:08+00:00,R_Senate_D_House,0.365,"2026 Balance of Power: R Senate, D House",balance-of-power-2026-midterms
2026-06-11T00:00:12+00:00,R_Senate_D_House,0.365,"2026 Balance of Power: R Senate, D House",balance-of-power-2026-midterms
2026-06-12T00:00:08+00:00,R_Senate_D_House,0.345,"2026 Balance of Power: R Senate, D House",balance-of-power-2026-midterms
2026-06-13T00:00:08+00:00,R_Senate_D_House,0.345,"2026 Balance of Power: R Senate, D House",balance-of-power-2026-midterms
2026-06-14T00:00:12+00:00,R_Senate_D_House,0.345,"2026 Balance of Power: R Senate, D House",balance-of-power-2026-midterms
2026-06-15T00:00:08+00:00,R_Senate_D_House,0.365,"2026 Balance of Power: R Senate, D House",balance-of-power-2026-midterms
2026-06-16T00:00:12+00:00,R_Senate_D_House,0.355,"2026 Balance of Power: R Senate, D House",balance-of-power-2026-midterms
2026-06-17T00:00:11+00:00,R_Senate_D_House,0.355,"2026 Balance of Power: R Senate, D House",balance-of-power-2026-midterms
2026-06-18T00:00:28+00:00,R_Senate_D_House,0.355,"2026 Balance of Power: R Senate, D House",balance-of-power-2026-midterms
2026-06-19T00:00:27+00:00,R_Senate_D_House,0.355,"2026 Balance of Power: R Senate, D House",balance-of-power-2026-midterms
2026-06-20T00:00:08+00:00,R_Senate_D_House,0.365,"2026 Balance of Power: R Senate, D House",balance-of-power-2026-midterms
2026-06-21T00:00:12+00:00,R_Senate_D_House,0.365,"2026 Balance of Power: R Senate, D House",balance-of-power-2026-midterms
2026-06-22T00:00:11+00:00,R_Senate_D_House,0.365,"2026 Balance of Power: R Senate, D House",balance-of-power-2026-midterms
2026-06-23T00:00:12+00:00,R_Senate_D_House,0.365,"2026 Balance of Power: R Senate, D House",balance-of-power-2026-midterms
2026-06-24T00:00:10+00:00,R_Senate_D_House,0.365,"2026 Balance of Power: R Senate, D House",balance-of-power-2026-midterms
2026-06-25T00:00:18+00:00,R_Senate_D_House,0.365,"2026 Balance of Power: R Senate, D House",balance-of-power-2026-midterms
2026-06-26T00:00:09+00:00,R_Senate_D_House,0.365,"2026 Balance of Power: R Senate, D House",balance-of-power-2026-midterms
2026-06-27T00:00:10+00:00,R_Senate_D_House,0.375,"2026 Balance of Power: R Senate, D House",balance-of-power-2026-midterms
2026-06-28T00:00:09+00:00,R_Senate_D_House,0.375,"2026 Balance of Power: R Senate, D House",balance-of-power-2026-midterms
2026-06-29T00:00:09+00:00,R_Senate_D_House,0.375,"2026 Balance of Power: R Senate, D House",balance-of-power-2026-midterms
2026-06-30T00:00:11+00:00,R_Senate_D_House,0.385,"2026 Balance of Power: R Senate, D House",balance-of-power-2026-midterms
2026-07-01T00:00:14+00:00,R_Senate_D_House,0.385,"2026 Balance of Power: R Senate, D House",balance-of-power-2026-midterms
2026-07-02T00:00:13+00:00,R_Senate_D_House,0.395,"2026 Balance of Power: R Senate, D House",balance-of-power-2026-midterms
2026-07-03T00:00:10+00:00,R_Senate_D_House,0.395,"2026 Balance of Power: R Senate, D House",balance-of-power-2026-midterms
2026-07-04T00:00:11+00:00,R_Senate_D_House,0.395,"2026 Balance of Power: R Senate, D House",balance-of-power-2026-midterms
2026-07-05T00:00:11+00:00,R_Senate_D_House,0.395,"2026 Balance of Power: R Senate, D House",balance-of-power-2026-midterms
2026-07-06T00:00:05+00:00,R_Senate_D_House,0.395,"2026 Balance of Power: R Senate, D House",balance-of-power-2026-midterms
2026-07-07T00:00:11+00:00,R_Senate_D_House,0.405,"2026 Balance of Power: R Senate, D House",balance-of-power-2026-midterms
2026-07-08T00:00:07+00:00,R_Senate_D_House,0.405,"2026 Balance of Power: R Senate, D House",balance-of-power-2026-midterms
2026-07-09T00:00:14+00:00,R_Senate_D_House,0.405,"2026 Balance of Power: R Senate, D House",balance-of-power-2026-midterms
2026-07-10T00:00:11+00:00,R_Senate_D_House,0.405,"2026 Balance of Power: R Senate, D House",balance-of-power-2026-midterms
2026-07-11T00:00:10+00:00,R_Senate_D_House,0.405,"2026 Balance of Power: R Senate, D House",balance-of-power-2026-midterms
2026-07-12T00:00:23+00:00,R_Senate_D_House,0.405,"2026 Balance of Power: R Senate, D House",balance-of-power-2026-midterms
2026-07-13T00:00:12+00:00,R_Senate_D_House,0.405,"2026 Balance of Power: R Senate, D House",balance-of-power-2026-midterms
2026-07-14T00:00:10+00:00,R_Senate_D_House,0.405,"2026 Balance of Power: R Senate, D House",balance-of-power-2026-midterms
2026-07-15T00:00:14+00:00,R_Senate_D_House,0.405,"2026 Balance of Power: R Senate, D House",balance-of-power-2026-midterms
2026-07-16T00:00:14+00:00,R_Senate_D_House,0.405,"2026 Balance of Power: R Senate, D House",balance-of-power-2026-midterms
2026-07-17T00:00:15+00:00,R_Senate_D_House,0.405,"2026 Balance of Power: R Senate, D House",balance-of-power-2026-midterms
2026-07-18T00:00:11+00:00,R_Senate_D_House,0.405,"2026 Balance of Power: R Senate, D House",balance-of-power-2026-midterms
2026-07-19T00:00:17+00:00,R_Senate_D_House,0.405,"2026 Balance of Power: R Senate, D House",balance-of-power-2026-midterms
2026-07-20T00:00:27+00:00,R_Senate_D_House,0.405,"2026 Balance of Power: R Senate, D House",balance-of-power-2026-midterms
2026-07-21T00:00:15+00:00,R_Senate_D_House,0.405,"2026 Balance of Power: R Senate, D House",balance-of-power-2026-midterms
2026-07-22T00:00:11+00:00,R_Senate_D_House,0.405,"2026 Balance of Power: R Senate, D House",balance-of-power-2026-midterms
2026-07-23T00:00:20+00:00,R_Senate_D_House,0.405,"2026 Balance of Power: R Senate, D House",balance-of-power-2026-midterms
2026-07-24T00:00:27+00:00,R_Senate_D_House,0.405,"2026 Balance of Power: R Senate, D House",balance-of-power-2026-midterms
2026-07-25T00:00:43+00:00,R_Senate_D_House,0.405,"2026 Balance of Power: R Senate, D House",balance-of-power-2026-midterms
2026-07-26T00:00:40+00:00,R_Senate_D_House,0.405,"2026 Balance of Power: R Senate, D House",balance-of-power-2026-midterms
2026-07-27T00:00:53+00:00,R_Senate_D_House,0.415,"2026 Balance of Power: R Senate, D House",balance-of-power-2026-midterms
2026-07-28T00:00:48+00:00,R_Senate_D_House,0.415,"2026 Balance of Power: R Senate, D House",balance-of-power-2026-midterms
2026-07-30T00:00:26+00:00,R_Senate_D_House,0.415,"2026 Balance of Power: R Senate, D House",balance-of-power-2026-midterms
2026-07-31T00:00:23+00:00,R_Senate_D_House,0.425,"2026 Balance of Power: R Senate, D House",balance-of-power-2026-midterms
2026-08-01T00:00:14+00:00,R_Senate_D_House,0.425,"2026 Balance of Power: R Senate, D House",balance-of-power-2026-midterms
2026-08-02T00:00:15+00:00,R_Senate_D_House,0.415,"2026 Balance of Power: R Senate, D House",balance-of-power-2026-midterms
2026-08-03T00:00:12+00:00,R_Senate_D_House,0.415,"2026 Balance of Power: R Senate, D House",balance-of-power-2026-midterms
2026-08-04T00:00:14+00:00,R_Senate_D_House,0.415,"2026 Balance of Power: R Senate, D House",balance-of-power-2026-midterms
2026-08-05T00:00:15+00:00,R_Senate_D_House,0.405,"2026 Balance of Power: R Senate, D House",balance-of-power-2026-midterms
2026-08-06T00:00:14+00:00,R_Senate_D_House,0.405,"2026 Balance of Power: R Senate, D House",balance-of-power-2026-midterms
2026-08-07T00:00:14+00:00,R_Senate_D_House,0.405,"2026 Balance of Power: R Senate, D House",balance-of-power-2026-midterms
2026-08-08T00:00:18+00:00,R_Senate_D_House,0.405,"2026 Balance of Power: R Senate, D House",balance-of-power-2026-midterms
2026-08-09T00:00:28+00:00,R_Senate_D_House,0.405,"2026 Balance of Power: R Senate, D House",balance-of-power-2026-midterms
2026-08-10T00:00:20+00:00,R_Senate_D_House,0.405,"2026 Balance of Power: R Senate, D House",balance-of-power-2026-midterms
2026-08-11T00:00:25+00:00,R_Senate_D_House,0.405,"2026 Balance of Power: R Senate, D House",balance-of-power-2026-midterms
2026-08-12T00:00:16+00:00,R_Senate_D_House,0.385,"2026 Balance of Power: R Senate, D House",balance-of-power-2026-midterms
2026-08-13T00:00:22+00:00,R_Senate_D_House,0.375,"2026 Balance of Power: R Senate, D House",balance-of-power-2026-midterms
2026-08-14T00:00:22+00:00,R_Senate_D_House,0.375,"2026 Balance of Power: R Senate, D House",balance-of-power-2026-midterms
2026-08-15T00:00:20+00:00,R_Senate_D_House,0.375,"2026 Balance of Power: R Senate, D House",balance-of-power-2026-midterms
2026-08-16T00:00:22+00:00,R_Senate_D_House,0.375,"2026 Balance of Power: R Senate, D House",balance-of-power-2026-midterms
2026-08-17T00:00:24+00:00,R_Senate_D_House,0.365,"2026 Balance of Power: R Senate, D House",balance-of-power-2026-midterms
2026-08-18T00:00:34+00:00,R_Senate_D_House,0.375,"2026 Balance of Power: R Senate, D House",balance-of-power-2026-midterms
2026-08-19T00:00:23+00:00,R_Senate_D_House,0.385,"2026 Balance of Power: R Senate, D House",balance-of-power-2026-midterms
2026-08-20T00:00:27+00:00,R_Senate_D_House,0.395,"2026 Balance of Power: R Senate, D House",balance-of-power-2026-midterms
2026-08-21T00:00:25+00:00,R_Senate_D_House,0.375,"2026 Balance of Power: R Senate, D House",balance-of-power-2026-midterms
2026-08-22T00:00:24+00:00,R_Senate_D_House,0.375,"2026 Balance of Power: R Senate, D House",balance-of-power-2026-midterms
2026-08-23T00:00:22+00:00,R_Senate_D_House,0.375,"2026 Balance of Power: R Senate, D House",balance-of-power-2026-midterms
2026-08-24T00:00:26+00:00,R_Senate_D_House,0.385,"2026 Balance of Power: R Senate, D House",balance-of-power-2026-midterms
2026-08-25T00:00:23+00:00,R_Senate_D_House,0.385,"2026 Balance of Power: R Senate, D House",balance-of-power-2026-midterms
2026-08-26T00:00:26+00:00,R_Senate_D_House,0.375,"2026 Balance of Power: R Senate, D House",balance-of-power-2026-midterms
2026-08-27T00:00:26+00:00,R_Senate_D_House,0.375,"2026 Balance of Power: R Senate, D House",balance-of-power-2026-midterms
2026-08-28T00:00:26+00:00,R_Senate_D_House,0.335,"2026 Balance of Power: R Senate, D House",balance-of-power-2026-midterms
2026-08-29T00:00:26+00:00,R_Senate_D_House,0.345,"2026 Balance of Power: R Senate, D House",balance-of-power-2026-midterms
2026-08-30T00:00:26+00:00,R_Senate_D_House,0.345,"2026 Balance of Power: R Senate, D House",balance-of-power-2026-midterms
2026-08-31T00:00:24+00:00,R_Senate_D_House,0.355,"2026 Balance of Power: R Senate, D House",balance-of-power-2026-midterms
2026-09-01T00:00:37+00:00,R_Senate_D_House,0.355,"2026 Balance of Power: R Senate, D House",balance-of-power-2026-midterms
2026-09-02T00:00:24+00:00,R_Senate_D_House,0.355,"2026 Balance of Power: R Senate, D House",balance-of-power-2026-midterms
2026-09-03T00:00:29+00:00,R_Senate_D_House,0.355,"2026 Balance of Power: R Senate, D House",balance-of-power-2026-midterms
2026-09-04T00:00:21+00:00,R_Senate_D_House,0.355,"2026 Balance of Power: R Senate, D House",balance-of-power-2026-midterms
2026-09-05T00:00:21+00:00,R_Senate_D_House,0.355,"2026 Balance of Power: R Senate, D House",balance-of-power-2026-midterms
2026-09-06T00:00:27+00:00,R_Senate_D_House,0.355,"2026 Balance of Power: R Senate, D House",balance-of-power-2026-midterms
2026-09-07T00:00:35+00:00,R_Senate_D_House,0.355,"2026 Balance of Power: R Senate, D House",balance-of-power-2026-midterms
2026-09-08T00:00:18+00:00,R_Senate_D_House,0.355,"2026 Balance of Power: R Senate, D House",balance-of-power-2026-midterms
2026-09-09T00:00:27+00:00,R_Senate_D_House,0.345,"2026 Balance of Power: R Senate, D House",balance-of-power-2026-midterms
2026-09-10T00:00:21+00:00,R_Senate_D_House,0.355,"2026 Balance of Power: R Senate, D House",balance-of-power-2026-midterms
2026-09-11T00:00:24+00:00,R_Senate_D_House,0.355,"2026 Balance of Power: R Senate, D House",balance-of-power-2026-midterms
2026-09-12T00:00:24+00:00,R_Senate_D_House,0.365,"2026 Balance of Power: R Senate, D House",balance-of-power-2026-midterms
2026-09-13T00:00:23+00:00,R_Senate_D_House,0.355,"2026 Balance of Power: R Senate, D House",balance-of-power-2026-midterms
2026-09-14T00:00:19+00:00,R_Senate_D_House,0.335,"2026 Balance of Power: R Senate, D House",balance-of-power-2026-midterms
2026-09-15T00:00:18+00:00,R_Senate_D_House,0.315,"2026 Balance of Power: R Senate, D House",balance-of-power-2026-midterms
2026-09-16T00:00:19+00:00,R_Senate_D_House,0.325,"2026 Balance of Power: R Senate, D House",balance-of-power-2026-midterms
2026-09-17T00:00:22+00:00,R_Senate_D_House,0.305,"2026 Balance of Power: R Senate, D House",balance-of-power-2026-midterms
2026-09-18T00:00:25+00:00,R_Senate_D_House,0.305,"2026 Balance of Power: R Senate, D House",balance-of-power-2026-midterms
2026-09-19T00:00:26+00:00,R_Senate_D_House,0.305,"2026 Balance of Power: R Senate, D House",balance-of-power-2026-midterms
2026-09-20T00:00:25+00:00,R_Senate_D_House,0.305,"2026 Balance of Power: R Senate, D House",balance-of-power-2026-midterms
2026-09-21T00:00:22+00:00,R_Senate_D_House,0.305,"2026 Balance of Power: R Senate, D House",balance-of-power-2026-midterms
2026-09-22T00:00:22+00:00,R_Senate_D_House,0.305,"2026 Balance of Power: R Senate, D House",balance-of-power-2026-midterms
2026-09-23T00:00:24+00:00,R_Senate_D_House,0.275,"2026 Balance of Power: R Senate, D House",balance-of-power-2026-midterms
2026-09-24T00:00:35+00:00,R_Senate_D_House,0.265,"2026 Balance of Power: R Senate, D House",balance-of-power-2026-midterms
2026-09-25T00:00:28+00:00,R_Senate_D_House,0.285,"2026 Balance of Power: R Senate, D House",balance-of-power-2026-midterms
2026-09-26T00:00:22+00:00,R_Senate_D_House,0.275,"2026 Balance of Power: R Senate, D House",balance-of-power-2026-midterms
2026-09-27T00:00:22+00:00,R_Senate_D_House,0.315,"2026 Balance of Power: R Senate, D House",balance-of-power-2026-midterms
2026-09-28T00:00:35+00:00,R_Senate_D_House,0.305,"2026 Balance of Power: R Senate, D House",balance-of-power-2026-midterms
2026-09-29T00:00:23+00:00,R_Senate_D_House,0.305,"2026 Balance of Power: R Senate, D House",balance-of-power-2026-midterms
2026-09-30T00:00:24+00:00,R_Senate_D_House,0.285,"2026 Balance of Power: R Senate, D House",balance-of-power-2026-midterms
2026-10-01T00:00:26+00:00,R_Senate_D_House,0.285,"2026 Balance of Power: R Senate, D House",balance-of-power-2026-midterms
2026-10-02T00:00:25+00:00,R_Senate_D_House,0.295,"2026 Balance of Power: R Senate, D House",balance-of-power-2026-midterms
2026-10-03T00:00:28+00:00,R_Senate_D_House,0.295,"2026 Balance of Power: R Senate, D House",balance-of-power-2026-midterms
2026-10-04T00:00:24+00:00,R_Senate_D_House,0.285,"2026 Balance of Power: R Senate, D House",balance-of-power-2026-midterms
2026-10-05T00:00:29+00:00,R_Senate_D_House,0.275,"2026 Balance of Power: R Senate, D House",balance-of-power-2026-midterms
2026-10-06T00:00:27+00:00,R_Senate_D_House,0.265,"2026 Balance of Power: R Senate, D House",balance-of-power-2026-midterms
2026-10-06T16:01:24+00:00,R_Senate_D_House,0.265,"2026 Balance of Power: R Senate, D House",balance-of-power-2026-midterms
2025-07-19T00:00:09+00:00,R_Senate_R_House,0.215,"2026 Balance of Power: R Senate, R House",balance-of-power-2026-midterms
2025-07-20T00:00:08+00:00,R_Senate_R_House,0.215,"2026 Balance of Power: R Senate, R House",balance-of-power-2026-midterms
2025-07-21T00:00:07+00:00,R_Senate_R_House,0.215,"2026 Balance of Power: R Senate, R House",balance-of-power-2026-midterms
2025-07-22T00:00:09+00:00,R_Senate_R_House,0.215,"2026 Balance of Power: R Senate, R House",balance-of-power-2026-midterms
2025-07-23T00:00:09+00:00,R_Senate_R_House,0.215,"2026 Balance of Power: R Senate, R House",balance-of-power-2026-midterms
2025-07-24T00:00:09+00:00,R_Senate_R_House,0.215,"2026 Balance of Power: R Senate, R House",balance-of-power-2026-midterms
2025-07-25T00:00:09+00:00,R_Senate_R_House,0.215,"2026 Balance of Power: R Senate, R House",balance-of-power-2026-midterms
2025-07-26T00:00:09+00:00,R_Senate_R_House,0.215,"2026 Balance of Power: R Senate, R House",balance-of-power-2026-midterms
2025-07-27T00:00:10+00:00,R_Senate_R_House,0.215,"2026 Balance of Power: R Senate, R House",balance-of-power-2026-midterms
2025-07-28T00:00:09+00:00,R_Senate_R_House,0.225,"2026 Balance of Power: R Senate, R House",balance-of-power-2026-midterms
2025-07-29T00:00:10+00:00,R_Senate_R_House,0.225,"2026 Balance of Power: R Senate, R House",balance-of-power-2026-midterms
2025-07-30T00:00:10+00:00,R_Senate_R_House,0.225,"2026 Balance of Power: R Senate, R House",balance-of-power-2026-midterms
2025-07-31T00:00:08+00:00,R_Senate_R_House,0.225,"2026 Balance of Power: R Senate, R House",balance-of-power-2026-midterms
2025-08-01T00:00:09+00:00,R_Senate_R_House,0.225,"2026 Balance of Power: R Senate, R House",balance-of-power-2026-midterms
2025-08-02T00:00:09+00:00,R_Senate_R_House,0.225,"2026 Balance of Power: R Senate, R House",balance-of-power-2026-midterms
2025-08-03T00:00:08+00:00,R_Senate_R_House,0.225,"2026 Balance of Power: R Senate, R House",balance-of-power-2026-midterms
2025-08-04T00:00:07+00:00,R_Senate_R_House,0.225,"2026 Balance of Power: R Senate, R House",balance-of-power-2026-midterms
2025-08-05T00:00:08+00:00,R_Senate_R_House,0.225,"2026 Balance of Power: R Senate, R House",balance-of-power-2026-midterms
2025-08-06T00:00:09+00:00,R_Senate_R_House,0.225,"2026 Balance of Power: R Senate, R House",balance-of-power-2026-midterms
2025-08-07T00:00:11+00:00,R_Senate_R_House,0.225,"2026 Balance of Power: R Senate, R House",balance-of-power-2026-midterms
2025-08-08T00:00:08+00:00,R_Senate_R_House,0.225,"2026 Balance of Power: R Senate, R House",balance-of-power-2026-midterms
2025-08-09T00:00:09+00:00,R_Senate_R_House,0.225,"2026 Balance of Power: R Senate, R House",balance-of-power-2026-midterms
2025-08-10T00:00:07+00:00,R_Senate_R_House,0.235,"2026 Balance of Power: R Senate, R House",balance-of-power-2026-midterms
2025-08-11T00:00:14+00:00,R_Senate_R_House,0.235,"2026 Balance of Power: R Senate, R House",balance-of-power-2026-midterms
2025-08-12T00:00:03+00:00,R_Senate_R_House,0.235,"2026 Balance of Power: R Senate, R House",balance-of-power-2026-midterms
2025-08-13T00:00:11+00:00,R_Senate_R_House,0.225,"2026 Balance of Power: R Senate, R House",balance-of-power-2026-midterms
2025-08-14T00:00:05+00:00,R_Senate_R_House,0.225,"2026 Balance of Power: R Senate, R House",balance-of-power-2026-midterms
2025-08-15T00:00:11+00:00,R_Senate_R_House,0.225,"2026 Balance of Power: R Senate, R House",balance-of-power-2026-midterms
2025-08-16T00:00:09+00:00,R_Senate_R_House,0.23,"2026 Balance of Power: R Senate, R House",balance-of-power-2026-midterms
2025-08-17T00:00:08+00:00,R_Senate_R_House,0.225,"2026 Balance of Power: R Senate, R House",balance-of-power-2026-midterms
2025-08-18T00:00:02+00:00,R_Senate_R_House,0.225,"2026 Balance of Power: R Senate, R House",balance-of-power-2026-midterms
2025-08-19T00:00:14+00:00,R_Senate_R_House,0.225,"2026 Balance of Power: R Senate, R House",balance-of-power-2026-midterms
2025-08-20T00:00:03+00:00,R_Senate_R_House,0.225,"2026 Balance of Power: R Senate, R House",balance-of-power-2026-midterms
2025-08-21T00:00:08+00:00,R_Senate_R_House,0.225,"2026 Balance of Power: R Senate, R House",balance-of-power-2026-midterms
2025-08-22T00:00:04+00:00,R_Senate_R_House,0.225,"2026 Balance of Power: R Senate, R House",balance-of-power-2026-midterms
2025-08-23T00:00:14+00:00,R_Senate_R_House,0.225,"2026 Balance of Power: R Senate, R House",balance-of-power-2026-midterms
2025-08-24T00:00:09+00:00,R_Senate_R_House,0.225,"2026 Balance of Power: R Senate, R House",balance-of-power-2026-midterms
2025-08-25T00:00:15+00:00,R_Senate_R_House,0.225,"2026 Balance of Power: R Senate, R House",balance-of-power-2026-midterms
2025-08-26T00:00:04+00:00,R_Senate_R_House,0.23,"2026 Balance of Power: R Senate, R House",balance-of-power-2026-midterms
2025-08-27T00:00:03+00:00,R_Senate_R_House,0.23,"2026 Balance of Power: R Senate, R House",balance-of-power-2026-midterms
2025-08-28T00:00:08+00:00,R_Senate_R_House,0.23,"2026 Balance of Power: R Senate, R House",balance-of-power-2026-midterms
2025-08-29T00:00:09+00:00,R_Senate_R_House,0.23,"2026 Balance of Power: R Senate, R House",balance-of-power-2026-midterms
2025-08-30T00:00:12+00:00,R_Senate_R_House,0.23,"2026 Balance of Power: R Senate, R House",balance-of-power-2026-midterms
2025-08-31T00:00:14+00:00,R_Senate_R_House,0.235,"2026 Balance of Power: R Senate, R House",balance-of-power-2026-midterms
2025-09-01T00:00:04+00:00,R_Senate_R_House,0.235,"2026 Balance of Power: R Senate, R House",balance-of-power-2026-midterms
2025-09-02T00:00:06+00:00,R_Senate_R_House,0.235,"2026 Balance of Power: R Senate, R House",balance-of-power-2026-midterms
2025-09-03T00:00:16+00:00,R_Senate_R_House,0.235,"2026 Balance of Power: R Senate, R House",balance-of-power-2026-midterms
2025-09-04T00:00:08+00:00,R_Senate_R_House,0.24,"2026 Balance of Power: R Senate, R House",balance-of-power-2026-midterms
2025-09-05T00:00:13+00:00,R_Senate_R_House,0.255,"2026 Balance of Power: R Senate, R House",balance-of-power-2026-midterms
2025-09-06T00:00:02+00:00,R_Senate_R_House,0.26,"2026 Balance of Power: R Senate, R House",balance-of-power-2026-midterms
2025-09-07T00:00:07+00:00,R_Senate_R_House,0.265,"2026 Balance of Power: R Senate, R House",balance-of-power-2026-midterms
2025-09-08T00:00:15+00:00,R_Senate_R_House,0.265,"2026 Balance of Power: R Senate, R House",balance-of-power-2026-midterms
2025-09-09T00:00:15+00:00,R_Senate_R_House,0.265,"2026 Balance of Power: R Senate, R House",balance-of-power-2026-midterms
2025-09-10T00:00:08+00:00,R_Senate_R_House,0.265,"2026 Balance of Power: R Senate, R House",balance-of-power-2026-midterms
2025-09-11T00:00:12+00:00,R_Senate_R_House,0.265,"2026 Balance of Power: R Senate, R House",balance-of-power-2026-midterms
2025-09-12T00:00:26+00:00,R_Senate_R_House,0.265,"2026 Balance of Power: R Senate, R House",balance-of-power-2026-midterms
2025-09-13T00:00:05+00:00,R_Senate_R_House,0.265,"2026 Balance of Power: R Senate, R House",balance-of-power-2026-midterms
2025-09-14T00:00:15+00:00,R_Senate_R_House,0.265,"2026 Balance of Power: R Senate, R House",balance-of-power-2026-midterms
2025-09-15T00:00:07+00:00,R_Senate_R_House,0.265,"2026 Balance of Power: R Senate, R House",balance-of-power-2026-midterms
2025-09-16T00:00:05+00:00,R_Senate_R_House,0.265,"2026 Balance of Power: R Senate, R House",balance-of-power-2026-midterms
2025-09-17T00:00:07+00:00,R_Senate_R_House,0.265,"2026 Balance of Power: R Senate, R House",balance-of-power-2026-midterms
2025-09-18T00:00:04+00:00,R_Senate_R_House,0.265,"2026 Balance of Power: R Senate, R House",balance-of-power-2026-midterms
2025-09-19T00:00:05+00:00,R_Senate_R_House,0.27,"2026 Balance of Power: R Senate, R House",balance-of-power-2026-midterms
2025-09-20T00:00:21+00:00,R_Senate_R_House,0.275,"2026 Balance of Power: R Senate, R House",balance-of-power-2026-midterms
2025-09-21T00:00:09+00:00,R_Senate_R_House,0.275,"2026 Balance of Power: R Senate, R House",balance-of-power-2026-midterms
2025-09-22T00:00:19+00:00,R_Senate_R_House,0.28,"2026 Balance of Power: R Senate, R House",balance-of-power-2026-midterms
2025-09-23T00:00:05+00:00,R_Senate_R_House,0.28,"2026 Balance of Power: R Senate, R House",balance-of-power-2026-midterms
2025-09-24T00:00:12+00:00,R_Senate_R_House,0.28,"2026 Balance of Power: R Senate, R House",balance-of-power-2026-midterms
2025-09-25T00:00:07+00:00,R_Senate_R_House,0.29,"2026 Balance of Power: R Senate, R House",balance-of-power-2026-midterms
2025-09-26T00:00:13+00:00,R_Senate_R_House,0.285,"2026 Balance of Power: R Senate, R House",balance-of-power-2026-midterms
2025-09-27T00:00:08+00:00,R_Senate_R_House,0.29,"2026 Balance of Power: R Senate, R House",balance-of-power-2026-midterms
2025-09-28T00:00:10+00:00,R_Senate_R_House,0.29,"2026 Balance of Power: R Senate, R House",balance-of-power-2026-midterms
2025-09-29T00:00:08+00:00,R_Senate_R_House,0.29,"2026 Balance of Power: R Senate, R House",balance-of-power-2026-midterms
2025-09-30T00:00:03+00:00,R_Senate_R_House,0.31,"2026 Balance of Power: R Senate, R House",balance-of-power-2026-midterms
2025-10-01T00:00:10+00:00,R_Senate_R_House,0.31,"2026 Balance of Power: R Senate, R House",balance-of-power-2026-midterms
2025-10-02T00:00:04+00:00,R_Senate_R_House,0.315,"2026 Balance of Power: R Senate, R House",balance-of-power-2026-midterms
2025-10-03T00:00:10+00:00,R_Senate_R_House,0.315,"2026 Balance of Power: R Senate, R House",balance-of-power-2026-midterms
2025-10-04T00:00:02+00:00,R_Senate_R_House,0.3,"2026 Balance of Power: R Senate, R House",balance-of-power-2026-midterms
2025-10-05T00:00:05+00:00,R_Senate_R_House,0.3,"2026 Balance of Power: R Senate, R House",balance-of-power-2026-midterms
2025-10-06T00:00:07+00:00,R_Senate_R_House,0.3,"2026 Balance of Power: R Senate, R House",balance-of-power-2026-midterms
2025-10-07T00:00:12+00:00,R_Senate_R_House,0.295,"2026 Balance of Power: R Senate, R House",balance-of-power-2026-midterms
2025-10-08T00:00:13+00:00,R_Senate_R_House,0.295,"2026 Balance of Power: R Senate, R House",balance-of-power-2026-midterms
2025-10-09T00:00:10+00:00,R_Senate_R_House,0.295,"2026 Balance of Power: R Senate, R House",balance-of-power-2026-midterms
2025-10-10T00:00:15+00:00,R_Senate_R_House,0.305,"2026 Balance of Power: R Senate, R House",balance-of-power-2026-midterms
2025-10-11T00:00:13+00:00,R_Senate_R_House,0.35,"2026 Balance of Power: R Senate, R House",balance-of-power-2026-midterms
2025-10-12T00:00:08+00:00,R_Senate_R_House,0.335,"2026 Balance of Power: R Senate, R House",balance-of-power-2026-midterms
2025-10-13T00:00:17+00:00,R_Senate_R_House,0.34,"2026 Balance of Power: R Senate, R House",balance-of-power-2026-midterms
2025-10-14T00:00:17+00:00,R_Senate_R_House,0.34,"2026 Balance of Power: R Senate, R House",balance-of-power-2026-midterms
2025-10-15T00:00:15+00:00,R_Senate_R_House,0.335,"2026 Balance of Power: R Senate, R House",balance-of-power-2026-midterms
2025-10-16T00:00:12+00:00,R_Senate_R_House,0.34,"2026 Balance of Power: R Senate, R House",balance-of-power-2026-midterms
2025-10-17T00:00:05+00:00,R_Senate_R_House,0.355,"2026 Balance of Power: R Senate, R House",balance-of-power-2026-midterms
2025-10-18T00:00:19+00:00,R_Senate_R_House,0.325,"2026 Balance of Power: R Senate, R House",balance-of-power-2026-midterms
2025-10-19T00:00:10+00:00,R_Senate_R_House,0.335,"2026 Balance of Power: R Senate, R House",balance-of-power-2026-midterms
2025-10-20T00:00:10+00:00,R_Senate_R_House,0.345,"2026 Balance of Power: R Senate, R House",balance-of-power-2026-midterms
2025-10-21T00:00:19+00:00,R_Senate_R_House,0.35,"2026 Balance of Power: R Senate, R House",balance-of-power-2026-midterms
2025-10-22T00:00:16+00:00,R_Senate_R_House,0.345,"2026 Balance of Power: R Senate, R House",balance-of-power-2026-midterms
2025-10-23T00:00:09+00:00,R_Senate_R_House,0.33,"2026 Balance of Power: R Senate, R House",balance-of-power-2026-midterms
2025-10-24T00:00:13+00:00,R_Senate_R_House,0.33,"2026 Balance of Power: R Senate, R House",balance-of-power-2026-midterms
2025-10-25T00:00:13+00:00,R_Senate_R_House,0.35,"2026 Balance of Power: R Senate, R House",balance-of-power-2026-midterms
2025-10-26T00:00:15+00:00,R_Senate_R_House,0.345,"2026 Balance of Power: R Senate, R House",balance-of-power-2026-midterms
2025-10-27T00:00:13+00:00,R_Senate_R_House,0.345,"2026 Balance of Power: R Senate, R House",balance-of-power-2026-midterms
2025-10-28T00:00:16+00:00,R_Senate_R_House,0.355,"2026 Balance of Power: R Senate, R House",balance-of-power-2026-midterms
2025-10-29T00:00:16+00:00,R_Senate_R_House,0.345,"2026 Balance of Power: R Senate, R House",balance-of-power-2026-midterms
2025-10-30T00:00:15+00:00,R_Senate_R_House,0.35,"2026 Balance of Power: R Senate, R House",balance-of-power-2026-midterms
2025-10-31T00:00:10+00:00,R_Senate_R_House,0.355,"2026 Balance of Power: R Senate, R House",balance-of-power-2026-midterms
2025-11-01T00:00:15+00:00,R_Senate_R_House,0.33,"2026 Balance of Power: R Senate, R House",balance-of-power-2026-midterms
2025-11-02T00:00:12+00:00,R_Senate_R_House,0.325,"2026 Balance of Power: R Senate, R House",balance-of-power-2026-midterms
2025-11-03T00:00:13+00:00,R_Senate_R_House,0.335,"2026 Balance of Power: R Senate, R House",balance-of-power-2026-midterms
2025-11-04T00:00:14+00:00,R_Senate_R_House,0.335,"2026 Balance of Power: R Senate, R House",balance-of-power-2026-midterms
2025-11-05T00:00:14+00:00,R_Senate_R_House,0.335,"2026 Balance of Power: R Senate, R House",balance-of-power-2026-midterms
2025-11-06T00:00:09+00:00,R_Senate_R_House,0.255,"2026 Balance of Power: R Senate, R House",balance-of-power-2026-midterms
2025-11-07T00:00:14+00:00,R_Senate_R_House,0.275,"2026 Balance of Power: R Senate, R House",balance-of-power-2026-midterms
2025-11-08T00:00:11+00:00,R_Senate_R_House,0.255,"2026 Balance of Power: R Senate, R House",balance-of-power-2026-midterms
2025-11-09T00:00:27+00:00,R_Senate_R_House,0.26,"2026 Balance of Power: R Senate, R House",balance-of-power-2026-midterms
2025-11-10T00:00:10+00:00,R_Senate_R_House,0.225,"2026 Balance of Power: R Senate, R House",balance-of-power-2026-midterms
2025-11-11T00:00:16+00:00,R_Senate_R_House,0.27,"2026 Balance of Power: R Senate, R House",balance-of-power-2026-midterms
2025-11-12T00:00:15+00:00,R_Senate_R_House,0.265,"2026 Balance of Power: R Senate, R House",balance-of-power-2026-midterms
2025-11-13T00:00:14+00:00,R_Senate_R_House,0.22,"2026 Balance of Power: R Senate, R House",balance-of-power-2026-midterms
2025-11-14T00:00:14+00:00,R_Senate_R_House,0.235,"2026 Balance of Power: R Senate, R House",balance-of-power-2026-midterms
2025-11-15T00:00:16+00:00,R_Senate_R_House,0.235,"2026 Balance of Power: R Senate, R House",balance-of-power-2026-midterms
2025-11-16T00:00:12+00:00,R_Senate_R_House,0.23,"2026 Balance of Power: R Senate, R House",balance-of-power-2026-midterms
2025-11-17T00:00:15+00:00,R_Senate_R_House,0.23,"2026 Balance of Power: R Senate, R House",balance-of-power-2026-midterms
2025-11-18T00:00:12+00:00,R_Senate_R_House,0.23,"2026 Balance of Power: R Senate, R House",balance-of-power-2026-midterms
2025-11-19T00:00:17+00:00,R_Senate_R_House,0.21,"2026 Balance of Power: R Senate, R House",balance-of-power-2026-midterms
2025-11-20T00:00:12+00:00,R_Senate_R_House,0.205,"2026 Balance of Power: R Senate, R House",balance-of-power-2026-midterms
2025-11-21T00:00:18+00:00,R_Senate_R_House,0.19,"2026 Balance of Power: R Senate, R House",balance-of-power-2026-midterms
2025-11-22T00:00:13+00:00,R_Senate_R_House,0.2,"2026 Balance of Power: R Senate, R House",balance-of-power-2026-midterms
2025-11-23T00:00:13+00:00,R_Senate_R_House,0.185,"2026 Balance of Power: R Senate, R House",balance-of-power-2026-midterms
2025-11-24T00:00:13+00:00,R_Senate_R_House,0.19,"2026 Balance of Power: R Senate, R House",balance-of-power-2026-midterms
2025-11-25T00:00:16+00:00,R_Senate_R_House,0.19,"2026 Balance of Power: R Senate, R House",balance-of-power-2026-midterms
2025-11-26T00:00:13+00:00,R_Senate_R_House,0.19,"2026 Balance of Power: R Senate, R House",balance-of-power-2026-midterms
2025-11-27T00:00:16+00:00,R_Senate_R_House,0.19,"2026 Balance of Power: R Senate, R House",balance-of-power-2026-midterms
2025-11-28T00:00:15+00:00,R_Senate_R_House,0.165,"2026 Balance of Power: R Senate, R House",balance-of-power-2026-midterms
2025-11-29T00:00:20+00:00,R_Senate_R_House,0.185,"2026 Balance of Power: R Senate, R House",balance-of-power-2026-midterms
2025-11-30T00:00:15+00:00,R_Senate_R_House,0.19,"2026 Balance of Power: R Senate, R House",balance-of-power-2026-midterms
2025-12-01T00:00:17+00:00,R_Senate_R_House,0.195,"2026 Balance of Power: R Senate, R House",balance-of-power-2026-midterms
2025-12-02T00:00:12+00:00,R_Senate_R_House,0.165,"2026 Balance of Power: R Senate, R House",balance-of-power-2026-midterms
2025-12-03T00:00:18+00:00,R_Senate_R_House,0.16,"2026 Balance of Power: R Senate, R House",balance-of-power-2026-midterms
2025-12-04T00:00:13+00:00,R_Senate_R_House,0.145,"2026 Balance of Power: R Senate, R House",balance-of-power-2026-midterms
2025-12-05T00:00:14+00:00,R_Senate_R_House,0.15,"2026 Balance of Power: R Senate, R House",balance-of-power-2026-midterms
2025-12-06T00:00:15+00:00,R_Senate_R_House,0.155,"2026 Balance of Power: R Senate, R House",balance-of-power-2026-midterms
2025-12-07T00:00:28+00:00,R_Senate_R_House,0.16,"2026 Balance of Power: R Senate, R House",balance-of-power-2026-midterms
2025-12-08T00:00:27+00:00,R_Senate_R_House,0.19,"2026 Balance of Power: R Senate, R House",balance-of-power-2026-midterms
2025-12-09T00:00:24+00:00,R_Senate_R_House,0.19,"2026 Balance of Power: R Senate, R House",balance-of-power-2026-midterms
2025-12-10T00:00:13+00:00,R_Senate_R_House,0.215,"2026 Balance of Power: R Senate, R House",balance-of-power-2026-midterms
2025-12-11T00:00:13+00:00,R_Senate_R_House,0.22,"2026 Balance of Power: R Senate, R House",balance-of-power-2026-midterms
2025-12-12T00:00:13+00:00,R_Senate_R_House,0.22,"2026 Balance of Power: R Senate, R House",balance-of-power-2026-midterms
2025-12-13T00:00:15+00:00,R_Senate_R_House,0.215,"2026 Balance of Power: R Senate, R House",balance-of-power-2026-midterms
2025-12-14T00:00:16+00:00,R_Senate_R_House,0.215,"2026 Balance of Power: R Senate, R House",balance-of-power-2026-midterms
2025-12-15T00:00:17+00:00,R_Senate_R_House,0.215,"2026 Balance of Power: R Senate, R House",balance-of-power-2026-midterms
2025-12-16T00:00:14+00:00,R_Senate_R_House,0.215,"2026 Balance of Power: R Senate, R House",balance-of-power-2026-midterms
2025-12-17T00:00:11+00:00,R_Senate_R_House,0.215,"2026 Balance of Power: R Senate, R House",balance-of-power-2026-midterms
2025-12-17T00:00:34+00:00,R_Senate_R_House,0.215,"2026 Balance of Power: R Senate, R House",balance-of-power-2026-midterms
2025-12-18T00:00:23+00:00,R_Senate_R_House,0.215,"2026 Balance of Power: R Senate, R House",balance-of-power-2026-midterms
2025-12-19T00:00:14+00:00,R_Senate_R_House,0.21,"2026 Balance of Power: R Senate, R House",balance-of-power-2026-midterms
2025-12-20T00:00:13+00:00,R_Senate_R_House,0.195,"2026 Balance of Power: R Senate, R House",balance-of-power-2026-midterms
2025-12-21T00:00:14+00:00,R_Senate_R_House,0.2,"2026 Balance of Power: R Senate, R House",balance-of-power-2026-midterms
2025-12-22T00:00:13+00:00,R_Senate_R_House,0.2,"2026 Balance of Power: R Senate, R House",balance-of-power-2026-midterms
2025-12-23T00:00:15+00:00,R_Senate_R_House,0.195,"2026 Balance of Power: R Senate, R House",balance-of-power-2026-midterms
2025-12-24T00:00:15+00:00,R_Senate_R_House,0.175,"2026 Balance of Power: R Senate, R House",balance-of-power-2026-midterms
2025-12-25T00:00:25+00:00,R_Senate_R_House,0.175,"2026 Balance of Power: R Senate, R House",balance-of-power-2026-midterms
2025-12-26T00:00:11+00:00,R_Senate_R_House,0.175,"2026 Balance of Power: R Senate, R House",balance-of-power-2026-midterms
2025-12-27T00:00:15+00:00,R_Senate_R_House,0.18,"2026 Balance of Power: R Senate, R House",balance-of-power-2026-midterms
2025-12-28T00:00:15+00:00,R_Senate_R_House,0.175,"2026 Balance of Power: R Senate, R House",balance-of-power-2026-midterms
2025-12-29T00:00:32+00:00,R_Senate_R_House,0.175,"2026 Balance of Power: R Senate, R House",balance-of-power-2026-midterms
2025-12-30T00:00:19+00:00,R_Senate_R_House,0.19,"2026 Balance of Power: R Senate, R House",balance-of-power-2026-midterms
2025-12-31T00:00:15+00:00,R_Senate_R_House,0.19,"2026 Balance of Power: R Senate, R House",balance-of-power-2026-midterms
2026-01-01T00:00:16+00:00,R_Senate_R_House,0.19,"2026 Balance of Power: R Senate, R House",balance-of-power-2026-midterms
2026-01-02T00:00:15+00:00,R_Senate_R_House,0.175,"2026 Balance of Power: R Senate, R House",balance-of-power-2026-midterms
2026-01-03T00:00:14+00:00,R_Senate_R_House,0.175,"2026 Balance of Power: R Senate, R House",balance-of-power-2026-midterms
2026-01-04T00:00:15+00:00,R_Senate_R_House,0.16,"2026 Balance of Power: R Senate, R House",balance-of-power-2026-midterms
2026-01-05T00:00:17+00:00,R_Senate_R_House,0.165,"2026 Balance of Power: R Senate, R House",balance-of-power-2026-midterms
2026-01-06T00:00:19+00:00,R_Senate_R_House,0.17,"2026 Balance of Power: R Senate, R House",balance-of-power-2026-midterms
2026-01-07T00:00:16+00:00,R_Senate_R_House,0.17,"2026 Balance of Power: R Senate, R House",balance-of-power-2026-midterms
2026-01-08T00:00:32+00:00,R_Senate_R_House,0.17,"2026 Balance of Power: R Senate, R House",balance-of-power-2026-midterms
2026-01-09T00:00:17+00:00,R_Senate_R_House,0.16,"2026 Balance of Power: R Senate, R House",balance-of-power-2026-midterms
2026-01-10T00:00:18+00:00,R_Senate_R_House,0.17,"2026 Balance of Power: R Senate, R House",balance-of-power-2026-midterms
2026-01-11T00:00:16+00:00,R_Senate_R_House,0.185,"2026 Balance of Power: R Senate, R House",balance-of-power-2026-midterms
2026-01-12T00:00:18+00:00,R_Senate_R_House,0.19,"2026 Balance of Power: R Senate, R House",balance-of-power-2026-midterms
2026-01-13T00:00:18+00:00,R_Senate_R_House,0.195,"2026 Balance of Power: R Senate, R House",balance-of-power-2026-midterms
2026-01-14T00:00:19+00:00,R_Senate_R_House,0.195,"2026 Balance of Power: R Senate, R House",balance-of-power-2026-midterms
2026-01-15T00:00:20+00:00,R_Senate_R_House,0.19,"2026 Balance of Power: R Senate, R House",balance-of-power-2026-midterms
2026-01-16T00:00:23+00:00,R_Senate_R_House,0.195,"2026 Balance of Power: R Senate, R House",balance-of-power-2026-midterms
2026-01-17T00:00:20+00:00,R_Senate_R_House,0.2,"2026 Balance of Power: R Senate, R House",balance-of-power-2026-midterms
2026-01-18T00:00:28+00:00,R_Senate_R_House,0.21,"2026 Balance of Power: R Senate, R House",balance-of-power-2026-midterms
2026-01-19T00:00:17+00:00,R_Senate_R_House,0.205,"2026 Balance of Power: R Senate, R House",balance-of-power-2026-midterms
2026-01-20T00:00:18+00:00,R_Senate_R_House,0.2,"2026 Balance of Power: R Senate, R House",balance-of-power-2026-midterms
2026-01-21T00:00:20+00:00,R_Senate_R_House,0.195,"2026 Balance of Power: R Senate, R House",balance-of-power-2026-midterms
2026-01-22T00:00:27+00:00,R_Senate_R_House,0.205,"2026 Balance of Power: R Senate, R House",balance-of-power-2026-midterms
2026-01-23T00:00:36+00:00,R_Senate_R_House,0.205,"2026 Balance of Power: R Senate, R House",balance-of-power-2026-midterms
2026-01-24T00:00:30+00:00,R_Senate_R_House,0.215,"2026 Balance of Power: R Senate, R House",balance-of-power-2026-midterms
2026-01-25T00:00:38+00:00,R_Senate_R_House,0.215,"2026 Balance of Power: R Senate, R House",balance-of-power-2026-midterms
2026-01-26T00:00:37+00:00,R_Senate_R_House,0.215,"2026 Balance of Power: R Senate, R House",balance-of-power-2026-midterms
2026-01-27T00:00:32+00:00,R_Senate_R_House,0.195,"2026 Balance of Power: R Senate, R House",balance-of-power-2026-midterms
2026-01-28T00:00:22+00:00,R_Senate_R_House,0.195,"2026 Balance of Power: R Senate, R House",balance-of-power-2026-midterms
2026-01-29T00:00:37+00:00,R_Senate_R_House,0.195,"2026 Balance of Power: R Senate, R House",balance-of-power-2026-midterms
2026-01-30T00:00:25+00:00,R_Senate_R_House,0.195,"2026 Balance of Power: R Senate, R House",balance-of-power-2026-midterms
2026-01-31T00:00:25+00:00,R_Senate_R_House,0.195,"2026 Balance of Power: R Senate, R House",balance-of-power-2026-midterms
2026-02-01T00:00:30+00:00,R_Senate_R_House,0.19,"2026 Balance of Power: R Senate, R House",balance-of-power-2026-midterms
2026-02-02T00:00:24+00:00,R_Senate_R_House,0.185,"2026 Balance of Power: R Senate, R House",balance-of-power-2026-midterms
2026-02-03T00:00:26+00:00,R_Senate_R_House,0.165,"2026 Balance of Power: R Senate, R House",balance-of-power-2026-midterms
2026-02-04T00:00:37+00:00,R_Senate_R_House,0.175,"2026 Balance of Power: R Senate, R House",balance-of-power-2026-midterms
2026-02-05T00:00:23+00:00,R_Senate_R_House,0.16,"2026 Balance of Power: R Senate, R House",balance-of-power-2026-midterms
2026-02-06T00:00:29+00:00,R_Senate_R_House,0.165,"2026 Balance of Power: R Senate, R House",balance-of-power-2026-midterms
2026-02-07T00:00:35+00:00,R_Senate_R_House,0.155,"2026 Balance of Power: R Senate, R House",balance-of-power-2026-midterms
2026-02-08T00:00:31+00:00,R_Senate_R_House,0.15,"2026 Balance of Power: R Senate, R House",balance-of-power-2026-midterms
2026-02-09T00:00:30+00:00,R_Senate_R_House,0.155,"2026 Balance of Power: R Senate, R House",balance-of-power-2026-midterms
2026-02-10T00:00:33+00:00,R_Senate_R_House,0.13,"2026 Balance of Power: R Senate, R House",balance-of-power-2026-midterms
2026-02-11T00:00:34+00:00,R_Senate_R_House,0.135,"2026 Balance of Power: R Senate, R House",balance-of-power-2026-midterms
2026-02-12T00:00:43+00:00,R_Senate_R_House,0.145,"2026 Balance of Power: R Senate, R House",balance-of-power-2026-midterms
2026-02-13T00:00:32+00:00,R_Senate_R_House,0.14,"2026 Balance of Power: R Senate, R House",balance-of-power-2026-midterms
2026-02-14T00:00:36+00:00,R_Senate_R_House,0.14,"2026 Balance of Power: R Senate, R House",balance-of-power-2026-midterms
2026-02-15T00:00:34+00:00,R_Senate_R_House,0.16,"2026 Balance of Power: R Senate, R House",balance-of-power-2026-midterms
2026-02-16T00:00:44+00:00,R_Senate_R_House,0.14,"2026 Balance of Power: R Senate, R House",balance-of-power-2026-midterms
2026-02-17T00:00:36+00:00,R_Senate_R_House,0.155,"2026 Balance of Power: R Senate, R House",balance-of-power-2026-midterms
2026-02-18T00:00:40+00:00,R_Senate_R_House,0.155,"2026 Balance of Power: R Senate, R House",balance-of-power-2026-midterms
2026-02-19T00:00:40+00:00,R_Senate_R_House,0.155,"2026 Balance of Power: R Senate, R House",balance-of-power-2026-midterms
2026-02-20T00:00:40+00:00,R_Senate_R_House,0.155,"2026 Balance of Power: R Senate, R House",balance-of-power-2026-midterms
2026-02-21T00:00:27+00:00,R_Senate_R_House,0.145,"2026 Balance of Power: R Senate, R House",balance-of-power-2026-midterms
2026-02-22T00:00:27+00:00,R_Senate_R_House,0.14,"2026 Balance of Power: R Senate, R House",balance-of-power-2026-midterms
2026-02-23T00:00:31+00:00,R_Senate_R_House,0.135,"2026 Balance of Power: R Senate, R House",balance-of-power-2026-midterms
2026-02-24T00:00:31+00:00,R_Senate_R_House,0.145,"2026 Balance of Power: R Senate, R House",balance-of-power-2026-midterms
2026-02-25T00:00:36+00:00,R_Senate_R_House,0.145,"2026 Balance of Power: R Senate, R House",balance-of-power-2026-midterms
2026-02-26T00:00:33+00:00,R_Senate_R_House,0.15,"2026 Balance of Power: R Senate, R House",balance-of-power-2026-midterms
2026-02-27T00:00:37+00:00,R_Senate_R_House,0.15,"2026 Balance of Power: R Senate, R House",balance-of-power-2026-midterms
2026-02-28T00:00:38+00:00,R_Senate_R_House,0.15,"2026 Balance of Power: R Senate, R House",balance-of-power-2026-midterms
2026-03-01T00:00:48+00:00,R_Senate_R_House,0.135,"2026 Balance of Power: R Senate, R House",balance-of-power-2026-midterms
2026-03-02T00:00:49+00:00,R_Senate_R_House,0.14,"2026 Balance of Power: R Senate, R House",balance-of-power-2026-midterms
2026-03-03T00:00:41+00:00,R_Senate_R_House,0.16,"2026 Balance of Power: R Senate, R House",balance-of-power-2026-midterms
2026-03-04T00:00:42+00:00,R_Senate_R_House,0.175,"2026 Balance of Power: R Senate, R House",balance-of-power-2026-midterms
2026-03-05T00:00:39+00:00,R_Senate_R_House,0.165,"2026 Balance of Power: R Senate, R House",balance-of-power-2026-midterms
2026-03-06T00:00:37+00:00,R_Senate_R_House,0.165,"2026 Balance of Power: R Senate, R House",balance-of-power-2026-midterms
2026-03-07T00:00:43+00:00,R_Senate_R_House,0.165,"2026 Balance of Power: R Senate, R House",balance-of-power-2026-midterms
2026-03-08T00:00:35+00:00,R_Senate_R_House,0.165,"2026 Balance of Power: R Senate, R House",balance-of-power-2026-midterms
2026-03-09T00:00:30+00:00,R_Senate_R_House,0.165,"2026 Balance of Power: R Senate, R House",balance-of-power-2026-midterms
2026-03-10T00:00:37+00:00,R_Senate_R_House,0.165,"2026 Balance of Power: R Senate, R House",balance-of-power-2026-midterms
2026-03-11T00:00:40+00:00,R_Senate_R_House,0.185,"2026 Balance of Power: R Senate, R House",balance-of-power-2026-midterms
2026-03-12T00:00:41+00:00,R_Senate_R_House,0.185,"2026 Balance of Power: R Senate, R House",balance-of-power-2026-midterms
2026-03-13T00:00:57+00:00,R_Senate_R_House,0.165,"2026 Balance of Power: R Senate, R House",balance-of-power-2026-midterms
2026-03-14T00:00:35+00:00,R_Senate_R_House,0.165,"2026 Balance of Power: R Senate, R House",balance-of-power-2026-midterms
2026-03-15T00:00:35+00:00,R_Senate_R_House,0.165,"2026 Balance of Power: R Senate, R House",balance-of-power-2026-midterms
2026-03-16T00:00:49+00:00,R_Senate_R_House,0.165,"2026 Balance of Power: R Senate, R House",balance-of-power-2026-midterms
2026-03-17T00:00:32+00:00,R_Senate_R_House,0.165,"2026 Balance of Power: R Senate, R House",balance-of-power-2026-midterms
2026-03-18T00:00:33+00:00,R_Senate_R_House,0.155,"2026 Balance of Power: R Senate, R House",balance-of-power-2026-midterms
2026-03-19T00:00:40+00:00,R_Senate_R_House,0.155,"2026 Balance of Power: R Senate, R House",balance-of-power-2026-midterms
2026-03-20T00:00:38+00:00,R_Senate_R_House,0.155,"2026 Balance of Power: R Senate, R House",balance-of-power-2026-midterms
2026-03-21T00:00:36+00:00,R_Senate_R_House,0.155,"2026 Balance of Power: R Senate, R House",balance-of-power-2026-midterms
2026-03-22T00:00:33+00:00,R_Senate_R_House,0.145,"2026 Balance of Power: R Senate, R House",balance-of-power-2026-midterms
2026-03-23T00:00:27+00:00,R_Senate_R_House,0.145,"2026 Balance of Power: R Senate, R House",balance-of-power-2026-midterms
2026-03-24T00:00:25+00:00,R_Senate_R_House,0.145,"2026 Balance of Power: R Senate, R House",balance-of-power-2026-midterms
2026-03-25T00:00:28+00:00,R_Senate_R_House,0.165,"2026 Balance of Power: R Senate, R House",balance-of-power-2026-midterms
2026-03-26T00:00:31+00:00,R_Senate_R_House,0.155,"2026 Balance of Power: R Senate, R House",balance-of-power-2026-midterms
2026-03-27T00:00:29+00:00,R_Senate_R_House,0.145,"2026 Balance of Power: R Senate, R House",balance-of-power-2026-midterms
2026-03-28T00:00:31+00:00,R_Senate_R_House,0.145,"2026 Balance of Power: R Senate, R House",balance-of-power-2026-midterms
2026-03-29T00:00:33+00:00,R_Senate_R_House,0.145,"2026 Balance of Power: R Senate, R House",balance-of-power-2026-midterms
2026-03-30T00:00:44+00:00,R_Senate_R_House,0.145,"2026 Balance of Power: R Senate, R House",balance-of-power-2026-midterms
2026-03-31T00:00:40+00:00,R_Senate_R_House,0.145,"2026 Balance of Power: R Senate, R House",balance-of-power-2026-midterms
2026-04-01T00:00:51+00:00,R_Senate_R_House,0.135,"2026 Balance of Power: R Senate, R House",balance-of-power-2026-midterms
2026-04-02T00:00:44+00:00,R_Senate_R_House,0.135,"2026 Balance of Power: R Senate, R House",balance-of-power-2026-midterms
2026-04-03T00:00:52+00:00,R_Senate_R_House,0.135,"2026 Balance of Power: R Senate, R House",balance-of-power-2026-midterms
2026-04-04T00:00:45+00:00,R_Senate_R_House,0.135,"2026 Balance of Power: R Senate, R House",balance-of-power-2026-midterms
2026-04-06T00:00:50+00:00,R_Senate_R_House,0.125,"2026 Balance of Power: R Senate, R House",balance-of-power-2026-midterms
2026-04-07T00:00:46+00:00,R_Senate_R_House,0.125,"2026 Balance of Power: R Senate, R House",balance-of-power-2026-midterms
2026-04-08T00:00:53+00:00,R_Senate_R_House,0.125,"2026 Balance of Power: R Senate, R House",balance-of-power-2026-midterms
2026-04-09T00:00:06+00:00,R_Senate_R_House,0.125,"2026 Balance of Power: R Senate, R House",balance-of-power-2026-midterms
2026-04-10T00:00:48+00:00,R_Senate_R_House,0.125,"2026 Balance of Power: R Senate, R House",balance-of-power-2026-midterms
2026-04-11T00:00:48+00:00,R_Senate_R_House,0.115,"2026 Balance of Power: R Senate, R House",balance-of-power-2026-midterms
2026-04-13T00:00:43+00:00,R_Senate_R_House,0.125,"2026 Balance of Power: R Senate, R House",balance-of-power-2026-midterms
2026-04-15T00:00:44+00:00,R_Senate_R_House,0.125,"2026 Balance of Power: R Senate, R House",balance-of-power-2026-midterms
2026-04-16T00:00:48+00:00,R_Senate_R_House,0.125,"2026 Balance of Power: R Senate, R House",balance-of-power-2026-midterms
2026-04-17T00:00:51+00:00,R_Senate_R_House,0.125,"2026 Balance of Power: R Senate, R House",balance-of-power-2026-midterms
2026-04-19T00:00:39+00:00,R_Senate_R_House,0.125,"2026 Balance of Power: R Senate, R House",balance-of-power-2026-midterms
2026-04-20T00:00:42+00:00,R_Senate_R_House,0.125,"2026 Balance of Power: R Senate, R House",balance-of-power-2026-midterms
2026-04-21T00:00:46+00:00,R_Senate_R_House,0.125,"2026 Balance of Power: R Senate, R House",balance-of-power-2026-midterms
2026-04-22T00:00:05+00:00,R_Senate_R_House,0.135,"2026 Balance of Power: R Senate, R House",balance-of-power-2026-midterms
2026-04-23T00:00:05+00:00,R_Senate_R_House,0.125,"2026 Balance of Power: R Senate, R House",balance-of-power-2026-midterms
2026-04-24T00:00:18+00:00,R_Senate_R_House,0.125,"2026 Balance of Power: R Senate, R House",balance-of-power-2026-midterms
2026-04-25T00:00:10+00:00,R_Senate_R_House,0.125,"2026 Balance of Power: R Senate, R House",balance-of-power-2026-midterms
2026-04-26T00:00:04+00:00,R_Senate_R_House,0.125,"2026 Balance of Power: R Senate, R House",balance-of-power-2026-midterms
2026-04-27T00:00:03+00:00,R_Senate_R_House,0.125,"2026 Balance of Power: R Senate, R House",balance-of-power-2026-midterms
2026-04-28T00:00:04+00:00,R_Senate_R_House,0.125,"2026 Balance of Power: R Senate, R House",balance-of-power-2026-midterms
2026-04-29T00:00:03+00:00,R_Senate_R_House,0.125,"2026 Balance of Power: R Senate, R House",balance-of-power-2026-midterms
2026-04-30T00:00:05+00:00,R_Senate_R_House,0.135,"2026 Balance of Power: R Senate, R House",balance-of-power-2026-midterms
2026-05-01T00:00:04+00:00,R_Senate_R_House,0.145,"2026 Balance of Power: R Senate, R House",balance-of-power-2026-midterms
2026-05-02T00:00:04+00:00,R_Senate_R_House,0.145,"2026 Balance of Power: R Senate, R House",balance-of-power-2026-midterms
2026-05-03T00:00:06+00:00,R_Senate_R_House,0.145,"2026 Balance of Power: R Senate, R House",balance-of-power-2026-midterms
2026-05-04T00:00:04+00:00,R_Senate_R_House,0.145,"2026 Balance of Power: R Senate, R House",balance-of-power-2026-midterms
2026-05-05T00:00:17+00:00,R_Senate_R_House,0.155,"2026 Balance of Power: R Senate, R House",balance-of-power-2026-midterms
2026-05-06T00:00:06+00:00,R_Senate_R_House,0.165,"2026 Balance of Power: R Senate, R House",balance-of-power-2026-midterms
2026-05-07T00:00:05+00:00,R_Senate_R_House,0.175,"2026 Balance of Power: R Senate, R House",balance-of-power-2026-midterms
2026-05-08T00:00:03+00:00,R_Senate_R_House,0.175,"2026 Balance of Power: R Senate, R House",balance-of-power-2026-midterms
2026-05-09T00:00:22+00:00,R_Senate_R_House,0.205,"2026 Balance of Power: R Senate, R House",balance-of-power-2026-midterms
2026-05-10T00:00:04+00:00,R_Senate_R_House,0.225,"2026 Balance of Power: R Senate, R House",balance-of-power-2026-midterms
2026-05-11T00:00:08+00:00,R_Senate_R_House,0.225,"2026 Balance of Power: R Senate, R House",balance-of-power-2026-midterms
2026-05-12T00:00:04+00:00,R_Senate_R_House,0.225,"2026 Balance of Power: R Senate, R House",balance-of-power-2026-midterms
2026-05-13T00:00:08+00:00,R_Senate_R_House,0.215,"2026 Balance of Power: R Senate, R House",balance-of-power-2026-midterms
2026-05-14T00:00:08+00:00,R_Senate_R_House,0.215,"2026 Balance of Power: R Senate, R House",balance-of-power-2026-midterms
2026-05-15T00:00:06+00:00,R_Senate_R_House,0.215,"2026 Balance of Power: R Senate, R House",balance-of-power-2026-midterms
2026-05-16T00:00:12+00:00,R_Senate_R_House,0.225,"2026 Balance of Power: R Senate, R House",balance-of-power-2026-midterms
2026-05-17T00:00:23+00:00,R_Senate_R_House,0.225,"2026 Balance of Power: R Senate, R House",balance-of-power-2026-midterms
2026-05-18T00:00:07+00:00,R_Senate_R_House,0.225,"2026 Balance of Power: R Senate, R House",balance-of-power-2026-midterms
2026-05-19T00:00:05+00:00,R_Senate_R_House,0.205,"2026 Balance of Power: R Senate, R House",balance-of-power-2026-midterms
2026-05-20T00:00:08+00:00,R_Senate_R_House,0.185,"2026 Balance of Power: R Senate, R House",balance-of-power-2026-midterms
2026-05-21T00:00:05+00:00,R_Senate_R_House,0.185,"2026 Balance of Power: R Senate, R House",balance-of-power-2026-midterms
2026-05-22T00:00:09+00:00,R_Senate_R_House,0.185,"2026 Balance of Power: R Senate, R House",balance-of-power-2026-midterms
2026-05-23T00:00:06+00:00,R_Senate_R_House,0.185,"2026 Balance of Power: R Senate, R House",balance-of-power-2026-midterms
2026-05-24T00:00:04+00:00,R_Senate_R_House,0.185,"2026 Balance of Power: R Senate, R House",balance-of-power-2026-midterms
2026-05-25T00:00:04+00:00,R_Senate_R_House,0.185,"2026 Balance of Power: R Senate, R House",balance-of-power-2026-midterms
2026-05-26T00:00:04+00:00,R_Senate_R_House,0.195,"2026 Balance of Power: R Senate, R House",balance-of-power-2026-midterms
2026-05-27T00:00:05+00:00,R_Senate_R_House,0.195,"2026 Balance of Power: R Senate, R House",balance-of-power-2026-midterms
2026-05-28T00:00:05+00:00,R_Senate_R_House,0.195,"2026 Balance of Power: R Senate, R House",balance-of-power-2026-midterms
2026-05-29T00:00:07+00:00,R_Senate_R_House,0.19,"2026 Balance of Power: R Senate, R House",balance-of-power-2026-midterms
2026-05-30T00:00:18+00:00,R_Senate_R_House,0.195,"2026 Balance of Power: R Senate, R House",balance-of-power-2026-midterms
2026-05-31T00:00:07+00:00,R_Senate_R_House,0.195,"2026 Balance of Power: R Senate, R House",balance-of-power-2026-midterms
2026-06-01T00:00:03+00:00,R_Senate_R_House,0.185,"2026 Balance of Power: R Senate, R House",balance-of-power-2026-midterms
2026-06-02T00:00:05+00:00,R_Senate_R_House,0.165,"2026 Balance of Power: R Senate, R House",balance-of-power-2026-midterms
2026-06-03T00:00:05+00:00,R_Senate_R_House,0.175,"2026 Balance of Power: R Senate, R House",balance-of-power-2026-midterms
2026-06-04T00:00:03+00:00,R_Senate_R_House,0.175,"2026 Balance of Power: R Senate, R House",balance-of-power-2026-midterms
2026-06-05T00:00:18+00:00,R_Senate_R_House,0.175,"2026 Balance of Power: R Senate, R House",balance-of-power-2026-midterms
2026-06-06T00:00:03+00:00,R_Senate_R_House,0.175,"2026 Balance of Power: R Senate, R House",balance-of-power-2026-midterms
2026-06-07T00:00:13+00:00,R_Senate_R_House,0.175,"2026 Balance of Power: R Senate, R House",balance-of-power-2026-midterms
2026-06-08T00:00:03+00:00,R_Senate_R_House,0.175,"2026 Balance of Power: R Senate, R House",balance-of-power-2026-midterms
2026-06-09T00:00:03+00:00,R_Senate_R_House,0.175,"2026 Balance of Power: R Senate, R House",balance-of-power-2026-midterms
2026-06-10T00:00:04+00:00,R_Senate_R_House,0.175,"2026 Balance of Power: R Senate, R House",balance-of-power-2026-midterms
2026-06-11T00:00:05+00:00,R_Senate_R_House,0.175,"2026 Balance of Power: R Senate, R House",balance-of-power-2026-midterms
2026-06-12T00:00:04+00:00,R_Senate_R_House,0.175,"2026 Balance of Power: R Senate, R House",balance-of-power-2026-midterms
2026-06-13T00:00:04+00:00,R_Senate_R_House,0.175,"2026 Balance of Power: R Senate, R House",balance-of-power-2026-midterms
2026-06-14T00:00:07+00:00,R_Senate_R_House,0.175,"2026 Balance of Power: R Senate, R House",balance-of-power-2026-midterms
2026-06-15T00:00:03+00:00,R_Senate_R_House,0.165,"2026 Balance of Power: R Senate, R House",balance-of-power-2026-midterms
2026-06-16T00:00:06+00:00,R_Senate_R_House,0.195,"2026 Balance of Power: R Senate, R House",balance-of-power-2026-midterms
2026-06-17T00:00:05+00:00,R_Senate_R_House,0.185,"2026 Balance of Power: R Senate, R House",balance-of-power-2026-midterms
2026-06-18T00:00:16+00:00,R_Senate_R_House,0.185,"2026 Balance of Power: R Senate, R House",balance-of-power-2026-midterms
2026-06-19T00:00:21+00:00,R_Senate_R_House,0.175,"2026 Balance of Power: R Senate, R House",balance-of-power-2026-midterms
2026-06-20T00:00:04+00:00,R_Senate_R_House,0.185,"2026 Balance of Power: R Senate, R House",balance-of-power-2026-midterms
2026-06-21T00:00:06+00:00,R_Senate_R_House,0.185,"2026 Balance of Power: R Senate, R House",balance-of-power-2026-midterms
2026-06-22T00:00:05+00:00,R_Senate_R_House,0.185,"2026 Balance of Power: R Senate, R House",balance-of-power-2026-midterms
2026-06-23T00:00:04+00:00,R_Senate_R_House,0.175,"2026 Balance of Power: R Senate, R House",balance-of-power-2026-midterms
2026-06-24T00:00:04+00:00,R_Senate_R_House,0.175,"2026 Balance of Power: R Senate, R House",balance-of-power-2026-midterms
2026-06-25T00:00:04+00:00,R_Senate_R_House,0.195,"2026 Balance of Power: R Senate, R House",balance-of-power-2026-midterms
2026-06-26T00:00:03+00:00,R_Senate_R_House,0.185,"2026 Balance of Power: R Senate, R House",balance-of-power-2026-midterms
2026-06-27T00:00:04+00:00,R_Senate_R_House,0.185,"2026 Balance of Power: R Senate, R House",balance-of-power-2026-midterms
2026-06-28T00:00:03+00:00,R_Senate_R_House,0.185,"2026 Balance of Power: R Senate, R House",balance-of-power-2026-midterms
2026-06-29T00:00:03+00:00,R_Senate_R_House,0.175,"2026 Balance of Power: R Senate, R House",balance-of-power-2026-midterms
2026-06-30T00:00:04+00:00,R_Senate_R_House,0.17,"2026 Balance of Power: R Senate, R House",balance-of-power-2026-midterms
2026-07-01T00:00:03+00:00,R_Senate_R_House,0.165,"2026 Balance of Power: R Senate, R House",balance-of-power-2026-midterms
2026-07-02T00:00:04+00:00,R_Senate_R_House,0.165,"2026 Balance of Power: R Senate, R House",balance-of-power-2026-midterms
2026-07-03T00:00:04+00:00,R_Senate_R_House,0.165,"2026 Balance of Power: R Senate, R House",balance-of-power-2026-midterms
2026-07-04T00:00:03+00:00,R_Senate_R_House,0.155,"2026 Balance of Power: R Senate, R House",balance-of-power-2026-midterms
2026-07-05T00:00:03+00:00,R_Senate_R_House,0.155,"2026 Balance of Power: R Senate, R House",balance-of-power-2026-midterms
2026-07-06T00:00:04+00:00,R_Senate_R_House,0.145,"2026 Balance of Power: R Senate, R House",balance-of-power-2026-midterms
2026-07-07T00:00:08+00:00,R_Senate_R_House,0.145,"2026 Balance of Power: R Senate, R House",balance-of-power-2026-midterms
2026-07-08T00:00:04+00:00,R_Senate_R_House,0.145,"2026 Balance of Power: R Senate, R House",balance-of-power-2026-midterms
2026-07-09T00:00:08+00:00,R_Senate_R_House,0.145,"2026 Balance of Power: R Senate, R House",balance-of-power-2026-midterms
2026-07-10T00:00:05+00:00,R_Senate_R_House,0.145,"2026 Balance of Power: R Senate, R House",balance-of-power-2026-midterms
2026-07-11T00:00:06+00:00,R_Senate_R_House,0.135,"2026 Balance of Power: R Senate, R House",balance-of-power-2026-midterms
2026-07-12T00:00:18+00:00,R_Senate_R_House,0.14,"2026 Balance of Power: R Senate, R House",balance-of-power-2026-midterms
2026-07-13T00:00:06+00:00,R_Senate_R_House,0.145,"2026 Balance of Power: R Senate, R House",balance-of-power-2026-midterms
2026-07-14T00:00:05+00:00,R_Senate_R_House,0.145,"2026 Balance of Power: R Senate, R House",balance-of-power-2026-midterms
2026-07-15T00:00:05+00:00,R_Senate_R_House,0.145,"2026 Balance of Power: R Senate, R House",balance-of-power-2026-midterms
2026-07-16T00:00:04+00:00,R_Senate_R_House,0.145,"2026 Balance of Power: R Senate, R House",balance-of-power-2026-midterms
2026-07-17T00:00:06+00:00,R_Senate_R_House,0.155,"2026 Balance of Power: R Senate, R House",balance-of-power-2026-midterms
2026-07-18T00:00:04+00:00,R_Senate_R_House,0.155,"2026 Balance of Power: R Senate, R House",balance-of-power-2026-midterms
2026-07-19T00:00:05+00:00,R_Senate_R_House,0.155,"2026 Balance of Power: R Senate, R House",balance-of-power-2026-midterms
2026-07-20T00:00:18+00:00,R_Senate_R_House,0.155,"2026 Balance of Power: R Senate, R House",balance-of-power-2026-midterms
2026-07-21T00:00:06+00:00,R_Senate_R_House,0.155,"2026 Balance of Power: R Senate, R House",balance-of-power-2026-midterms
2026-07-22T00:00:05+00:00,R_Senate_R_House,0.145,"2026 Balance of Power: R Senate, R House",balance-of-power-2026-midterms
2026-07-23T00:00:07+00:00,R_Senate_R_House,0.145,"2026 Balance of Power: R Senate, R House",balance-of-power-2026-midterms
2026-07-24T00:00:05+00:00,R_Senate_R_House,0.145,"2026 Balance of Power: R Senate, R House",balance-of-power-2026-midterms
2026-07-25T00:00:06+00:00,R_Senate_R_House,0.145,"2026 Balance of Power: R Senate, R House",balance-of-power-2026-midterms
2026-07-26T00:00:06+00:00,R_Senate_R_House,0.135,"2026 Balance of Power: R Senate, R House",balance-of-power-2026-midterms
2026-07-27T00:00:05+00:00,R_Senate_R_House,0.135,"2026 Balance of Power: R Senate, R House",balance-of-power-2026-midterms
2026-07-28T00:00:07+00:00,R_Senate_R_House,0.135,"2026 Balance of Power: R Senate, R House",balance-of-power-2026-midterms
2026-07-29T00:00:17+00:00,R_Senate_R_House,0.135,"2026 Balance of Power: R Senate, R House",balance-of-power-2026-midterms
2026-07-30T00:00:20+00:00,R_Senate_R_House,0.135,"2026 Balance of Power: R Senate, R House",balance-of-power-2026-midterms
2026-07-31T00:00:19+00:00,R_Senate_R_House,0.135,"2026 Balance of Power: R Senate, R House",balance-of-power-2026-midterms
2026-08-01T00:00:10+00:00,R_Senate_R_House,0.135,"2026 Balance of Power: R Senate, R House",balance-of-power-2026-midterms
2026-08-02T00:00:10+00:00,R_Senate_R_House,0.125,"2026 Balance of Power: R Senate, R House",balance-of-power-2026-midterms
2026-08-03T00:00:09+00:00,R_Senate_R_House,0.125,"2026 Balance of Power: R Senate, R House",balance-of-power-2026-midterms
2026-08-04T00:00:09+00:00,R_Senate_R_House,0.125,"2026 Balance of Power: R Senate, R House",balance-of-power-2026-midterms
2026-08-05T00:00:10+00:00,R_Senate_R_House,0.125,"2026 Balance of Power: R Senate, R House",balance-of-power-2026-midterms
2026-08-06T00:00:07+00:00,R_Senate_R_House,0.115,"2026 Balance of Power: R Senate, R House",balance-of-power-2026-midterms
2026-08-07T00:00:09+00:00,R_Senate_R_House,0.125,"2026 Balance of Power: R Senate, R House",balance-of-power-2026-midterms
2026-08-08T00:00:10+00:00,R_Senate_R_House,0.125,"2026 Balance of Power: R Senate, R House",balance-of-power-2026-midterms
2026-08-09T00:00:22+00:00,R_Senate_R_House,0.125,"2026 Balance of Power: R Senate, R House",balance-of-power-2026-midterms
2026-08-10T00:00:12+00:00,R_Senate_R_House,0.125,"2026 Balance of Power: R Senate, R House",balance-of-power-2026-midterms
2026-08-11T00:00:18+00:00,R_Senate_R_House,0.115,"2026 Balance of Power: R Senate, R House",balance-of-power-2026-midterms
2026-08-12T00:00:11+00:00,R_Senate_R_House,0.115,"2026 Balance of Power: R Senate, R House",balance-of-power-2026-midterms
2026-08-13T00:00:13+00:00,R_Senate_R_House,0.115,"2026 Balance of Power: R Senate, R House",balance-of-power-2026-midterms
2026-08-14T00:00:12+00:00,R_Senate_R_House,0.125,"2026 Balance of Power: R Senate, R House",balance-of-power-2026-midterms
2026-08-15T00:00:11+00:00,R_Senate_R_House,0.135,"2026 Balance of Power: R Senate, R House",balance-of-power-2026-midterms
2026-08-16T00:00:12+00:00,R_Senate_R_House,0.135,"2026 Balance of Power: R Senate, R House",balance-of-power-2026-midterms
2026-08-17T00:00:12+00:00,R_Senate_R_House,0.125,"2026 Balance of Power: R Senate, R House",balance-of-power-2026-midterms
2026-08-18T00:00:23+00:00,R_Senate_R_House,0.125,"2026 Balance of Power: R Senate, R House",balance-of-power-2026-midterms
2026-08-19T00:00:13+00:00,R_Senate_R_House,0.125,"2026 Balance of Power: R Senate, R House",balance-of-power-2026-midterms
2026-08-20T00:00:15+00:00,R_Senate_R_House,0.125,"2026 Balance of Power: R Senate, R House",balance-of-power-2026-midterms
2026-08-21T00:00:12+00:00,R_Senate_R_House,0.125,"2026 Balance of Power: R Senate, R House",balance-of-power-2026-midterms
2026-08-22T00:00:12+00:00,R_Senate_R_House,0.125,"2026 Balance of Power: R Senate, R House",balance-of-power-2026-midterms
2026-08-23T00:00:11+00:00,R_Senate_R_House,0.125,"2026 Balance of Power: R Senate, R House",balance-of-power-2026-midterms
2026-08-24T00:00:14+00:00,R_Senate_R_House,0.115,"2026 Balance of Power: R Senate, R House",balance-of-power-2026-midterms
2026-08-25T00:00:12+00:00,R_Senate_R_House,0.115,"2026 Balance of Power: R Senate, R House",balance-of-power-2026-midterms
2026-08-26T00:00:12+00:00,R_Senate_R_House,0.115,"2026 Balance of Power: R Senate, R House",balance-of-power-2026-midterms
2026-08-27T00:00:14+00:00,R_Senate_R_House,0.115,"2026 Balance of Power: R Senate, R House",balance-of-power-2026-midterms
2026-08-28T00:00:12+00:00,R_Senate_R_House,0.115,"2026 Balance of Power: R Senate, R House",balance-of-power-2026-midterms
2026-08-29T00:00:13+00:00,R_Senate_R_House,0.115,"2026 Balance of Power: R Senate, R House",balance-of-power-2026-midterms
2026-08-30T00:00:12+00:00,R_Senate_R_House,0.115,"2026 Balance of Power: R Senate, R House",balance-of-power-2026-midterms
2026-08-31T00:00:15+00:00,R_Senate_R_House,0.115,"2026 Balance of Power: R Senate, R House",balance-of-power-2026-midterms
2026-09-01T00:00:23+00:00,R_Senate_R_House,0.135,"2026 Balance of Power: R Senate, R House",balance-of-power-2026-midterms
2026-09-02T00:00:12+00:00,R_Senate_R_House,0.105,"2026 Balance of Power: R Senate, R House",balance-of-power-2026-midterms
2026-09-03T00:00:15+00:00,R_Senate_R_House,0.105,"2026 Balance of Power: R Senate, R House",balance-of-power-2026-midterms
2026-09-04T00:00:15+00:00,R_Senate_R_House,0.115,"2026 Balance of Power: R Senate, R House",balance-of-power-2026-midterms
2026-09-05T00:00:13+00:00,R_Senate_R_House,0.115,"2026 Balance of Power: R Senate, R House",balance-of-power-2026-midterms
2026-09-06T00:00:19+00:00,R_Senate_R_House,0.12,"2026 Balance of Power: R Senate, R House",balance-of-power-2026-midterms
2026-09-07T00:00:27+00:00,R_Senate_R_House,0.115,"2026 Balance of Power: R Senate, R House",balance-of-power-2026-midterms
2026-09-08T00:00:12+00:00,R_Senate_R_House,0.115,"2026 Balance of Power: R Senate, R House",balance-of-power-2026-midterms
2026-09-09T00:00:18+00:00,R_Senate_R_House,0.115,"2026 Balance of Power: R Senate, R House",balance-of-power-2026-midterms
2026-09-10T00:00:14+00:00,R_Senate_R_House,0.125,"2026 Balance of Power: R Senate, R House",balance-of-power-2026-midterms
2026-09-11T00:00:14+00:00,R_Senate_R_House,0.145,"2026 Balance of Power: R Senate, R House",balance-of-power-2026-midterms
2026-09-12T00:00:14+00:00,R_Senate_R_House,0.125,"2026 Balance of Power: R Senate, R House",balance-of-power-2026-midterms
2026-09-13T00:00:13+00:00,R_Senate_R_House,0.125,"2026 Balance of Power: R Senate, R House",balance-of-power-2026-midterms
2026-09-14T00:00:12+00:00,R_Senate_R_House,0.125,"2026 Balance of Power: R Senate, R House",balance-of-power-2026-midterms
2026-09-15T00:00:12+00:00,R_Senate_R_House,0.125,"2026 Balance of Power: R Senate, R House",balance-of-power-2026-midterms
2026-09-16T00:00:13+00:00,R_Senate_R_House,0.105,"2026 Balance of Power: R Senate, R House",balance-of-power-2026-midterms
2026-09-17T00:00:12+00:00,R_Senate_R_House,0.105,"2026 Balance of Power: R Senate, R House",balance-of-power-2026-midterms
2026-09-18T00:00:15+00:00,R_Senate_R_House,0.105,"2026 Balance of Power: R Senate, R House",balance-of-power-2026-midterms
2026-09-19T00:00:15+00:00,R_Senate_R_House,0.085,"2026 Balance of Power: R Senate, R House",balance-of-power-2026-midterms
2026-09-20T00:00:15+00:00,R_Senate_R_House,0.085,"2026 Balance of Power: R Senate, R House",balance-of-power-2026-midterms
2026-09-21T00:00:12+00:00,R_Senate_R_House,0.075,"2026 Balance of Power: R Senate, R House",balance-of-power-2026-midterms
2026-09-22T00:00:13+00:00,R_Senate_R_House,0.075,"2026 Balance of Power: R Senate, R House",balance-of-power-2026-midterms
2026-09-23T00:00:13+00:00,R_Senate_R_House,0.075,"2026 Balance of Power: R Senate, R House",balance-of-power-2026-midterms
2026-09-24T00:00:25+00:00,R_Senate_R_House,0.075,"2026 Balance of Power: R Senate, R House",balance-of-power-2026-midterms
2026-09-25T00:00:16+00:00,R_Senate_R_House,0.075,"2026 Balance of Power: R Senate, R House",balance-of-power-2026-midterms
2026-09-26T00:00:15+00:00,R_Senate_R_House,0.075,"2026 Balance of Power: R Senate, R House",balance-of-power-2026-midterms
2026-09-27T00:00:14+00:00,R_Senate_R_House,0.075,"2026 Balance of Power: R Senate, R House",balance-of-power-2026-midterms
2026-09-28T00:00:28+00:00,R_Senate_R_House,0.075,"2026 Balance of Power: R Senate, R House",balance-of-power-2026-midterms
2026-09-29T00:00:15+00:00,R_Senate_R_House,0.075,"2026 Balance of Power: R Senate, R House",balance-of-power-2026-midterms
2026-09-30T00:00:16+00:00,R_Senate_R_House,0.075,"2026 Balance of Power: R Senate, R House",balance-of-power-2026-midterms
2026-10-01T00:00:17+00:00,R_Senate_R_House,0.075,"2026 Balance of Power: R Senate, R House",balance-of-power-2026-midterms
2026-10-02T00:00:15+00:00,R_Senate_R_House,0.075,"2026 Balance of Power: R Senate, R House",balance-of-power-2026-midterms
2026-10-03T00:00:19+00:00,R_Senate_R_House,0.075,"2026 Balance of Power: R Senate, R House",balance-of-power-2026-midterms
2026-10-04T00:00:16+00:00,R_Senate_R_House,0.065,"2026 Balance of Power: R Senate, R House",balance-of-power-2026-midterms
2026-10-05T00:00:18+00:00,R_Senate_R_House,0.075,"2026 Balance of Power: R Senate, R House",balance-of-power-2026-midterms
2026-10-06T00:00:17+00:00,R_Senate_R_House,0.075,"2026 Balance of Power: R Senate, R House",balance-of-power-2026-midterms
2026-10-06T16:04:18+00:00,R_Senate_R_House,0.085,"2026 Balance of Power: R Senate, R House",balance-of-power-2026-midterms
2025-07-19T00:00:09+00:00,BoP_Other,0.013,2026 Balance of Power: Other,balance-of-power-2026-midterms
2025-07-20T00:00:08+00:00,BoP_Other,0.0085,2026 Balance of Power: Other,balance-of-power-2026-midterms
2025-07-21T00:00:07+00:00,BoP_Other,0.008,2026 Balance of Power: Other,balance-of-power-2026-midterms
2025-07-22T00:00:09+00:00,BoP_Other,0.003,2026 Balance of Power: Other,balance-of-power-2026-midterms
2025-07-23T00:00:09+00:00,BoP_Other,0.006,2026 Balance of Power: Other,balance-of-power-2026-midterms
2025-07-24T00:00:09+00:00,BoP_Other,0.005,2026 Balance of Power: Other,balance-of-power-2026-midterms
2025-07-25T00:00:09+00:00,BoP_Other,0.0045,2026 Balance of Power: Other,balance-of-power-2026-midterms
2025-07-26T00:00:09+00:00,BoP_Other,0.0045,2026 Balance of Power: Other,balance-of-power-2026-midterms
2025-07-27T00:00:10+00:00,BoP_Other,0.004,2026 Balance of Power: Other,balance-of-power-2026-midterms
2025-07-28T00:00:09+00:00,BoP_Other,0.004,2026 Balance of Power: Other,balance-of-power-2026-midterms
2025-07-29T00:00:10+00:00,BoP_Other,0.004,2026 Balance of Power: Other,balance-of-power-2026-midterms
2025-07-30T00:00:10+00:00,BoP_Other,0.004,2026 Balance of Power: Other,balance-of-power-2026-midterms
2025-07-31T00:00:08+00:00,BoP_Other,0.0035,2026 Balance of Power: Other,balance-of-power-2026-midterms
2025-08-01T00:00:09+00:00,BoP_Other,0.0035,2026 Balance of Power: Other,balance-of-power-2026-midterms
2025-08-02T00:00:09+00:00,BoP_Other,0.003,2026 Balance of Power: Other,balance-of-power-2026-midterms
2025-08-03T00:00:08+00:00,BoP_Other,0.003,2026 Balance of Power: Other,balance-of-power-2026-midterms
2025-08-04T00:00:07+00:00,BoP_Other,0.0025,2026 Balance of Power: Other,balance-of-power-2026-midterms
2025-08-05T00:00:08+00:00,BoP_Other,0.0025,2026 Balance of Power: Other,balance-of-power-2026-midterms
2025-08-06T00:00:09+00:00,BoP_Other,0.0025,2026 Balance of Power: Other,balance-of-power-2026-midterms
2025-08-07T00:00:05+00:00,BoP_Other,0.0025,2026 Balance of Power: Other,balance-of-power-2026-midterms
2025-08-08T00:00:05+00:00,BoP_Other,0.0025,2026 Balance of Power: Other,balance-of-power-2026-midterms
2025-08-09T00:00:15+00:00,BoP_Other,0.0025,2026 Balance of Power: Other,balance-of-power-2026-midterms
2025-08-10T00:00:08+00:00,BoP_Other,0.0025,2026 Balance of Power: Other,balance-of-power-2026-midterms
2025-08-11T00:00:11+00:00,BoP_Other,0.003,2026 Balance of Power: Other,balance-of-power-2026-midterms
2025-08-12T00:00:04+00:00,BoP_Other,0.003,2026 Balance of Power: Other,balance-of-power-2026-midterms
2025-08-13T00:00:11+00:00,BoP_Other,0.003,2026 Balance of Power: Other,balance-of-power-2026-midterms
2025-08-14T00:00:08+00:00,BoP_Other,0.0035,2026 Balance of Power: Other,balance-of-power-2026-midterms
2025-08-15T00:00:10+00:00,BoP_Other,0.003,2026 Balance of Power: Other,balance-of-power-2026-midterms
2025-08-16T00:00:03+00:00,BoP_Other,0.003,2026 Balance of Power: Other,balance-of-power-2026-midterms
2025-08-17T00:00:05+00:00,BoP_Other,0.003,2026 Balance of Power: Other,balance-of-power-2026-midterms
2025-08-18T00:00:08+00:00,BoP_Other,0.003,2026 Balance of Power: Other,balance-of-power-2026-midterms
2025-08-19T00:00:07+00:00,BoP_Other,0.0025,2026 Balance of Power: Other,balance-of-power-2026-midterms
2025-08-20T00:00:03+00:00,BoP_Other,0.0025,2026 Balance of Power: Other,balance-of-power-2026-midterms
2025-08-21T00:00:03+00:00,BoP_Other,0.003,2026 Balance of Power: Other,balance-of-power-2026-midterms
2025-08-22T00:00:06+00:00,BoP_Other,0.0035,2026 Balance of Power: Other,balance-of-power-2026-midterms
2025-08-23T00:00:13+00:00,BoP_Other,0.0035,2026 Balance of Power: Other,balance-of-power-2026-midterms
2025-08-24T00:00:08+00:00,BoP_Other,0.0035,2026 Balance of Power: Other,balance-of-power-2026-midterms
2025-08-25T00:00:13+00:00,BoP_Other,0.0035,2026 Balance of Power: Other,balance-of-power-2026-midterms
2025-08-26T00:00:03+00:00,BoP_Other,0.0035,2026 Balance of Power: Other,balance-of-power-2026-midterms
2025-08-27T00:00:06+00:00,BoP_Other,0.0035,2026 Balance of Power: Other,balance-of-power-2026-midterms
2025-08-28T00:00:02+00:00,BoP_Other,0.0035,2026 Balance of Power: Other,balance-of-power-2026-midterms
2025-08-29T00:00:10+00:00,BoP_Other,0.003,2026 Balance of Power: Other,balance-of-power-2026-midterms
2025-08-30T00:00:04+00:00,BoP_Other,0.003,2026 Balance of Power: Other,balance-of-power-2026-midterms
2025-08-31T00:00:17+00:00,BoP_Other,0.003,2026 Balance of Power: Other,balance-of-power-2026-midterms
2025-09-01T00:00:06+00:00,BoP_Other,0.003,2026 Balance of Power: Other,balance-of-power-2026-midterms
2025-09-02T00:00:11+00:00,BoP_Other,0.003,2026 Balance of Power: Other,balance-of-power-2026-midterms
2025-09-03T00:00:06+00:00,BoP_Other,0.003,2026 Balance of Power: Other,balance-of-power-2026-midterms
2025-09-04T00:00:08+00:00,BoP_Other,0.003,2026 Balance of Power: Other,balance-of-power-2026-midterms
2025-09-05T00:00:12+00:00,BoP_Other,0.003,2026 Balance of Power: Other,balance-of-power-2026-midterms
2025-09-06T00:00:09+00:00,BoP_Other,0.0035,2026 Balance of Power: Other,balance-of-power-2026-midterms
2025-09-07T00:00:14+00:00,BoP_Other,0.003,2026 Balance of Power: Other,balance-of-power-2026-midterms
2025-09-08T00:00:04+00:00,BoP_Other,0.0035,2026 Balance of Power: Other,balance-of-power-2026-midterms
2025-09-09T00:00:15+00:00,BoP_Other,0.003,2026 Balance of Power: Other,balance-of-power-2026-midterms
2025-09-10T00:00:05+00:00,BoP_Other,0.003,2026 Balance of Power: Other,balance-of-power-2026-midterms
2025-09-11T00:00:08+00:00,BoP_Other,0.003,2026 Balance of Power: Other,balance-of-power-2026-midterms
2025-09-12T00:00:27+00:00,BoP_Other,0.003,2026 Balance of Power: Other,balance-of-power-2026-midterms
2025-09-13T00:00:07+00:00,BoP_Other,0.003,2026 Balance of Power: Other,balance-of-power-2026-midterms
2025-09-14T00:00:15+00:00,BoP_Other,0.0025,2026 Balance of Power: Other,balance-of-power-2026-midterms
2025-09-15T00:00:13+00:00,BoP_Other,0.0025,2026 Balance of Power: Other,balance-of-power-2026-midterms
2025-09-16T00:00:06+00:00,BoP_Other,0.002,2026 Balance of Power: Other,balance-of-power-2026-midterms
2025-09-17T00:00:02+00:00,BoP_Other,0.0035,2026 Balance of Power: Other,balance-of-power-2026-midterms
2025-09-18T00:00:11+00:00,BoP_Other,0.0025,2026 Balance of Power: Other,balance-of-power-2026-midterms
2025-09-19T00:00:18+00:00,BoP_Other,0.002,2026 Balance of Power: Other,balance-of-power-2026-midterms
2025-09-20T00:00:21+00:00,BoP_Other,0.002,2026 Balance of Power: Other,balance-of-power-2026-midterms
2025-09-21T00:00:11+00:00,BoP_Other,0.002,2026 Balance of Power: Other,balance-of-power-2026-midterms
2025-09-22T00:00:19+00:00,BoP_Other,0.002,2026 Balance of Power: Other,balance-of-power-2026-midterms
2025-09-23T00:00:12+00:00,BoP_Other,0.002,2026 Balance of Power: Other,balance-of-power-2026-midterms
2025-09-24T00:00:18+00:00,BoP_Other,0.002,2026 Balance of Power: Other,balance-of-power-2026-midterms
2025-09-25T00:00:05+00:00,BoP_Other,0.002,2026 Balance of Power: Other,balance-of-power-2026-midterms
2025-09-26T00:00:10+00:00,BoP_Other,0.002,2026 Balance of Power: Other,balance-of-power-2026-midterms
2025-09-27T00:00:09+00:00,BoP_Other,0.002,2026 Balance of Power: Other,balance-of-power-2026-midterms
2025-09-28T00:00:11+00:00,BoP_Other,0.002,2026 Balance of Power: Other,balance-of-power-2026-midterms
2025-09-29T00:00:08+00:00,BoP_Other,0.0025,2026 Balance of Power: Other,balance-of-power-2026-midterms
2025-09-30T00:00:12+00:00,BoP_Other,0.0025,2026 Balance of Power: Other,balance-of-power-2026-midterms
2025-10-01T00:00:09+00:00,BoP_Other,0.003,2026 Balance of Power: Other,balance-of-power-2026-midterms
2025-10-02T00:00:08+00:00,BoP_Other,0.0025,2026 Balance of Power: Other,balance-of-power-2026-midterms
2025-10-03T00:00:06+00:00,BoP_Other,0.0025,2026 Balance of Power: Other,balance-of-power-2026-midterms
2025-10-04T00:00:06+00:00,BoP_Other,0.003,2026 Balance of Power: Other,balance-of-power-2026-midterms
2025-10-05T00:00:06+00:00,BoP_Other,0.003,2026 Balance of Power: Other,balance-of-power-2026-midterms
2025-10-06T00:00:04+00:00,BoP_Other,0.003,2026 Balance of Power: Other,balance-of-power-2026-midterms
2025-10-07T00:00:07+00:00,BoP_Other,0.003,2026 Balance of Power: Other,balance-of-power-2026-midterms
2025-10-08T00:00:06+00:00,BoP_Other,0.003,2026 Balance of Power: Other,balance-of-power-2026-midterms
2025-10-09T00:00:10+00:00,BoP_Other,0.003,2026 Balance of Power: Other,balance-of-power-2026-midterms
2025-10-10T00:00:05+00:00,BoP_Other,0.003,2026 Balance of Power: Other,balance-of-power-2026-midterms
2025-10-11T00:00:07+00:00,BoP_Other,0.003,2026 Balance of Power: Other,balance-of-power-2026-midterms
2025-10-12T00:00:05+00:00,BoP_Other,0.002,2026 Balance of Power: Other,balance-of-power-2026-midterms
2025-10-13T00:00:10+00:00,BoP_Other,0.002,2026 Balance of Power: Other,balance-of-power-2026-midterms
2025-10-14T00:00:15+00:00,BoP_Other,0.002,2026 Balance of Power: Other,balance-of-power-2026-midterms
2025-10-15T00:00:16+00:00,BoP_Other,0.002,2026 Balance of Power: Other,balance-of-power-2026-midterms
2025-10-16T00:00:10+00:00,BoP_Other,0.002,2026 Balance of Power: Other,balance-of-power-2026-midterms
2025-10-17T00:00:06+00:00,BoP_Other,0.002,2026 Balance of Power: Other,balance-of-power-2026-midterms
2025-10-18T00:00:03+00:00,BoP_Other,0.002,2026 Balance of Power: Other,balance-of-power-2026-midterms
2025-10-19T00:00:18+00:00,BoP_Other,0.002,2026 Balance of Power: Other,balance-of-power-2026-midterms
2025-10-20T00:00:12+00:00,BoP_Other,0.002,2026 Balance of Power: Other,balance-of-power-2026-midterms
2025-10-21T00:00:20+00:00,BoP_Other,0.002,2026 Balance of Power: Other,balance-of-power-2026-midterms
2025-10-22T00:00:18+00:00,BoP_Other,0.002,2026 Balance of Power: Other,balance-of-power-2026-midterms
2025-10-23T00:00:10+00:00,BoP_Other,0.002,2026 Balance of Power: Other,balance-of-power-2026-midterms
2025-10-24T00:00:15+00:00,BoP_Other,0.002,2026 Balance of Power: Other,balance-of-power-2026-midterms
2025-10-25T00:00:14+00:00,BoP_Other,0.002,2026 Balance of Power: Other,balance-of-power-2026-midterms
2025-10-26T00:00:16+00:00,BoP_Other,0.003,2026 Balance of Power: Other,balance-of-power-2026-midterms
2025-10-27T00:00:14+00:00,BoP_Other,0.002,2026 Balance of Power: Other,balance-of-power-2026-midterms
2025-10-28T00:00:17+00:00,BoP_Other,0.002,2026 Balance of Power: Other,balance-of-power-2026-midterms
2025-10-29T00:00:16+00:00,BoP_Other,0.002,2026 Balance of Power: Other,balance-of-power-2026-midterms
2025-10-30T00:00:17+00:00,BoP_Other,0.002,2026 Balance of Power: Other,balance-of-power-2026-midterms
2025-10-31T00:00:11+00:00,BoP_Other,0.002,2026 Balance of Power: Other,balance-of-power-2026-midterms
2025-11-01T00:00:16+00:00,BoP_Other,0.002,2026 Balance of Power: Other,balance-of-power-2026-midterms
2025-11-02T00:00:13+00:00,BoP_Other,0.002,2026 Balance of Power: Other,balance-of-power-2026-midterms
2025-11-03T00:00:15+00:00,BoP_Other,0.003,2026 Balance of Power: Other,balance-of-power-2026-midterms
2025-11-04T00:00:15+00:00,BoP_Other,0.002,2026 Balance of Power: Other,balance-of-power-2026-midterms
2025-11-05T00:00:16+00:00,BoP_Other,0.002,2026 Balance of Power: Other,balance-of-power-2026-midterms
2025-11-06T00:00:10+00:00,BoP_Other,0.0055,2026 Balance of Power: Other,balance-of-power-2026-midterms
2025-11-07T00:00:16+00:00,BoP_Other,0.0055,2026 Balance of Power: Other,balance-of-power-2026-midterms
2025-11-08T00:00:11+00:00,BoP_Other,0.0055,2026 Balance of Power: Other,balance-of-power-2026-midterms
2025-11-09T00:00:28+00:00,BoP_Other,0.002,2026 Balance of Power: Other,balance-of-power-2026-midterms
2025-11-10T00:00:11+00:00,BoP_Other,0.0035,2026 Balance of Power: Other,balance-of-power-2026-midterms
2025-11-11T00:00:17+00:00,BoP_Other,0.003,2026 Balance of Power: Other,balance-of-power-2026-midterms
2025-11-12T00:00:16+00:00,BoP_Other,0.0035,2026 Balance of Power: Other,balance-of-power-2026-midterms
2025-11-13T00:00:15+00:00,BoP_Other,0.0025,2026 Balance of Power: Other,balance-of-power-2026-midterms
2025-11-14T00:00:15+00:00,BoP_Other,0.0025,2026 Balance of Power: Other,balance-of-power-2026-midterms
2025-11-15T00:00:18+00:00,BoP_Other,0.0025,2026 Balance of Power: Other,balance-of-power-2026-midterms
2025-11-16T00:00:13+00:00,BoP_Other,0.003,2026 Balance of Power: Other,balance-of-power-2026-midterms
2025-11-17T00:00:16+00:00,BoP_Other,0.003,2026 Balance of Power: Other,balance-of-power-2026-midterms
2025-11-18T00:00:13+00:00,BoP_Other,0.003,2026 Balance of Power: Other,balance-of-power-2026-midterms
2025-11-19T00:00:18+00:00,BoP_Other,0.0035,2026 Balance of Power: Other,balance-of-power-2026-midterms
2025-11-20T00:00:13+00:00,BoP_Other,0.004,2026 Balance of Power: Other,balance-of-power-2026-midterms
2025-11-21T00:00:20+00:00,BoP_Other,0.003,2026 Balance of Power: Other,balance-of-power-2026-midterms
2025-11-22T00:00:14+00:00,BoP_Other,0.003,2026 Balance of Power: Other,balance-of-power-2026-midterms
2025-11-23T00:00:14+00:00,BoP_Other,0.003,2026 Balance of Power: Other,balance-of-power-2026-midterms
2025-11-24T00:00:14+00:00,BoP_Other,0.004,2026 Balance of Power: Other,balance-of-power-2026-midterms
2025-11-25T00:00:17+00:00,BoP_Other,0.0035,2026 Balance of Power: Other,balance-of-power-2026-midterms
2025-11-26T00:00:14+00:00,BoP_Other,0.0035,2026 Balance of Power: Other,balance-of-power-2026-midterms
2025-11-27T00:00:18+00:00,BoP_Other,0.0035,2026 Balance of Power: Other,balance-of-power-2026-midterms
2025-11-28T00:00:16+00:00,BoP_Other,0.0075,2026 Balance of Power: Other,balance-of-power-2026-midterms
2025-11-29T00:00:22+00:00,BoP_Other,0.0065,2026 Balance of Power: Other,balance-of-power-2026-midterms
2025-11-30T00:00:16+00:00,BoP_Other,0.0065,2026 Balance of Power: Other,balance-of-power-2026-midterms
2025-12-01T00:00:19+00:00,BoP_Other,0.0065,2026 Balance of Power: Other,balance-of-power-2026-midterms
2025-12-02T00:00:13+00:00,BoP_Other,0.0065,2026 Balance of Power: Other,balance-of-power-2026-midterms
2025-12-03T00:00:20+00:00,BoP_Other,0.007,2026 Balance of Power: Other,balance-of-power-2026-midterms
2025-12-04T00:00:14+00:00,BoP_Other,0.007,2026 Balance of Power: Other,balance-of-power-2026-midterms
2025-12-05T00:00:15+00:00,BoP_Other,0.0065,2026 Balance of Power: Other,balance-of-power-2026-midterms
2025-12-06T00:00:16+00:00,BoP_Other,0.004,2026 Balance of Power: Other,balance-of-power-2026-midterms
2025-12-07T00:00:29+00:00,BoP_Other,0.0035,2026 Balance of Power: Other,balance-of-power-2026-midterms
2025-12-08T00:00:28+00:00,BoP_Other,0.0035,2026 Balance of Power: Other,balance-of-power-2026-midterms
2025-12-09T00:00:25+00:00,BoP_Other,0.0035,2026 Balance of Power: Other,balance-of-power-2026-midterms
2025-12-10T00:00:13+00:00,BoP_Other,0.0035,2026 Balance of Power: Other,balance-of-power-2026-midterms
2025-12-11T00:00:14+00:00,BoP_Other,0.002,2026 Balance of Power: Other,balance-of-power-2026-midterms
2025-12-12T00:00:14+00:00,BoP_Other,0.002,2026 Balance of Power: Other,balance-of-power-2026-midterms
2025-12-13T00:00:16+00:00,BoP_Other,0.0015,2026 Balance of Power: Other,balance-of-power-2026-midterms
2025-12-14T00:00:17+00:00,BoP_Other,0.0025,2026 Balance of Power: Other,balance-of-power-2026-midterms
2025-12-15T00:00:19+00:00,BoP_Other,0.0025,2026 Balance of Power: Other,balance-of-power-2026-midterms
2025-12-16T00:00:15+00:00,BoP_Other,0.0025,2026 Balance of Power: Other,balance-of-power-2026-midterms
2025-12-17T00:00:12+00:00,BoP_Other,0.0025,2026 Balance of Power: Other,balance-of-power-2026-midterms
2025-12-17T00:00:34+00:00,BoP_Other,0.0025,2026 Balance of Power: Other,balance-of-power-2026-midterms
2025-12-18T00:00:24+00:00,BoP_Other,0.0025,2026 Balance of Power: Other,balance-of-power-2026-midterms
2025-12-19T00:00:15+00:00,BoP_Other,0.0025,2026 Balance of Power: Other,balance-of-power-2026-midterms
2025-12-20T00:00:15+00:00,BoP_Other,0.0025,2026 Balance of Power: Other,balance-of-power-2026-midterms
2025-12-21T00:00:15+00:00,BoP_Other,0.0025,2026 Balance of Power: Other,balance-of-power-2026-midterms
2025-12-22T00:00:15+00:00,BoP_Other,0.0025,2026 Balance of Power: Other,balance-of-power-2026-midterms
2025-12-23T00:00:16+00:00,BoP_Other,0.002,2026 Balance of Power: Other,balance-of-power-2026-midterms
2025-12-24T00:00:16+00:00,BoP_Other,0.0025,2026 Balance of Power: Other,balance-of-power-2026-midterms
2025-12-25T00:00:26+00:00,BoP_Other,0.0025,2026 Balance of Power: Other,balance-of-power-2026-midterms
2025-12-26T00:00:12+00:00,BoP_Other,0.0025,2026 Balance of Power: Other,balance-of-power-2026-midterms
2025-12-27T00:00:16+00:00,BoP_Other,0.0025,2026 Balance of Power: Other,balance-of-power-2026-midterms
2025-12-28T00:00:16+00:00,BoP_Other,0.0025,2026 Balance of Power: Other,balance-of-power-2026-midterms
2025-12-29T00:00:32+00:00,BoP_Other,0.0025,2026 Balance of Power: Other,balance-of-power-2026-midterms
2025-12-30T00:00:19+00:00,BoP_Other,0.0025,2026 Balance of Power: Other,balance-of-power-2026-midterms
2025-12-31T00:00:17+00:00,BoP_Other,0.002,2026 Balance of Power: Other,balance-of-power-2026-midterms
2026-01-01T00:00:16+00:00,BoP_Other,0.002,2026 Balance of Power: Other,balance-of-power-2026-midterms
2026-01-02T00:00:16+00:00,BoP_Other,0.002,2026 Balance of Power: Other,balance-of-power-2026-midterms
2026-01-03T00:00:14+00:00,BoP_Other,0.0025,2026 Balance of Power: Other,balance-of-power-2026-midterms
2026-01-04T00:00:16+00:00,BoP_Other,0.0025,2026 Balance of Power: Other,balance-of-power-2026-midterms
2026-01-05T00:00:19+00:00,BoP_Other,0.0025,2026 Balance of Power: Other,balance-of-power-2026-midterms
2026-01-06T00:00:20+00:00,BoP_Other,0.0025,2026 Balance of Power: Other,balance-of-power-2026-midterms
2026-01-07T00:00:18+00:00,BoP_Other,0.0025,2026 Balance of Power: Other,balance-of-power-2026-midterms
2026-01-08T00:00:33+00:00,BoP_Other,0.0025,2026 Balance of Power: Other,balance-of-power-2026-midterms
2026-01-09T00:00:18+00:00,BoP_Other,0.0025,2026 Balance of Power: Other,balance-of-power-2026-midterms
2026-01-10T00:00:19+00:00,BoP_Other,0.0015,2026 Balance of Power: Other,balance-of-power-2026-midterms
2026-01-11T00:00:17+00:00,BoP_Other,0.0015,2026 Balance of Power: Other,balance-of-power-2026-midterms
2026-01-12T00:00:19+00:00,BoP_Other,0.002,2026 Balance of Power: Other,balance-of-power-2026-midterms
2026-01-13T00:00:19+00:00,BoP_Other,0.0025,2026 Balance of Power: Other,balance-of-power-2026-midterms
2026-01-14T00:00:20+00:00,BoP_Other,0.0025,2026 Balance of Power: Other,balance-of-power-2026-midterms
2026-01-15T00:00:21+00:00,BoP_Other,0.0025,2026 Balance of Power: Other,balance-of-power-2026-midterms
2026-01-16T00:00:24+00:00,BoP_Other,0.0025,2026 Balance of Power: Other,balance-of-power-2026-midterms
2026-01-17T00:00:21+00:00,BoP_Other,0.003,2026 Balance of Power: Other,balance-of-power-2026-midterms
2026-01-18T00:00:31+00:00,BoP_Other,0.0035,2026 Balance of Power: Other,balance-of-power-2026-midterms
2026-01-19T00:00:18+00:00,BoP_Other,0.0105,2026 Balance of Power: Other,balance-of-power-2026-midterms
2026-01-20T00:00:20+00:00,BoP_Other,0.0095,2026 Balance of Power: Other,balance-of-power-2026-midterms
2026-01-21T00:00:21+00:00,BoP_Other,0.004,2026 Balance of Power: Other,balance-of-power-2026-midterms
2026-01-22T00:00:29+00:00,BoP_Other,0.0035,2026 Balance of Power: Other,balance-of-power-2026-midterms
2026-01-23T00:00:37+00:00,BoP_Other,0.0035,2026 Balance of Power: Other,balance-of-power-2026-midterms
2026-01-24T00:00:32+00:00,BoP_Other,0.0035,2026 Balance of Power: Other,balance-of-power-2026-midterms
2026-01-25T00:00:40+00:00,BoP_Other,0.0035,2026 Balance of Power: Other,balance-of-power-2026-midterms
2026-01-26T00:00:39+00:00,BoP_Other,0.003,2026 Balance of Power: Other,balance-of-power-2026-midterms
2026-01-27T00:00:33+00:00,BoP_Other,0.0045,2026 Balance of Power: Other,balance-of-power-2026-midterms
2026-01-28T00:00:23+00:00,BoP_Other,0.005,2026 Balance of Power: Other,balance-of-power-2026-midterms
2026-01-29T00:00:38+00:00,BoP_Other,0.004,2026 Balance of Power: Other,balance-of-power-2026-midterms
2026-01-30T00:00:27+00:00,BoP_Other,0.004,2026 Balance of Power: Other,balance-of-power-2026-midterms
2026-01-31T00:00:27+00:00,BoP_Other,0.0055,2026 Balance of Power: Other,balance-of-power-2026-midterms
2026-02-01T00:00:32+00:00,BoP_Other,0.006,2026 Balance of Power: Other,balance-of-power-2026-midterms
2026-02-02T00:00:26+00:00,BoP_Other,0.005,2026 Balance of Power: Other,balance-of-power-2026-midterms
2026-02-03T00:00:28+00:00,BoP_Other,0.006,2026 Balance of Power: Other,balance-of-power-2026-midterms
2026-02-04T00:00:39+00:00,BoP_Other,0.007,2026 Balance of Power: Other,balance-of-power-2026-midterms
2026-02-05T00:00:25+00:00,BoP_Other,0.0085,2026 Balance of Power: Other,balance-of-power-2026-midterms
2026-02-06T00:00:31+00:00,BoP_Other,0.0075,2026 Balance of Power: Other,balance-of-power-2026-midterms
2026-02-07T00:00:37+00:00,BoP_Other,0.008,2026 Balance of Power: Other,balance-of-power-2026-midterms
2026-02-08T00:00:34+00:00,BoP_Other,0.006,2026 Balance of Power: Other,balance-of-power-2026-midterms
2026-02-09T00:00:32+00:00,BoP_Other,0.007,2026 Balance of Power: Other,balance-of-power-2026-midterms
2026-02-10T00:00:35+00:00,BoP_Other,0.0055,2026 Balance of Power: Other,balance-of-power-2026-midterms
2026-02-11T00:00:37+00:00,BoP_Other,0.005,2026 Balance of Power: Other,balance-of-power-2026-midterms
2026-02-12T00:00:45+00:00,BoP_Other,0.005,2026 Balance of Power: Other,balance-of-power-2026-midterms
2026-02-13T00:00:34+00:00,BoP_Other,0.009,2026 Balance of Power: Other,balance-of-power-2026-midterms
2026-02-14T00:00:38+00:00,BoP_Other,0.0055,2026 Balance of Power: Other,balance-of-power-2026-midterms
2026-02-15T00:00:37+00:00,BoP_Other,0.004,2026 Balance of Power: Other,balance-of-power-2026-midterms
2026-02-16T00:00:48+00:00,BoP_Other,0.0045,2026 Balance of Power: Other,balance-of-power-2026-midterms
2026-02-17T00:00:39+00:00,BoP_Other,0.006,2026 Balance of Power: Other,balance-of-power-2026-midterms
2026-02-18T00:00:43+00:00,BoP_Other,0.0065,2026 Balance of Power: Other,balance-of-power-2026-midterms
2026-02-19T00:00:44+00:00,BoP_Other,0.0055,2026 Balance of Power: Other,balance-of-power-2026-midterms
2026-02-20T00:00:42+00:00,BoP_Other,0.0055,2026 Balance of Power: Other,balance-of-power-2026-midterms
2026-02-21T00:00:29+00:00,BoP_Other,0.0055,2026 Balance of Power: Other,balance-of-power-2026-midterms
2026-02-22T00:00:29+00:00,BoP_Other,0.009,2026 Balance of Power: Other,balance-of-power-2026-midterms
2026-02-23T00:00:34+00:00,BoP_Other,0.0085,2026 Balance of Power: Other,balance-of-power-2026-midterms
2026-02-24T00:00:33+00:00,BoP_Other,0.0085,2026 Balance of Power: Other,balance-of-power-2026-midterms
2026-02-25T00:00:38+00:00,BoP_Other,0.008,2026 Balance of Power: Other,balance-of-power-2026-midterms
2026-02-26T00:00:35+00:00,BoP_Other,0.0035,2026 Balance of Power: Other,balance-of-power-2026-midterms
2026-02-27T00:00:39+00:00,BoP_Other,0.0045,2026 Balance of Power: Other,balance-of-power-2026-midterms
2026-02-28T00:00:40+00:00,BoP_Other,0.0055,2026 Balance of Power: Other,balance-of-power-2026-midterms
2026-03-01T00:00:51+00:00,BoP_Other,0.0065,2026 Balance of Power: Other,balance-of-power-2026-midterms
2026-03-02T00:00:50+00:00,BoP_Other,0.0055,2026 Balance of Power: Other,balance-of-power-2026-midterms
2026-03-03T00:00:43+00:00,BoP_Other,0.006,2026 Balance of Power: Other,balance-of-power-2026-midterms
2026-03-04T00:00:45+00:00,BoP_Other,0.007,2026 Balance of Power: Other,balance-of-power-2026-midterms
2026-03-05T00:00:41+00:00,BoP_Other,0.0065,2026 Balance of Power: Other,balance-of-power-2026-midterms
2026-03-06T00:00:40+00:00,BoP_Other,0.007,2026 Balance of Power: Other,balance-of-power-2026-midterms
2026-03-07T00:00:45+00:00,BoP_Other,0.0065,2026 Balance of Power: Other,balance-of-power-2026-midterms
2026-03-08T00:00:37+00:00,BoP_Other,0.008,2026 Balance of Power: Other,balance-of-power-2026-midterms
2026-03-09T00:00:32+00:00,BoP_Other,0.007,2026 Balance of Power: Other,balance-of-power-2026-midterms
2026-03-10T00:00:39+00:00,BoP_Other,0.0055,2026 Balance of Power: Other,balance-of-power-2026-midterms
2026-03-11T00:00:43+00:00,BoP_Other,0.0035,2026 Balance of Power: Other,balance-of-power-2026-midterms
2026-03-12T00:00:43+00:00,BoP_Other,0.0045,2026 Balance of Power: Other,balance-of-power-2026-midterms
2026-03-13T00:00:59+00:00,BoP_Other,0.0055,2026 Balance of Power: Other,balance-of-power-2026-midterms
2026-03-14T00:00:37+00:00,BoP_Other,0.0035,2026 Balance of Power: Other,balance-of-power-2026-midterms
2026-03-15T00:00:36+00:00,BoP_Other,0.0035,2026 Balance of Power: Other,balance-of-power-2026-midterms
2026-03-16T00:00:50+00:00,BoP_Other,0.004,2026 Balance of Power: Other,balance-of-power-2026-midterms
2026-03-17T00:00:33+00:00,BoP_Other,0.004,2026 Balance of Power: Other,balance-of-power-2026-midterms
2026-03-18T00:00:34+00:00,BoP_Other,0.003,2026 Balance of Power: Other,balance-of-power-2026-midterms
2026-03-19T00:00:42+00:00,BoP_Other,0.0035,2026 Balance of Power: Other,balance-of-power-2026-midterms
2026-03-20T00:00:39+00:00,BoP_Other,0.0035,2026 Balance of Power: Other,balance-of-power-2026-midterms
2026-03-21T00:00:37+00:00,BoP_Other,0.0045,2026 Balance of Power: Other,balance-of-power-2026-midterms
2026-03-22T00:00:34+00:00,BoP_Other,0.0045,2026 Balance of Power: Other,balance-of-power-2026-midterms
2026-03-23T00:00:28+00:00,BoP_Other,0.0035,2026 Balance of Power: Other,balance-of-power-2026-midterms
2026-03-24T00:00:26+00:00,BoP_Other,0.005,2026 Balance of Power: Other,balance-of-power-2026-midterms
2026-03-25T00:00:28+00:00,BoP_Other,0.0045,2026 Balance of Power: Other,balance-of-power-2026-midterms
2026-03-26T00:00:31+00:00,BoP_Other,0.005,2026 Balance of Power: Other,balance-of-power-2026-midterms
2026-03-27T00:00:46+00:00,BoP_Other,0.0055,2026 Balance of Power: Other,balance-of-power-2026-midterms
2026-03-28T00:00:49+00:00,BoP_Other,0.0055,2026 Balance of Power: Other,balance-of-power-2026-midterms
2026-03-29T00:00:54+00:00,BoP_Other,0.0045,2026 Balance of Power: Other,balance-of-power-2026-midterms
2026-04-09T00:00:29+00:00,BoP_Other,0.0045,2026 Balance of Power: Other,balance-of-power-2026-midterms
2026-04-18T00:00:23+00:00,BoP_Other,0.0055,2026 Balance of Power: Other,balance-of-power-2026-midterms
2026-04-22T00:00:17+00:00,BoP_Other,0.0055,2026 Balance of Power: Other,balance-of-power-2026-midterms
2026-04-23T00:00:17+00:00,BoP_Other,0.0055,2026 Balance of Power: Other,balance-of-power-2026-midterms
2026-04-24T00:00:34+00:00,BoP_Other,0.0055,2026 Balance of Power: Other,balance-of-power-2026-midterms
2026-04-25T00:00:16+00:00,BoP_Other,0.0065,2026 Balance of Power: Other,balance-of-power-2026-midterms
2026-04-26T00:00:09+00:00,BoP_Other,0.0065,2026 Balance of Power: Other,balance-of-power-2026-midterms
2026-04-27T00:00:11+00:00,BoP_Other,0.0075,2026 Balance of Power: Other,balance-of-power-2026-midterms
2026-04-28T00:00:13+00:00,BoP_Other,0.009,2026 Balance of Power: Other,balance-of-power-2026-midterms
2026-04-29T00:00:11+00:00,BoP_Other,0.008,2026 Balance of Power: Other,balance-of-power-2026-midterms
2026-04-30T00:00:15+00:00,BoP_Other,0.009,2026 Balance of Power: Other,balance-of-power-2026-midterms
2026-05-01T00:00:19+00:00,BoP_Other,0.008,2026 Balance of Power: Other,balance-of-power-2026-midterms
2026-05-02T00:00:09+00:00,BoP_Other,0.0075,2026 Balance of Power: Other,balance-of-power-2026-midterms
2026-05-03T00:00:07+00:00,BoP_Other,0.0075,2026 Balance of Power: Other,balance-of-power-2026-midterms
2026-05-04T00:00:06+00:00,BoP_Other,0.0085,2026 Balance of Power: Other,balance-of-power-2026-midterms
2026-05-05T00:00:20+00:00,BoP_Other,0.0075,2026 Balance of Power: Other,balance-of-power-2026-midterms
2026-05-06T00:00:11+00:00,BoP_Other,0.0075,2026 Balance of Power: Other,balance-of-power-2026-midterms
2026-05-07T00:00:10+00:00,BoP_Other,0.007,2026 Balance of Power: Other,balance-of-power-2026-midterms
2026-05-08T00:00:08+00:00,BoP_Other,0.0065,2026 Balance of Power: Other,balance-of-power-2026-midterms
2026-05-09T00:00:25+00:00,BoP_Other,0.0065,2026 Balance of Power: Other,balance-of-power-2026-midterms
2026-05-10T00:00:11+00:00,BoP_Other,0.0065,2026 Balance of Power: Other,balance-of-power-2026-midterms
2026-05-11T00:00:12+00:00,BoP_Other,0.0065,2026 Balance of Power: Other,balance-of-power-2026-midterms
2026-05-12T00:00:17+00:00,BoP_Other,0.0065,2026 Balance of Power: Other,balance-of-power-2026-midterms
2026-05-13T00:00:15+00:00,BoP_Other,0.0075,2026 Balance of Power: Other,balance-of-power-2026-midterms
2026-05-14T00:00:21+00:00,BoP_Other,0.0075,2026 Balance of Power: Other,balance-of-power-2026-midterms
2026-05-15T00:00:12+00:00,BoP_Other,0.0075,2026 Balance of Power: Other,balance-of-power-2026-midterms
2026-05-16T00:00:19+00:00,BoP_Other,0.0085,2026 Balance of Power: Other,balance-of-power-2026-midterms
2026-05-17T00:00:30+00:00,BoP_Other,0.0085,2026 Balance of Power: Other,balance-of-power-2026-midterms
2026-05-18T00:00:13+00:00,BoP_Other,0.0085,2026 Balance of Power: Other,balance-of-power-2026-midterms
2026-05-19T00:00:10+00:00,BoP_Other,0.0075,2026 Balance of Power: Other,balance-of-power-2026-midterms
2026-05-20T00:00:14+00:00,BoP_Other,0.0075,2026 Balance of Power: Other,balance-of-power-2026-midterms
2026-05-21T00:00:16+00:00,BoP_Other,0.0075,2026 Balance of Power: Other,balance-of-power-2026-midterms
2026-05-22T00:00:18+00:00,BoP_Other,0.0095,2026 Balance of Power: Other,balance-of-power-2026-midterms
2026-05-23T00:00:13+00:00,BoP_Other,0.0075,2026 Balance of Power: Other,balance-of-power-2026-midterms
2026-05-24T00:00:08+00:00,BoP_Other,0.009,2026 Balance of Power: Other,balance-of-power-2026-midterms
2026-05-25T00:00:08+00:00,BoP_Other,0.009,2026 Balance of Power: Other,balance-of-power-2026-midterms
2026-05-26T00:00:08+00:00,BoP_Other,0.0075,2026 Balance of Power: Other,balance-of-power-2026-midterms
2026-05-27T00:00:09+00:00,BoP_Other,0.0075,2026 Balance of Power: Other,balance-of-power-2026-midterms
2026-05-28T00:00:13+00:00,BoP_Other,0.0085,2026 Balance of Power: Other,balance-of-power-2026-midterms
2026-05-29T00:00:14+00:00,BoP_Other,0.0085,2026 Balance of Power: Other,balance-of-power-2026-midterms
2026-05-30T00:00:22+00:00,BoP_Other,0.01,2026 Balance of Power: Other,balance-of-power-2026-midterms
2026-05-31T00:00:12+00:00,BoP_Other,0.0095,2026 Balance of Power: Other,balance-of-power-2026-midterms
2026-06-01T00:00:07+00:00,BoP_Other,0.0095,2026 Balance of Power: Other,balance-of-power-2026-midterms
2026-06-02T00:00:10+00:00,BoP_Other,0.009,2026 Balance of Power: Other,balance-of-power-2026-midterms
2026-06-03T00:00:10+00:00,BoP_Other,0.0085,2026 Balance of Power: Other,balance-of-power-2026-midterms
2026-06-04T00:00:06+00:00,BoP_Other,0.0085,2026 Balance of Power: Other,balance-of-power-2026-midterms
2026-06-05T00:00:19+00:00,BoP_Other,0.0085,2026 Balance of Power: Other,balance-of-power-2026-midterms
2026-06-06T00:00:05+00:00,BoP_Other,0.0085,2026 Balance of Power: Other,balance-of-power-2026-midterms
2026-06-07T00:00:16+00:00,BoP_Other,0.0085,2026 Balance of Power: Other,balance-of-power-2026-midterms
2026-06-08T00:00:06+00:00,BoP_Other,0.0085,2026 Balance of Power: Other,balance-of-power-2026-midterms
2026-06-09T00:00:08+00:00,BoP_Other,0.0095,2026 Balance of Power: Other,balance-of-power-2026-midterms
2026-06-10T00:00:08+00:00,BoP_Other,0.009,2026 Balance of Power: Other,balance-of-power-2026-midterms
2026-06-11T00:00:12+00:00,BoP_Other,0.009,2026 Balance of Power: Other,balance-of-power-2026-midterms
2026-06-12T00:00:08+00:00,BoP_Other,0.0085,2026 Balance of Power: Other,balance-of-power-2026-midterms
2026-06-13T00:00:08+00:00,BoP_Other,0.008,2026 Balance of Power: Other,balance-of-power-2026-midterms
2026-06-14T00:00:12+00:00,BoP_Other,0.008,2026 Balance of Power: Other,balance-of-power-2026-midterms
2026-06-15T00:00:08+00:00,BoP_Other,0.008,2026 Balance of Power: Other,balance-of-power-2026-midterms
2026-06-16T00:00:12+00:00,BoP_Other,0.008,2026 Balance of Power: Other,balance-of-power-2026-midterms
2026-06-17T00:00:11+00:00,BoP_Other,0.0075,2026 Balance of Power: Other,balance-of-power-2026-midterms
2026-06-18T00:00:28+00:00,BoP_Other,0.007,2026 Balance of Power: Other,balance-of-power-2026-midterms
2026-06-19T00:00:27+00:00,BoP_Other,0.0075,2026 Balance of Power: Other,balance-of-power-2026-midterms
2026-06-20T00:00:08+00:00,BoP_Other,0.0075,2026 Balance of Power: Other,balance-of-power-2026-midterms
2026-06-21T00:00:12+00:00,BoP_Other,0.007,2026 Balance of Power: Other,balance-of-power-2026-midterms
2026-06-22T00:00:11+00:00,BoP_Other,0.007,2026 Balance of Power: Other,balance-of-power-2026-midterms
2026-06-23T00:00:12+00:00,BoP_Other,0.0065,2026 Balance of Power: Other,balance-of-power-2026-midterms
2026-06-24T00:00:10+00:00,BoP_Other,0.0065,2026 Balance of Power: Other,balance-of-power-2026-midterms
2026-06-25T00:00:18+00:00,BoP_Other,0.0065,2026 Balance of Power: Other,balance-of-power-2026-midterms
2026-06-26T00:00:09+00:00,BoP_Other,0.0065,2026 Balance of Power: Other,balance-of-power-2026-midterms
2026-06-27T00:00:10+00:00,BoP_Other,0.0065,2026 Balance of Power: Other,balance-of-power-2026-midterms
2026-06-28T00:00:09+00:00,BoP_Other,0.0065,2026 Balance of Power: Other,balance-of-power-2026-midterms
2026-06-29T00:00:09+00:00,BoP_Other,0.0065,2026 Balance of Power: Other,balance-of-power-2026-midterms
2026-06-30T00:00:10+00:00,BoP_Other,0.0065,2026 Balance of Power: Other,balance-of-power-2026-midterms
2026-07-01T00:00:09+00:00,BoP_Other,0.0065,2026 Balance of Power: Other,balance-of-power-2026-midterms
2026-07-02T00:00:13+00:00,BoP_Other,0.0065,2026 Balance of Power: Other,balance-of-power-2026-midterms
2026-07-03T00:00:10+00:00,BoP_Other,0.0055,2026 Balance of Power: Other,balance-of-power-2026-midterms
2026-07-04T00:00:10+00:00,BoP_Other,0.0055,2026 Balance of Power: Other,balance-of-power-2026-midterms
2026-07-05T00:00:10+00:00,BoP_Other,0.006,2026 Balance of Power: Other,balance-of-power-2026-midterms
2026-07-06T00:00:05+00:00,BoP_Other,0.007,2026 Balance of Power: Other,balance-of-power-2026-midterms
2026-07-07T00:00:11+00:00,BoP_Other,0.0065,2026 Balance of Power: Other,balance-of-power-2026-midterms
2026-07-08T00:00:07+00:00,BoP_Other,0.0065,2026 Balance of Power: Other,balance-of-power-2026-midterms
2026-07-09T00:00:13+00:00,BoP_Other,0.0065,2026 Balance of Power: Other,balance-of-power-2026-midterms
2026-07-10T00:00:09+00:00,BoP_Other,0.0065,2026 Balance of Power: Other,balance-of-power-2026-midterms
2026-07-11T00:00:10+00:00,BoP_Other,0.0065,2026 Balance of Power: Other,balance-of-power-2026-midterms
2026-07-12T00:00:22+00:00,BoP_Other,0.0065,2026 Balance of Power: Other,balance-of-power-2026-midterms
2026-07-13T00:00:12+00:00,BoP_Other,0.007,2026 Balance of Power: Other,balance-of-power-2026-midterms
2026-07-14T00:00:10+00:00,BoP_Other,0.0065,2026 Balance of Power: Other,balance-of-power-2026-midterms
2026-07-15T00:00:14+00:00,BoP_Other,0.0055,2026 Balance of Power: Other,balance-of-power-2026-midterms
2026-07-16T00:00:14+00:00,BoP_Other,0.0055,2026 Balance of Power: Other,balance-of-power-2026-midterms
2026-07-17T00:00:15+00:00,BoP_Other,0.0055,2026 Balance of Power: Other,balance-of-power-2026-midterms
2026-07-18T00:00:11+00:00,BoP_Other,0.0055,2026 Balance of Power: Other,balance-of-power-2026-midterms
2026-07-19T00:00:16+00:00,BoP_Other,0.0055,2026 Balance of Power: Other,balance-of-power-2026-midterms
2026-07-20T00:00:27+00:00,BoP_Other,0.0055,2026 Balance of Power: Other,balance-of-power-2026-midterms
2026-07-21T00:00:15+00:00,BoP_Other,0.0055,2026 Balance of Power: Other,balance-of-power-2026-midterms
2026-07-22T00:00:11+00:00,BoP_Other,0.0055,2026 Balance of Power: Other,balance-of-power-2026-midterms
2026-07-23T00:00:20+00:00,BoP_Other,0.0055,2026 Balance of Power: Other,balance-of-power-2026-midterms
2026-07-24T00:00:26+00:00,BoP_Other,0.0055,2026 Balance of Power: Other,balance-of-power-2026-midterms
2026-07-25T00:00:42+00:00,BoP_Other,0.0055,2026 Balance of Power: Other,balance-of-power-2026-midterms
2026-07-26T00:00:37+00:00,BoP_Other,0.0055,2026 Balance of Power: Other,balance-of-power-2026-midterms
2026-07-27T00:00:47+00:00,BoP_Other,0.0055,2026 Balance of Power: Other,balance-of-power-2026-midterms
2026-07-28T00:00:47+00:00,BoP_Other,0.0055,2026 Balance of Power: Other,balance-of-power-2026-midterms
2026-07-30T00:00:26+00:00,BoP_Other,0.0065,2026 Balance of Power: Other,balance-of-power-2026-midterms
2026-07-31T00:00:23+00:00,BoP_Other,0.0055,2026 Balance of Power: Other,balance-of-power-2026-midterms
2026-08-01T00:00:14+00:00,BoP_Other,0.0055,2026 Balance of Power: Other,balance-of-power-2026-midterms
2026-08-02T00:00:15+00:00,BoP_Other,0.0055,2026 Balance of Power: Other,balance-of-power-2026-midterms
2026-08-03T00:00:12+00:00,BoP_Other,0.0055,2026 Balance of Power: Other,balance-of-power-2026-midterms
2026-08-04T00:00:14+00:00,BoP_Other,0.0055,2026 Balance of Power: Other,balance-of-power-2026-midterms
2026-08-05T00:00:15+00:00,BoP_Other,0.0045,2026 Balance of Power: Other,balance-of-power-2026-midterms
2026-08-06T00:00:14+00:00,BoP_Other,0.0045,2026 Balance of Power: Other,balance-of-power-2026-midterms
2026-08-07T00:00:14+00:00,BoP_Other,0.0045,2026 Balance of Power: Other,balance-of-power-2026-midterms
2026-08-08T00:00:18+00:00,BoP_Other,0.0045,2026 Balance of Power: Other,balance-of-power-2026-midterms
2026-08-09T00:00:28+00:00,BoP_Other,0.0045,2026 Balance of Power: Other,balance-of-power-2026-midterms
2026-08-10T00:00:20+00:00,BoP_Other,0.0045,2026 Balance of Power: Other,balance-of-power-2026-midterms
2026-08-11T00:00:24+00:00,BoP_Other,0.0005,2026 Balance of Power: Other,balance-of-power-2026-midterms
2026-08-12T00:00:16+00:00,BoP_Other,0.0015,2026 Balance of Power: Other,balance-of-power-2026-midterms
2026-08-13T00:00:21+00:00,BoP_Other,0.0025,2026 Balance of Power: Other,balance-of-power-2026-midterms
2026-08-14T00:00:21+00:00,BoP_Other,0.0025,2026 Balance of Power: Other,balance-of-power-2026-midterms
2026-08-15T00:00:20+00:00,BoP_Other,0.0025,2026 Balance of Power: Other,balance-of-power-2026-midterms
2026-08-16T00:00:22+00:00,BoP_Other,0.0025,2026 Balance of Power: Other,balance-of-power-2026-midterms
2026-08-17T00:00:24+00:00,BoP_Other,0.0025,2026 Balance of Power: Other,balance-of-power-2026-midterms
2026-08-18T00:00:34+00:00,BoP_Other,0.0025,2026 Balance of Power: Other,balance-of-power-2026-midterms
2026-08-19T00:00:23+00:00,BoP_Other,0.0035,2026 Balance of Power: Other,balance-of-power-2026-midterms
2026-08-20T00:00:27+00:00,BoP_Other,0.0035,2026 Balance of Power: Other,balance-of-power-2026-midterms
2026-08-21T00:00:24+00:00,BoP_Other,0.0035,2026 Balance of Power: Other,balance-of-power-2026-midterms
2026-08-22T00:00:24+00:00,BoP_Other,0.003,2026 Balance of Power: Other,balance-of-power-2026-midterms
2026-08-23T00:00:21+00:00,BoP_Other,0.003,2026 Balance of Power: Other,balance-of-power-2026-midterms
2026-08-24T00:00:25+00:00,BoP_Other,0.0025,2026 Balance of Power: Other,balance-of-power-2026-midterms
2026-08-25T00:00:23+00:00,BoP_Other,0.0025,2026 Balance of Power: Other,balance-of-power-2026-midterms
2026-08-26T00:00:25+00:00,BoP_Other,0.0025,2026 Balance of Power: Other,balance-of-power-2026-midterms
2026-08-27T00:00:25+00:00,BoP_Other,0.0025,2026 Balance of Power: Other,balance-of-power-2026-midterms
2026-08-28T00:00:26+00:00,BoP_Other,0.0025,2026 Balance of Power: Other,balance-of-power-2026-midterms
2026-08-29T00:00:26+00:00,BoP_Other,0.0025,2026 Balance of Power: Other,balance-of-power-2026-midterms
2026-08-30T00:00:25+00:00,BoP_Other,0.0025,2026 Balance of Power: Other,balance-of-power-2026-midterms
2026-08-31T00:00:23+00:00,BoP_Other,0.0025,2026 Balance of Power: Other,balance-of-power-2026-midterms
2026-09-01T00:00:36+00:00,BoP_Other,0.0025,2026 Balance of Power: Other,balance-of-power-2026-midterms
2026-09-02T00:00:24+00:00,BoP_Other,0.0025,2026 Balance of Power: Other,balance-of-power-2026-midterms
2026-09-03T00:00:28+00:00,BoP_Other,0.0025,2026 Balance of Power: Other,balance-of-power-2026-midterms
2026-09-04T00:00:21+00:00,BoP_Other,0.003,2026 Balance of Power: Other,balance-of-power-2026-midterms
2026-09-05T00:00:21+00:00,BoP_Other,0.0035,2026 Balance of Power: Other,balance-of-power-2026-midterms
2026-09-06T00:00:27+00:00,BoP_Other,0.0035,2026 Balance of Power: Other,balance-of-power-2026-midterms
2026-09-07T00:00:35+00:00,BoP_Other,0.0035,2026 Balance of Power: Other,balance-of-power-2026-midterms
2026-09-08T00:00:18+00:00,BoP_Other,0.0035,2026 Balance of Power: Other,balance-of-power-2026-midterms
2026-09-09T00:00:26+00:00,BoP_Other,0.0035,2026 Balance of Power: Other,balance-of-power-2026-midterms
2026-09-10T00:00:21+00:00,BoP_Other,0.0035,2026 Balance of Power: Other,balance-of-power-2026-midterms
2026-09-11T00:00:23+00:00,BoP_Other,0.0035,2026 Balance of Power: Other,balance-of-power-2026-midterms
2026-09-12T00:00:24+00:00,BoP_Other,0.0035,2026 Balance of Power: Other,balance-of-power-2026-midterms
2026-09-13T00:00:22+00:00,BoP_Other,0.0035,2026 Balance of Power: Other,balance-of-power-2026-midterms
2026-09-14T00:00:19+00:00,BoP_Other,0.0035,2026 Balance of Power: Other,balance-of-power-2026-midterms
2026-09-15T00:00:18+00:00,BoP_Other,0.0035,2026 Balance of Power: Other,balance-of-power-2026-midterms
2026-09-16T00:00:19+00:00,BoP_Other,0.0035,2026 Balance of Power: Other,balance-of-power-2026-midterms
2026-09-17T00:00:21+00:00,BoP_Other,0.0025,2026 Balance of Power: Other,balance-of-power-2026-midterms
2026-09-18T00:00:24+00:00,BoP_Other,0.0025,2026 Balance of Power: Other,balance-of-power-2026-midterms
2026-09-19T00:00:26+00:00,BoP_Other,0.0025,2026 Balance of Power: Other,balance-of-power-2026-midterms
2026-09-20T00:00:25+00:00,BoP_Other,0.0015,2026 Balance of Power: Other,balance-of-power-2026-midterms
2026-09-21T00:00:21+00:00,BoP_Other,0.002,2026 Balance of Power: Other,balance-of-power-2026-midterms
2026-09-22T00:00:22+00:00,BoP_Other,0.0025,2026 Balance of Power: Other,balance-of-power-2026-midterms
2026-09-23T00:00:24+00:00,BoP_Other,0.0015,2026 Balance of Power: Other,balance-of-power-2026-midterms
2026-09-24T00:00:34+00:00,BoP_Other,0.0015,2026 Balance of Power: Other,balance-of-power-2026-midterms
2026-09-25T00:00:27+00:00,BoP_Other,0.0015,2026 Balance of Power: Other,balance-of-power-2026-midterms
2026-09-26T00:00:21+00:00,BoP_Other,0.0015,2026 Balance of Power: Other,balance-of-power-2026-midterms
2026-09-27T00:00:21+00:00,BoP_Other,0.0015,2026 Balance of Power: Other,balance-of-power-2026-midterms
2026-09-28T00:00:35+00:00,BoP_Other,0.0015,2026 Balance of Power: Other,balance-of-power-2026-midterms
2026-09-29T00:00:22+00:00,BoP_Other,0.0015,2026 Balance of Power: Other,balance-of-power-2026-midterms
2026-09-30T00:00:24+00:00,BoP_Other,0.0015,2026 Balance of Power: Other,balance-of-power-2026-midterms
2026-10-01T00:00:26+00:00,BoP_Other,0.0015,2026 Balance of Power: Other,balance-of-power-2026-midterms
2026-10-02T00:00:24+00:00,BoP_Other,0.0015,2026 Balance of Power: Other,balance-of-power-2026-midterms
2026-10-03T00:00:27+00:00,BoP_Other,0.0015,2026 Balance of Power: Other,balance-of-power-2026-midterms
2026-10-04T00:00:23+00:00,BoP_Other,0.0015,2026 Balance of Power: Other,balance-of-power-2026-midterms
2026-10-05T00:00:28+00:00,BoP_Other,0.0015,2026 Balance of Power: Other,balance-of-power-2026-midterms
2026-10-06T00:00:27+00:00,BoP_Other,0.0015,2026 Balance of Power: Other,balance-of-power-2026-midterms
2026-10-06T16:06:22+00:00,BoP_Other,0.0035,2026 Balance of Power: Other,balance-of-power-2026-midterms
2025-07-19T00:00:09+00:00,D_House,0.7,Will the Democratic Party control the House after the 2026 Midterm elections?,which-party-will-win-the-house-in-2026
2025-07-20T00:00:08+00:00,D_House,0.695,Will the Democratic Party control the House after the 2026 Midterm elections?,which-party-will-win-the-house-in-2026
2025-07-21T00:00:07+00:00,D_House,0.695,Will the Democratic Party control the House after the 2026 Midterm elections?,which-party-will-win-the-house-in-2026
2025-07-22T00:00:09+00:00,D_House,0.695,Will the Democratic Party control the House after the 2026 Midterm elections?,which-party-will-win-the-house-in-2026
2025-07-23T00:00:09+00:00,D_House,0.695,Will the Democratic Party control the House after the 2026 Midterm elections?,which-party-will-win-the-house-in-2026
2025-07-24T00:00:09+00:00,D_House,0.695,Will the Democratic Party control the House after the 2026 Midterm elections?,which-party-will-win-the-house-in-2026
2025-07-25T00:00:09+00:00,D_House,0.695,Will the Democratic Party control the House after the 2026 Midterm elections?,which-party-will-win-the-house-in-2026
2025-07-26T00:00:09+00:00,D_House,0.695,Will the Democratic Party control the House after the 2026 Midterm elections?,which-party-will-win-the-house-in-2026
2025-07-27T00:00:10+00:00,D_House,0.705,Will the Democratic Party control the House after the 2026 Midterm elections?,which-party-will-win-the-house-in-2026
2025-07-28T00:00:09+00:00,D_House,0.705,Will the Democratic Party control the House after the 2026 Midterm elections?,which-party-will-win-the-house-in-2026
2025-07-29T00:00:10+00:00,D_House,0.705,Will the Democratic Party control the House after the 2026 Midterm elections?,which-party-will-win-the-house-in-2026
2025-07-30T00:00:10+00:00,D_House,0.705,Will the Democratic Party control the House after the 2026 Midterm elections?,which-party-will-win-the-house-in-2026
2025-07-31T00:00:08+00:00,D_House,0.705,Will the Democratic Party control the House after the 2026 Midterm elections?,which-party-will-win-the-house-in-2026
2025-08-01T00:00:09+00:00,D_House,0.705,Will the Democratic Party control the House after the 2026 Midterm elections?,which-party-will-win-the-house-in-2026
2025-08-02T00:00:09+00:00,D_House,0.705,Will the Democratic Party control the House after the 2026 Midterm elections?,which-party-will-win-the-house-in-2026
2025-08-03T00:00:08+00:00,D_House,0.705,Will the Democratic Party control the House after the 2026 Midterm elections?,which-party-will-win-the-house-in-2026
2025-08-04T00:00:07+00:00,D_House,0.705,Will the Democratic Party control the House after the 2026 Midterm elections?,which-party-will-win-the-house-in-2026
2025-08-05T00:00:08+00:00,D_House,0.705,Will the Democratic Party control the House after the 2026 Midterm elections?,which-party-will-win-the-house-in-2026
2025-08-06T00:00:09+00:00,D_House,0.705,Will the Democratic Party control the House after the 2026 Midterm elections?,which-party-will-win-the-house-in-2026
2025-08-07T00:00:06+00:00,D_House,0.705,Will the Democratic Party control the House after the 2026 Midterm elections?,which-party-will-win-the-house-in-2026
2025-08-08T00:00:08+00:00,D_House,0.705,Will the Democratic Party control the House after the 2026 Midterm elections?,which-party-will-win-the-house-in-2026
2025-08-09T00:00:08+00:00,D_House,0.705,Will the Democratic Party control the House after the 2026 Midterm elections?,which-party-will-win-the-house-in-2026
2025-08-10T00:00:08+00:00,D_House,0.705,Will the Democratic Party control the House after the 2026 Midterm elections?,which-party-will-win-the-house-in-2026
2025-08-11T00:00:11+00:00,D_House,0.705,Will the Democratic Party control the House after the 2026 Midterm elections?,which-party-will-win-the-house-in-2026
2025-08-12T00:00:06+00:00,D_House,0.705,Will the Democratic Party control the House after the 2026 Midterm elections?,which-party-will-win-the-house-in-2026
2025-08-13T00:00:14+00:00,D_House,0.705,Will the Democratic Party control the House after the 2026 Midterm elections?,which-party-will-win-the-house-in-2026
2025-08-14T00:00:08+00:00,D_House,0.705,Will the Democratic Party control the House after the 2026 Midterm elections?,which-party-will-win-the-house-in-2026
2025-08-15T00:00:11+00:00,D_House,0.705,Will the Democratic Party control the House after the 2026 Midterm elections?,which-party-will-win-the-house-in-2026
2025-08-16T00:00:06+00:00,D_House,0.705,Will the Democratic Party control the House after the 2026 Midterm elections?,which-party-will-win-the-house-in-2026
2025-08-17T00:00:08+00:00,D_House,0.705,Will the Democratic Party control the House after the 2026 Midterm elections?,which-party-will-win-the-house-in-2026
2025-08-18T00:00:02+00:00,D_House,0.705,Will the Democratic Party control the House after the 2026 Midterm elections?,which-party-will-win-the-house-in-2026
2025-08-19T00:00:13+00:00,D_House,0.705,Will the Democratic Party control the House after the 2026 Midterm elections?,which-party-will-win-the-house-in-2026
2025-08-20T00:00:05+00:00,D_House,0.705,Will the Democratic Party control the House after the 2026 Midterm elections?,which-party-will-win-the-house-in-2026
2025-08-21T00:00:08+00:00,D_House,0.7,Will the Democratic Party control the House after the 2026 Midterm elections?,which-party-will-win-the-house-in-2026
2025-08-22T00:00:08+00:00,D_House,0.705,Will the Democratic Party control the House after the 2026 Midterm elections?,which-party-will-win-the-house-in-2026
2025-08-23T00:00:16+00:00,D_House,0.7,Will the Democratic Party control the House after the 2026 Midterm elections?,which-party-will-win-the-house-in-2026
2025-08-24T00:00:03+00:00,D_House,0.705,Will the Democratic Party control the House after the 2026 Midterm elections?,which-party-will-win-the-house-in-2026
2025-08-25T00:00:08+00:00,D_House,0.7,Will the Democratic Party control the House after the 2026 Midterm elections?,which-party-will-win-the-house-in-2026
2025-08-26T00:00:05+00:00,D_House,0.695,Will the Democratic Party control the House after the 2026 Midterm elections?,which-party-will-win-the-house-in-2026
2025-08-27T00:00:13+00:00,D_House,0.695,Will the Democratic Party control the House after the 2026 Midterm elections?,which-party-will-win-the-house-in-2026
2025-08-28T00:00:10+00:00,D_House,0.695,Will the Democratic Party control the House after the 2026 Midterm elections?,which-party-will-win-the-house-in-2026
2025-08-29T00:00:11+00:00,D_House,0.695,Will the Democratic Party control the House after the 2026 Midterm elections?,which-party-will-win-the-house-in-2026
2025-08-30T00:00:11+00:00,D_House,0.695,Will the Democratic Party control the House after the 2026 Midterm elections?,which-party-will-win-the-house-in-2026
2025-08-31T00:00:06+00:00,D_House,0.695,Will the Democratic Party control the House after the 2026 Midterm elections?,which-party-will-win-the-house-in-2026
2025-09-01T00:00:07+00:00,D_House,0.695,Will the Democratic Party control the House after the 2026 Midterm elections?,which-party-will-win-the-house-in-2026
2025-09-02T00:00:05+00:00,D_House,0.695,Will the Democratic Party control the House after the 2026 Midterm elections?,which-party-will-win-the-house-in-2026
2025-09-03T00:00:15+00:00,D_House,0.695,Will the Democratic Party control the House after the 2026 Midterm elections?,which-party-will-win-the-house-in-2026
2025-09-04T00:00:07+00:00,D_House,0.695,Will the Democratic Party control the House after the 2026 Midterm elections?,which-party-will-win-the-house-in-2026
2025-09-05T00:00:08+00:00,D_House,0.695,Will the Democratic Party control the House after the 2026 Midterm elections?,which-party-will-win-the-house-in-2026
2025-09-06T00:00:12+00:00,D_House,0.695,Will the Democratic Party control the House after the 2026 Midterm elections?,which-party-will-win-the-house-in-2026
2025-09-07T00:00:10+00:00,D_House,0.69,Will the Democratic Party control the House after the 2026 Midterm elections?,which-party-will-win-the-house-in-2026
2025-09-08T00:00:15+00:00,D_House,0.685,Will the Democratic Party control the House after the 2026 Midterm elections?,which-party-will-win-the-house-in-2026
2025-09-09T00:00:17+00:00,D_House,0.685,Will the Democratic Party control the House after the 2026 Midterm elections?,which-party-will-win-the-house-in-2026
2025-09-10T00:00:02+00:00,D_House,0.685,Will the Democratic Party control the House after the 2026 Midterm elections?,which-party-will-win-the-house-in-2026
2025-09-11T00:00:12+00:00,D_House,0.685,Will the Democratic Party control the House after the 2026 Midterm elections?,which-party-will-win-the-house-in-2026
2025-09-12T00:00:09+00:00,D_House,0.685,Will the Democratic Party control the House after the 2026 Midterm elections?,which-party-will-win-the-house-in-2026
2025-09-13T00:00:05+00:00,D_House,0.685,Will the Democratic Party control the House after the 2026 Midterm elections?,which-party-will-win-the-house-in-2026
2025-09-14T00:00:17+00:00,D_House,0.685,Will the Democratic Party control the House after the 2026 Midterm elections?,which-party-will-win-the-house-in-2026
2025-09-15T00:00:11+00:00,D_House,0.685,Will the Democratic Party control the House after the 2026 Midterm elections?,which-party-will-win-the-house-in-2026
2025-09-16T00:00:23+00:00,D_House,0.685,Will the Democratic Party control the House after the 2026 Midterm elections?,which-party-will-win-the-house-in-2026
2025-09-17T00:00:12+00:00,D_House,0.685,Will the Democratic Party control the House after the 2026 Midterm elections?,which-party-will-win-the-house-in-2026
2025-09-18T00:00:12+00:00,D_House,0.685,Will the Democratic Party control the House after the 2026 Midterm elections?,which-party-will-win-the-house-in-2026
2025-09-19T00:00:12+00:00,D_House,0.685,Will the Democratic Party control the House after the 2026 Midterm elections?,which-party-will-win-the-house-in-2026
2025-09-20T00:00:18+00:00,D_House,0.685,Will the Democratic Party control the House after the 2026 Midterm elections?,which-party-will-win-the-house-in-2026
2025-09-21T00:00:05+00:00,D_House,0.685,Will the Democratic Party control the House after the 2026 Midterm elections?,which-party-will-win-the-house-in-2026
2025-09-22T00:00:13+00:00,D_House,0.675,Will the Democratic Party control the House after the 2026 Midterm elections?,which-party-will-win-the-house-in-2026
2025-09-23T00:00:12+00:00,D_House,0.675,Will the Democratic Party control the House after the 2026 Midterm elections?,which-party-will-win-the-house-in-2026
2025-09-24T00:00:12+00:00,D_House,0.68,Will the Democratic Party control the House after the 2026 Midterm elections?,which-party-will-win-the-house-in-2026
2025-09-25T00:00:04+00:00,D_House,0.68,Will the Democratic Party control the House after the 2026 Midterm elections?,which-party-will-win-the-house-in-2026
2025-09-26T00:00:08+00:00,D_House,0.68,Will the Democratic Party control the House after the 2026 Midterm elections?,which-party-will-win-the-house-in-2026
2025-09-27T00:00:04+00:00,D_House,0.675,Will the Democratic Party control the House after the 2026 Midterm elections?,which-party-will-win-the-house-in-2026
2025-09-28T00:00:12+00:00,D_House,0.675,Will the Democratic Party control the House after the 2026 Midterm elections?,which-party-will-win-the-house-in-2026
2025-09-29T00:00:06+00:00,D_House,0.675,Will the Democratic Party control the House after the 2026 Midterm elections?,which-party-will-win-the-house-in-2026
2025-09-30T00:00:11+00:00,D_House,0.675,Will the Democratic Party control the House after the 2026 Midterm elections?,which-party-will-win-the-house-in-2026
2025-10-01T00:00:09+00:00,D_House,0.675,Will the Democratic Party control the House after the 2026 Midterm elections?,which-party-will-win-the-house-in-2026
2025-10-02T00:00:08+00:00,D_House,0.645,Will the Democratic Party control the House after the 2026 Midterm elections?,which-party-will-win-the-house-in-2026
2025-10-03T00:00:09+00:00,D_House,0.625,Will the Democratic Party control the House after the 2026 Midterm elections?,which-party-will-win-the-house-in-2026
2025-10-04T00:00:10+00:00,D_House,0.63,Will the Democratic Party control the House after the 2026 Midterm elections?,which-party-will-win-the-house-in-2026
2025-10-05T00:00:08+00:00,D_House,0.63,Will the Democratic Party control the House after the 2026 Midterm elections?,which-party-will-win-the-house-in-2026
2025-10-06T00:00:06+00:00,D_House,0.625,Will the Democratic Party control the House after the 2026 Midterm elections?,which-party-will-win-the-house-in-2026
2025-10-07T00:00:10+00:00,D_House,0.63,Will the Democratic Party control the House after the 2026 Midterm elections?,which-party-will-win-the-house-in-2026
2025-10-08T00:00:05+00:00,D_House,0.63,Will the Democratic Party control the House after the 2026 Midterm elections?,which-party-will-win-the-house-in-2026
2025-10-09T00:00:06+00:00,D_House,0.635,Will the Democratic Party control the House after the 2026 Midterm elections?,which-party-will-win-the-house-in-2026
2025-10-10T00:00:16+00:00,D_House,0.635,Will the Democratic Party control the House after the 2026 Midterm elections?,which-party-will-win-the-house-in-2026
2025-10-11T00:00:14+00:00,D_House,0.615,Will the Democratic Party control the House after the 2026 Midterm elections?,which-party-will-win-the-house-in-2026
2025-10-12T00:00:07+00:00,D_House,0.63,Will the Democratic Party control the House after the 2026 Midterm elections?,which-party-will-win-the-house-in-2026
2025-10-13T00:00:08+00:00,D_House,0.63,Will the Democratic Party control the House after the 2026 Midterm elections?,which-party-will-win-the-house-in-2026
2025-10-14T00:00:14+00:00,D_House,0.625,Will the Democratic Party control the House after the 2026 Midterm elections?,which-party-will-win-the-house-in-2026
2025-10-15T00:00:03+00:00,D_House,0.615,Will the Democratic Party control the House after the 2026 Midterm elections?,which-party-will-win-the-house-in-2026
2025-10-16T00:00:18+00:00,D_House,0.605,Will the Democratic Party control the House after the 2026 Midterm elections?,which-party-will-win-the-house-in-2026
2025-10-17T00:00:07+00:00,D_House,0.59,Will the Democratic Party control the House after the 2026 Midterm elections?,which-party-will-win-the-house-in-2026
2025-10-18T00:00:11+00:00,D_House,0.58,Will the Democratic Party control the House after the 2026 Midterm elections?,which-party-will-win-the-house-in-2026
2025-10-19T00:00:18+00:00,D_House,0.575,Will the Democratic Party control the House after the 2026 Midterm elections?,which-party-will-win-the-house-in-2026
2025-10-20T00:00:10+00:00,D_House,0.58,Will the Democratic Party control the House after the 2026 Midterm elections?,which-party-will-win-the-house-in-2026
2025-10-21T00:00:19+00:00,D_House,0.58,Will the Democratic Party control the House after the 2026 Midterm elections?,which-party-will-win-the-house-in-2026
2025-10-22T00:00:08+00:00,D_House,0.6,Will the Democratic Party control the House after the 2026 Midterm elections?,which-party-will-win-the-house-in-2026
2025-10-23T00:00:06+00:00,D_House,0.605,Will the Democratic Party control the House after the 2026 Midterm elections?,which-party-will-win-the-house-in-2026
2025-10-24T00:00:08+00:00,D_House,0.605,Will the Democratic Party control the House after the 2026 Midterm elections?,which-party-will-win-the-house-in-2026
2025-10-25T00:00:08+00:00,D_House,0.615,Will the Democratic Party control the House after the 2026 Midterm elections?,which-party-will-win-the-house-in-2026
2025-10-26T00:00:09+00:00,D_House,0.605,Will the Democratic Party control the House after the 2026 Midterm elections?,which-party-will-win-the-house-in-2026
2025-10-27T00:00:08+00:00,D_House,0.58,Will the Democratic Party control the House after the 2026 Midterm elections?,which-party-will-win-the-house-in-2026
2025-10-28T00:00:10+00:00,D_House,0.59,Will the Democratic Party control the House after the 2026 Midterm elections?,which-party-will-win-the-house-in-2026
2025-10-29T00:00:09+00:00,D_House,0.615,Will the Democratic Party control the House after the 2026 Midterm elections?,which-party-will-win-the-house-in-2026
2025-10-30T00:00:09+00:00,D_House,0.605,Will the Democratic Party control the House after the 2026 Midterm elections?,which-party-will-win-the-house-in-2026
2025-10-31T00:00:06+00:00,D_House,0.605,Will the Democratic Party control the House after the 2026 Midterm elections?,which-party-will-win-the-house-in-2026
2025-11-01T00:00:08+00:00,D_House,0.615,Will the Democratic Party control the House after the 2026 Midterm elections?,which-party-will-win-the-house-in-2026
2025-11-02T00:00:08+00:00,D_House,0.6,Will the Democratic Party control the House after the 2026 Midterm elections?,which-party-will-win-the-house-in-2026
2025-11-03T00:00:06+00:00,D_House,0.605,Will the Democratic Party control the House after the 2026 Midterm elections?,which-party-will-win-the-house-in-2026
2025-11-04T00:00:08+00:00,D_House,0.625,Will the Democratic Party control the House after the 2026 Midterm elections?,which-party-will-win-the-house-in-2026
2025-11-05T00:00:07+00:00,D_House,0.67,Will the Democratic Party control the House after the 2026 Midterm elections?,which-party-will-win-the-house-in-2026
2025-11-06T00:00:05+00:00,D_House,0.68,Will the Democratic Party control the House after the 2026 Midterm elections?,which-party-will-win-the-house-in-2026
2025-11-07T00:00:07+00:00,D_House,0.695,Will the Democratic Party control the House after the 2026 Midterm elections?,which-party-will-win-the-house-in-2026
2025-11-08T00:00:07+00:00,D_House,0.695,Will the Democratic Party control the House after the 2026 Midterm elections?,which-party-will-win-the-house-in-2026
2025-11-09T00:00:21+00:00,D_House,0.695,Will the Democratic Party control the House after the 2026 Midterm elections?,which-party-will-win-the-house-in-2026
2025-11-10T00:00:06+00:00,D_House,0.695,Will the Democratic Party control the House after the 2026 Midterm elections?,which-party-will-win-the-house-in-2026
2025-11-11T00:00:09+00:00,D_House,0.695,Will the Democratic Party control the House after the 2026 Midterm elections?,which-party-will-win-the-house-in-2026
2025-11-12T00:00:10+00:00,D_House,0.705,Will the Democratic Party control the House after the 2026 Midterm elections?,which-party-will-win-the-house-in-2026
2025-11-13T00:00:07+00:00,D_House,0.695,Will the Democratic Party control the House after the 2026 Midterm elections?,which-party-will-win-the-house-in-2026
2025-11-14T00:00:08+00:00,D_House,0.695,Will the Democratic Party control the House after the 2026 Midterm elections?,which-party-will-win-the-house-in-2026
2025-11-15T00:00:08+00:00,D_House,0.695,Will the Democratic Party control the House after the 2026 Midterm elections?,which-party-will-win-the-house-in-2026
2025-11-16T00:00:07+00:00,D_House,0.695,Will the Democratic Party control the House after the 2026 Midterm elections?,which-party-will-win-the-house-in-2026
2025-11-17T00:00:08+00:00,D_House,0.705,Will the Democratic Party control the House after the 2026 Midterm elections?,which-party-will-win-the-house-in-2026
2025-11-18T00:00:07+00:00,D_House,0.705,Will the Democratic Party control the House after the 2026 Midterm elections?,which-party-will-win-the-house-in-2026
2025-11-19T00:00:09+00:00,D_House,0.705,Will the Democratic Party control the House after the 2026 Midterm elections?,which-party-will-win-the-house-in-2026
2025-11-20T00:00:07+00:00,D_House,0.705,Will the Democratic Party control the House after the 2026 Midterm elections?,which-party-will-win-the-house-in-2026
2025-11-21T00:00:09+00:00,D_House,0.705,Will the Democratic Party control the House after the 2026 Midterm elections?,which-party-will-win-the-house-in-2026
2025-11-22T00:00:08+00:00,D_House,0.705,Will the Democratic Party control the House after the 2026 Midterm elections?,which-party-will-win-the-house-in-2026
2025-11-23T00:00:08+00:00,D_House,0.705,Will the Democratic Party control the House after the 2026 Midterm elections?,which-party-will-win-the-house-in-2026
2025-11-24T00:00:10+00:00,D_House,0.705,Will the Democratic Party control the House after the 2026 Midterm elections?,which-party-will-win-the-house-in-2026
2025-11-25T00:00:08+00:00,D_House,0.715,Will the Democratic Party control the House after the 2026 Midterm elections?,which-party-will-win-the-house-in-2026
2025-11-26T00:00:09+00:00,D_House,0.725,Will the Democratic Party control the House after the 2026 Midterm elections?,which-party-will-win-the-house-in-2026
2025-11-27T00:00:09+00:00,D_House,0.735,Will the Democratic Party control the House after the 2026 Midterm elections?,which-party-will-win-the-house-in-2026
2025-11-28T00:00:09+00:00,D_House,0.755,Will the Democratic Party control the House after the 2026 Midterm elections?,which-party-will-win-the-house-in-2026
2025-11-29T00:00:11+00:00,D_House,0.755,Will the Democratic Party control the House after the 2026 Midterm elections?,which-party-will-win-the-house-in-2026
2025-11-30T00:00:09+00:00,D_House,0.755,Will the Democratic Party control the House after the 2026 Midterm elections?,which-party-will-win-the-house-in-2026
2025-12-01T00:00:08+00:00,D_House,0.765,Will the Democratic Party control the House after the 2026 Midterm elections?,which-party-will-win-the-house-in-2026
2025-12-02T00:00:07+00:00,D_House,0.76,Will the Democratic Party control the House after the 2026 Midterm elections?,which-party-will-win-the-house-in-2026
2025-12-03T00:00:10+00:00,D_House,0.775,Will the Democratic Party control the House after the 2026 Midterm elections?,which-party-will-win-the-house-in-2026
2025-12-04T00:00:08+00:00,D_House,0.795,Will the Democratic Party control the House after the 2026 Midterm elections?,which-party-will-win-the-house-in-2026
2025-12-05T00:00:09+00:00,D_House,0.775,Will the Democratic Party control the House after the 2026 Midterm elections?,which-party-will-win-the-house-in-2026
2025-12-06T00:00:10+00:00,D_House,0.725,Will the Democratic Party control the House after the 2026 Midterm elections?,which-party-will-win-the-house-in-2026
2025-12-07T00:00:22+00:00,D_House,0.745,Will the Democratic Party control the House after the 2026 Midterm elections?,which-party-will-win-the-house-in-2026
2025-12-08T00:00:21+00:00,D_House,0.755,Will the Democratic Party control the House after the 2026 Midterm elections?,which-party-will-win-the-house-in-2026
2025-12-09T00:00:19+00:00,D_House,0.765,Will the Democratic Party control the House after the 2026 Midterm elections?,which-party-will-win-the-house-in-2026
2025-12-10T00:00:09+00:00,D_House,0.765,Will the Democratic Party control the House after the 2026 Midterm elections?,which-party-will-win-the-house-in-2026
2025-12-11T00:00:09+00:00,D_House,0.75,Will the Democratic Party control the House after the 2026 Midterm elections?,which-party-will-win-the-house-in-2026
2025-12-12T00:00:09+00:00,D_House,0.745,Will the Democratic Party control the House after the 2026 Midterm elections?,which-party-will-win-the-house-in-2026
2025-12-13T00:00:10+00:00,D_House,0.76,Will the Democratic Party control the House after the 2026 Midterm elections?,which-party-will-win-the-house-in-2026
2025-12-14T00:00:10+00:00,D_House,0.755,Will the Democratic Party control the House after the 2026 Midterm elections?,which-party-will-win-the-house-in-2026
2025-12-15T00:00:10+00:00,D_House,0.755,Will the Democratic Party control the House after the 2026 Midterm elections?,which-party-will-win-the-house-in-2026
2025-12-16T00:00:09+00:00,D_House,0.765,Will the Democratic Party control the House after the 2026 Midterm elections?,which-party-will-win-the-house-in-2026
2025-12-17T00:00:06+00:00,D_House,0.765,Will the Democratic Party control the House after the 2026 Midterm elections?,which-party-will-win-the-house-in-2026
2025-12-17T00:00:31+00:00,D_House,0.765,Will the Democratic Party control the House after the 2026 Midterm elections?,which-party-will-win-the-house-in-2026
2025-12-18T00:00:19+00:00,D_House,0.785,Will the Democratic Party control the House after the 2026 Midterm elections?,which-party-will-win-the-house-in-2026
2025-12-19T00:00:10+00:00,D_House,0.775,Will the Democratic Party control the House after the 2026 Midterm elections?,which-party-will-win-the-house-in-2026
2025-12-20T00:00:09+00:00,D_House,0.775,Will the Democratic Party control the House after the 2026 Midterm elections?,which-party-will-win-the-house-in-2026
2025-12-21T00:00:09+00:00,D_House,0.78,Will the Democratic Party control the House after the 2026 Midterm elections?,which-party-will-win-the-house-in-2026
2025-12-22T00:00:09+00:00,D_House,0.775,Will the Democratic Party control the House after the 2026 Midterm elections?,which-party-will-win-the-house-in-2026
2025-12-23T00:00:10+00:00,D_House,0.775,Will the Democratic Party control the House after the 2026 Midterm elections?,which-party-will-win-the-house-in-2026
2025-12-24T00:00:10+00:00,D_House,0.785,Will the Democratic Party control the House after the 2026 Midterm elections?,which-party-will-win-the-house-in-2026
2025-12-25T00:00:20+00:00,D_House,0.78,Will the Democratic Party control the House after the 2026 Midterm elections?,which-party-will-win-the-house-in-2026
2025-12-26T00:00:08+00:00,D_House,0.78,Will the Democratic Party control the House after the 2026 Midterm elections?,which-party-will-win-the-house-in-2026
2025-12-27T00:00:11+00:00,D_House,0.785,Will the Democratic Party control the House after the 2026 Midterm elections?,which-party-will-win-the-house-in-2026
2025-12-28T00:00:11+00:00,D_House,0.785,Will the Democratic Party control the House after the 2026 Midterm elections?,which-party-will-win-the-house-in-2026
2025-12-29T00:00:27+00:00,D_House,0.785,Will the Democratic Party control the House after the 2026 Midterm elections?,which-party-will-win-the-house-in-2026
2025-12-30T00:00:14+00:00,D_House,0.785,Will the Democratic Party control the House after the 2026 Midterm elections?,which-party-will-win-the-house-in-2026
2025-12-31T00:00:10+00:00,D_House,0.795,Will the Democratic Party control the House after the 2026 Midterm elections?,which-party-will-win-the-house-in-2026
2026-01-01T00:00:11+00:00,D_House,0.795,Will the Democratic Party control the House after the 2026 Midterm elections?,which-party-will-win-the-house-in-2026
2026-01-02T00:00:10+00:00,D_House,0.805,Will the Democratic Party control the House after the 2026 Midterm elections?,which-party-will-win-the-house-in-2026
2026-01-03T00:00:10+00:00,D_House,0.795,Will the Democratic Party control the House after the 2026 Midterm elections?,which-party-will-win-the-house-in-2026
2026-01-04T00:00:11+00:00,D_House,0.775,Will the Democratic Party control the House after the 2026 Midterm elections?,which-party-will-win-the-house-in-2026
2026-01-05T00:00:12+00:00,D_House,0.775,Will the Democratic Party control the House after the 2026 Midterm elections?,which-party-will-win-the-house-in-2026
2026-01-06T00:00:14+00:00,D_House,0.785,Will the Democratic Party control the House after the 2026 Midterm elections?,which-party-will-win-the-house-in-2026
2026-01-07T00:00:11+00:00,D_House,0.785,Will the Democratic Party control the House after the 2026 Midterm elections?,which-party-will-win-the-house-in-2026
2026-01-08T00:00:27+00:00,D_House,0.785,Will the Democratic Party control the House after the 2026 Midterm elections?,which-party-will-win-the-house-in-2026
2026-01-09T00:00:11+00:00,D_House,0.785,Will the Democratic Party control the House after the 2026 Midterm elections?,which-party-will-win-the-house-in-2026
2026-01-10T00:00:12+00:00,D_House,0.785,Will the Democratic Party control the House after the 2026 Midterm elections?,which-party-will-win-the-house-in-2026
2026-01-11T00:00:11+00:00,D_House,0.785,Will the Democratic Party control the House after the 2026 Midterm elections?,which-party-will-win-the-house-in-2026
2026-01-12T00:00:13+00:00,D_House,0.785,Will the Democratic Party control the House after the 2026 Midterm elections?,which-party-will-win-the-house-in-2026
2026-01-13T00:00:13+00:00,D_House,0.785,Will the Democratic Party control the House after the 2026 Midterm elections?,which-party-will-win-the-house-in-2026
2026-01-14T00:00:12+00:00,D_House,0.785,Will the Democratic Party control the House after the 2026 Midterm elections?,which-party-will-win-the-house-in-2026
2026-01-15T00:00:13+00:00,D_House,0.775,Will the Democratic Party control the House after the 2026 Midterm elections?,which-party-will-win-the-house-in-2026
2026-01-16T00:00:16+00:00,D_House,0.775,Will the Democratic Party control the House after the 2026 Midterm elections?,which-party-will-win-the-house-in-2026
2026-01-17T00:00:14+00:00,D_House,0.775,Will the Democratic Party control the House after the 2026 Midterm elections?,which-party-will-win-the-house-in-2026
2026-01-18T00:00:16+00:00,D_House,0.78,Will the Democratic Party control the House after the 2026 Midterm elections?,which-party-will-win-the-house-in-2026
2026-01-19T00:00:12+00:00,D_House,0.775,Will the Democratic Party control the House after the 2026 Midterm elections?,which-party-will-win-the-house-in-2026
2026-01-20T00:00:13+00:00,D_House,0.78,Will the Democratic Party control the House after the 2026 Midterm elections?,which-party-will-win-the-house-in-2026
2026-01-21T00:00:13+00:00,D_House,0.78,Will the Democratic Party control the House after the 2026 Midterm elections?,which-party-will-win-the-house-in-2026
2026-01-22T00:00:17+00:00,D_House,0.775,Will the Democratic Party control the House after the 2026 Midterm elections?,which-party-will-win-the-house-in-2026
2026-01-23T00:00:29+00:00,D_House,0.785,Will the Democratic Party control the House after the 2026 Midterm elections?,which-party-will-win-the-house-in-2026
2026-01-24T00:00:18+00:00,D_House,0.785,Will the Democratic Party control the House after the 2026 Midterm elections?,which-party-will-win-the-house-in-2026
2026-01-25T00:00:31+00:00,D_House,0.785,Will the Democratic Party control the House after the 2026 Midterm elections?,which-party-will-win-the-house-in-2026
2026-01-26T00:00:29+00:00,D_House,0.785,Will the Democratic Party control the House after the 2026 Midterm elections?,which-party-will-win-the-house-in-2026
2026-01-27T00:00:25+00:00,D_House,0.785,Will the Democratic Party control the House after the 2026 Midterm elections?,which-party-will-win-the-house-in-2026
2026-01-28T00:00:16+00:00,D_House,0.785,Will the Democratic Party control the House after the 2026 Midterm elections?,which-party-will-win-the-house-in-2026
2026-01-29T00:00:30+00:00,D_House,0.795,Will the Democratic Party control the House after the 2026 Midterm elections?,which-party-will-win-the-house-in-2026
2026-01-30T00:00:18+00:00,D_House,0.805,Will the Democratic Party control the House after the 2026 Midterm elections?,which-party-will-win-the-house-in-2026
2026-01-31T00:00:18+00:00,D_House,0.805,Will the Democratic Party control the House after the 2026 Midterm elections?,which-party-will-win-the-house-in-2026
2026-02-01T00:00:21+00:00,D_House,0.805,Will the Democratic Party control the House after the 2026 Midterm elections?,which-party-will-win-the-house-in-2026
2026-02-02T00:00:17+00:00,D_House,0.815,Will the Democratic Party control the House after the 2026 Midterm elections?,which-party-will-win-the-house-in-2026
2026-02-03T00:00:17+00:00,D_House,0.825,Will the Democratic Party control the House after the 2026 Midterm elections?,which-party-will-win-the-house-in-2026
2026-02-04T00:00:29+00:00,D_House,0.825,Will the Democratic Party control the House after the 2026 Midterm elections?,which-party-will-win-the-house-in-2026
2026-02-05T00:00:16+00:00,D_House,0.825,Will the Democratic Party control the House after the 2026 Midterm elections?,which-party-will-win-the-house-in-2026
2026-02-06T00:00:19+00:00,D_House,0.825,Will the Democratic Party control the House after the 2026 Midterm elections?,which-party-will-win-the-house-in-2026
2026-02-07T00:00:23+00:00,D_House,0.82,Will the Democratic Party control the House after the 2026 Midterm elections?,which-party-will-win-the-house-in-2026
2026-02-08T00:00:20+00:00,D_House,0.83,Will the Democratic Party control the House after the 2026 Midterm elections?,which-party-will-win-the-house-in-2026
2026-02-09T00:00:20+00:00,D_House,0.815,Will the Democratic Party control the House after the 2026 Midterm elections?,which-party-will-win-the-house-in-2026
2026-02-10T00:00:19+00:00,D_House,0.815,Will the Democratic Party control the House after the 2026 Midterm elections?,which-party-will-win-the-house-in-2026
2026-02-11T00:00:19+00:00,D_House,0.815,Will the Democratic Party control the House after the 2026 Midterm elections?,which-party-will-win-the-house-in-2026
2026-02-12T00:00:32+00:00,D_House,0.825,Will the Democratic Party control the House after the 2026 Midterm elections?,which-party-will-win-the-house-in-2026
2026-02-13T00:00:20+00:00,D_House,0.835,Will the Democratic Party control the House after the 2026 Midterm elections?,which-party-will-win-the-house-in-2026
2026-02-14T00:00:24+00:00,D_House,0.825,Will the Democratic Party control the House after the 2026 Midterm elections?,which-party-will-win-the-house-in-2026
2026-02-15T00:00:22+00:00,D_House,0.825,Will the Democratic Party control the House after the 2026 Midterm elections?,which-party-will-win-the-house-in-2026
2026-02-16T00:00:32+00:00,D_House,0.825,Will the Democratic Party control the House after the 2026 Midterm elections?,which-party-will-win-the-house-in-2026
2026-02-17T00:00:22+00:00,D_House,0.825,Will the Democratic Party control the House after the 2026 Midterm elections?,which-party-will-win-the-house-in-2026
2026-02-18T00:00:23+00:00,D_House,0.825,Will the Democratic Party control the House after the 2026 Midterm elections?,which-party-will-win-the-house-in-2026
2026-02-19T00:00:23+00:00,D_House,0.825,Will the Democratic Party control the House after the 2026 Midterm elections?,which-party-will-win-the-house-in-2026
2026-02-20T00:00:25+00:00,D_House,0.825,Will the Democratic Party control the House after the 2026 Midterm elections?,which-party-will-win-the-house-in-2026
2026-02-21T00:00:20+00:00,D_House,0.845,Will the Democratic Party control the House after the 2026 Midterm elections?,which-party-will-win-the-house-in-2026
2026-02-22T00:00:20+00:00,D_House,0.845,Will the Democratic Party control the House after the 2026 Midterm elections?,which-party-will-win-the-house-in-2026
2026-02-23T00:00:21+00:00,D_House,0.845,Will the Democratic Party control the House after the 2026 Midterm elections?,which-party-will-win-the-house-in-2026
2026-02-24T00:00:21+00:00,D_House,0.845,Will the Democratic Party control the House after the 2026 Midterm elections?,which-party-will-win-the-house-in-2026
2026-02-25T00:00:23+00:00,D_House,0.855,Will the Democratic Party control the House after the 2026 Midterm elections?,which-party-will-win-the-house-in-2026
2026-02-26T00:00:22+00:00,D_House,0.845,Will the Democratic Party control the House after the 2026 Midterm elections?,which-party-will-win-the-house-in-2026
2026-02-27T00:00:25+00:00,D_House,0.845,Will the Democratic Party control the House after the 2026 Midterm elections?,which-party-will-win-the-house-in-2026
2026-02-28T00:00:28+00:00,D_House,0.845,Will the Democratic Party control the House after the 2026 Midterm elections?,which-party-will-win-the-house-in-2026
2026-03-01T00:00:30+00:00,D_House,0.835,Will the Democratic Party control the House after the 2026 Midterm elections?,which-party-will-win-the-house-in-2026
2026-03-02T00:00:40+00:00,D_House,0.825,Will the Democratic Party control the House after the 2026 Midterm elections?,which-party-will-win-the-house-in-2026
2026-03-03T00:00:28+00:00,D_House,0.845,Will the Democratic Party control the House after the 2026 Midterm elections?,which-party-will-win-the-house-in-2026
2026-03-04T00:00:31+00:00,D_House,0.845,Will the Democratic Party control the House after the 2026 Midterm elections?,which-party-will-win-the-house-in-2026
2026-03-05T00:00:28+00:00,D_House,0.845,Will the Democratic Party control the House after the 2026 Midterm elections?,which-party-will-win-the-house-in-2026
2026-03-06T00:00:27+00:00,D_House,0.845,Will the Democratic Party control the House after the 2026 Midterm elections?,which-party-will-win-the-house-in-2026
2026-03-07T00:00:31+00:00,D_House,0.845,Will the Democratic Party control the House after the 2026 Midterm elections?,which-party-will-win-the-house-in-2026
2026-03-08T00:00:26+00:00,D_House,0.845,Will the Democratic Party control the House after the 2026 Midterm elections?,which-party-will-win-the-house-in-2026
2026-03-09T00:00:22+00:00,D_House,0.845,Will the Democratic Party control the House after the 2026 Midterm elections?,which-party-will-win-the-house-in-2026
2026-03-10T00:00:26+00:00,D_House,0.845,Will the Democratic Party control the House after the 2026 Midterm elections?,which-party-will-win-the-house-in-2026
2026-03-11T00:00:30+00:00,D_House,0.845,Will the Democratic Party control the House after the 2026 Midterm elections?,which-party-will-win-the-house-in-2026
2026-03-12T00:00:29+00:00,D_House,0.845,Will the Democratic Party control the House after the 2026 Midterm elections?,which-party-will-win-the-house-in-2026
2026-03-13T00:00:45+00:00,D_House,0.845,Will the Democratic Party control the House after the 2026 Midterm elections?,which-party-will-win-the-house-in-2026
2026-03-14T00:00:50+00:00,D_House,0.845,Will the Democratic Party control the House after the 2026 Midterm elections?,which-party-will-win-the-house-in-2026
2026-03-15T00:00:54+00:00,D_House,0.835,Will the Democratic Party control the House after the 2026 Midterm elections?,which-party-will-win-the-house-in-2026
2026-03-17T00:00:41+00:00,D_House,0.845,Will the Democratic Party control the House after the 2026 Midterm elections?,which-party-will-win-the-house-in-2026
2026-03-18T00:00:43+00:00,D_House,0.845,Will the Democratic Party control the House after the 2026 Midterm elections?,which-party-will-win-the-house-in-2026
2026-03-19T00:00:57+00:00,D_House,0.845,Will the Democratic Party control the House after the 2026 Midterm elections?,which-party-will-win-the-house-in-2026
2026-03-20T00:00:47+00:00,D_House,0.845,Will the Democratic Party control the House after the 2026 Midterm elections?,which-party-will-win-the-house-in-2026
2026-03-21T00:00:46+00:00,D_House,0.845,Will the Democratic Party control the House after the 2026 Midterm elections?,which-party-will-win-the-house-in-2026
2026-03-22T00:00:43+00:00,D_House,0.845,Will the Democratic Party control the House after the 2026 Midterm elections?,which-party-will-win-the-house-in-2026
2026-03-23T00:00:37+00:00,D_House,0.845,Will the Democratic Party control the House after the 2026 Midterm elections?,which-party-will-win-the-house-in-2026
2026-03-24T00:00:33+00:00,D_House,0.845,Will the Democratic Party control the House after the 2026 Midterm elections?,which-party-will-win-the-house-in-2026
2026-03-25T00:00:45+00:00,D_House,0.845,Will the Democratic Party control the House after the 2026 Midterm elections?,which-party-will-win-the-house-in-2026
2026-03-26T00:00:49+00:00,D_House,0.835,Will the Democratic Party control the House after the 2026 Midterm elections?,which-party-will-win-the-house-in-2026
2026-03-27T00:00:41+00:00,D_House,0.835,Will the Democratic Party control the House after the 2026 Midterm elections?,which-party-will-win-the-house-in-2026
2026-03-28T00:00:44+00:00,D_House,0.845,Will the Democratic Party control the House after the 2026 Midterm elections?,which-party-will-win-the-house-in-2026
2026-03-29T00:00:48+00:00,D_House,0.845,Will the Democratic Party control the House after the 2026 Midterm elections?,which-party-will-win-the-house-in-2026
2026-03-31T00:00:57+00:00,D_House,0.845,Will the Democratic Party control the House after the 2026 Midterm elections?,which-party-will-win-the-house-in-2026
2026-04-02T00:00:57+00:00,D_House,0.855,Will the Democratic Party control the House after the 2026 Midterm elections?,which-party-will-win-the-house-in-2026
2026-04-09T00:00:23+00:00,D_House,0.865,Will the Democratic Party control the House after the 2026 Midterm elections?,which-party-will-win-the-house-in-2026
2026-04-19T00:00:57+00:00,D_House,0.845,Will the Democratic Party control the House after the 2026 Midterm elections?,which-party-will-win-the-house-in-2026
2026-04-22T00:00:05+00:00,D_House,0.845,Will the Democratic Party control the House after the 2026 Midterm elections?,which-party-will-win-the-house-in-2026
2026-04-23T00:00:05+00:00,D_House,0.845,Will the Democratic Party control the House after the 2026 Midterm elections?,which-party-will-win-the-house-in-2026
2026-04-24T00:00:18+00:00,D_House,0.845,Will the Democratic Party control the House after the 2026 Midterm elections?,which-party-will-win-the-house-in-2026
2026-04-25T00:00:10+00:00,D_House,0.855,Will the Democratic Party control the House after the 2026 Midterm elections?,which-party-will-win-the-house-in-2026
2026-04-26T00:00:04+00:00,D_House,0.855,Will the Democratic Party control the House after the 2026 Midterm elections?,which-party-will-win-the-house-in-2026
2026-04-27T00:00:04+00:00,D_House,0.855,Will the Democratic Party control the House after the 2026 Midterm elections?,which-party-will-win-the-house-in-2026
2026-04-28T00:00:04+00:00,D_House,0.855,Will the Democratic Party control the House after the 2026 Midterm elections?,which-party-will-win-the-house-in-2026
2026-04-29T00:00:03+00:00,D_House,0.855,Will the Democratic Party control the House after the 2026 Midterm elections?,which-party-will-win-the-house-in-2026
2026-04-30T00:00:05+00:00,D_House,0.845,Will the Democratic Party control the House after the 2026 Midterm elections?,which-party-will-win-the-house-in-2026
2026-05-01T00:00:04+00:00,D_House,0.835,Will the Democratic Party control the House after the 2026 Midterm elections?,which-party-will-win-the-house-in-2026
2026-05-02T00:00:04+00:00,D_House,0.835,Will the Democratic Party control the House after the 2026 Midterm elections?,which-party-will-win-the-house-in-2026
2026-05-03T00:00:06+00:00,D_House,0.845,Will the Democratic Party control the House after the 2026 Midterm elections?,which-party-will-win-the-house-in-2026
2026-05-04T00:00:04+00:00,D_House,0.845,Will the Democratic Party control the House after the 2026 Midterm elections?,which-party-will-win-the-house-in-2026
2026-05-05T00:00:17+00:00,D_House,0.825,Will the Democratic Party control the House after the 2026 Midterm elections?,which-party-will-win-the-house-in-2026
2026-05-06T00:00:06+00:00,D_House,0.825,Will the Democratic Party control the House after the 2026 Midterm elections?,which-party-will-win-the-house-in-2026
2026-05-07T00:00:05+00:00,D_House,0.825,Will the Democratic Party control the House after the 2026 Midterm elections?,which-party-will-win-the-house-in-2026
2026-05-08T00:00:03+00:00,D_House,0.825,Will the Democratic Party control the House after the 2026 Midterm elections?,which-party-will-win-the-house-in-2026
2026-05-09T00:00:22+00:00,D_House,0.775,Will the Democratic Party control the House after the 2026 Midterm elections?,which-party-will-win-the-house-in-2026
2026-05-10T00:00:04+00:00,D_House,0.785,Will the Democratic Party control the House after the 2026 Midterm elections?,which-party-will-win-the-house-in-2026
2026-05-11T00:00:08+00:00,D_House,0.785,Will the Democratic Party control the House after the 2026 Midterm elections?,which-party-will-win-the-house-in-2026
2026-05-12T00:00:04+00:00,D_House,0.785,Will the Democratic Party control the House after the 2026 Midterm elections?,which-party-will-win-the-house-in-2026
2026-05-13T00:00:08+00:00,D_House,0.785,Will the Democratic Party control the House after the 2026 Midterm elections?,which-party-will-win-the-house-in-2026
2026-05-14T00:00:08+00:00,D_House,0.785,Will the Democratic Party control the House after the 2026 Midterm elections?,which-party-will-win-the-house-in-2026
2026-05-15T00:00:06+00:00,D_House,0.785,Will the Democratic Party control the House after the 2026 Midterm elections?,which-party-will-win-the-house-in-2026
2026-05-16T00:00:12+00:00,D_House,0.785,Will the Democratic Party control the House after the 2026 Midterm elections?,which-party-will-win-the-house-in-2026
2026-05-17T00:00:23+00:00,D_House,0.785,Will the Democratic Party control the House after the 2026 Midterm elections?,which-party-will-win-the-house-in-2026
2026-05-18T00:00:07+00:00,D_House,0.775,Will the Democratic Party control the House after the 2026 Midterm elections?,which-party-will-win-the-house-in-2026
2026-05-19T00:00:05+00:00,D_House,0.795,Will the Democratic Party control the House after the 2026 Midterm elections?,which-party-will-win-the-house-in-2026
2026-05-20T00:00:08+00:00,D_House,0.805,Will the Democratic Party control the House after the 2026 Midterm elections?,which-party-will-win-the-house-in-2026
2026-05-21T00:00:05+00:00,D_House,0.805,Will the Democratic Party control the House after the 2026 Midterm elections?,which-party-will-win-the-house-in-2026
2026-05-22T00:00:09+00:00,D_House,0.805,Will the Democratic Party control the House after the 2026 Midterm elections?,which-party-will-win-the-house-in-2026
2026-05-23T00:00:06+00:00,D_House,0.805,Will the Democratic Party control the House after the 2026 Midterm elections?,which-party-will-win-the-house-in-2026
2026-05-24T00:00:04+00:00,D_House,0.805,Will the Democratic Party control the House after the 2026 Midterm elections?,which-party-will-win-the-house-in-2026
2026-05-25T00:00:04+00:00,D_House,0.805,Will the Democratic Party control the House after the 2026 Midterm elections?,which-party-will-win-the-house-in-2026
2026-05-26T00:00:04+00:00,D_House,0.805,Will the Democratic Party control the House after the 2026 Midterm elections?,which-party-will-win-the-house-in-2026
2026-05-27T00:00:05+00:00,D_House,0.805,Will the Democratic Party control the House after the 2026 Midterm elections?,which-party-will-win-the-house-in-2026
2026-05-28T00:00:05+00:00,D_House,0.805,Will the Democratic Party control the House after the 2026 Midterm elections?,which-party-will-win-the-house-in-2026
2026-05-29T00:00:07+00:00,D_House,0.805,Will the Democratic Party control the House after the 2026 Midterm elections?,which-party-will-win-the-house-in-2026
2026-05-30T00:00:18+00:00,D_House,0.805,Will the Democratic Party control the House after the 2026 Midterm elections?,which-party-will-win-the-house-in-2026
2026-05-31T00:00:07+00:00,D_House,0.805,Will the Democratic Party control the House after the 2026 Midterm elections?,which-party-will-win-the-house-in-2026
2026-06-01T00:00:03+00:00,D_House,0.815,Will the Democratic Party control the House after the 2026 Midterm elections?,which-party-will-win-the-house-in-2026
2026-06-02T00:00:05+00:00,D_House,0.815,Will the Democratic Party control the House after the 2026 Midterm elections?,which-party-will-win-the-house-in-2026
2026-06-03T00:00:05+00:00,D_House,0.815,Will the Democratic Party control the House after the 2026 Midterm elections?,which-party-will-win-the-house-in-2026
2026-06-04T00:00:03+00:00,D_House,0.815,Will the Democratic Party control the House after the 2026 Midterm elections?,which-party-will-win-the-house-in-2026
2026-06-05T00:00:18+00:00,D_House,0.815,Will the Democratic Party control the House after the 2026 Midterm elections?,which-party-will-win-the-house-in-2026
2026-06-06T00:00:03+00:00,D_House,0.815,Will the Democratic Party control the House after the 2026 Midterm elections?,which-party-will-win-the-house-in-2026
2026-06-07T00:00:13+00:00,D_House,0.815,Will the Democratic Party control the House after the 2026 Midterm elections?,which-party-will-win-the-house-in-2026
2026-06-08T00:00:03+00:00,D_House,0.815,Will the Democratic Party control the House after the 2026 Midterm elections?,which-party-will-win-the-house-in-2026
2026-06-09T00:00:03+00:00,D_House,0.815,Will the Democratic Party control the House after the 2026 Midterm elections?,which-party-will-win-the-house-in-2026
2026-06-10T00:00:04+00:00,D_House,0.815,Will the Democratic Party control the House after the 2026 Midterm elections?,which-party-will-win-the-house-in-2026
2026-06-11T00:00:05+00:00,D_House,0.815,Will the Democratic Party control the House after the 2026 Midterm elections?,which-party-will-win-the-house-in-2026
2026-06-12T00:00:04+00:00,D_House,0.825,Will the Democratic Party control the House after the 2026 Midterm elections?,which-party-will-win-the-house-in-2026
2026-06-13T00:00:04+00:00,D_House,0.825,Will the Democratic Party control the House after the 2026 Midterm elections?,which-party-will-win-the-house-in-2026
2026-06-14T00:00:07+00:00,D_House,0.825,Will the Democratic Party control the House after the 2026 Midterm elections?,which-party-will-win-the-house-in-2026
2026-06-15T00:00:03+00:00,D_House,0.825,Will the Democratic Party control the House after the 2026 Midterm elections?,which-party-will-win-the-house-in-2026
2026-06-16T00:00:06+00:00,D_House,0.825,Will the Democratic Party control the House after the 2026 Midterm elections?,which-party-will-win-the-house-in-2026
2026-06-17T00:00:05+00:00,D_House,0.82,Will the Democratic Party control the House after the 2026 Midterm elections?,which-party-will-win-the-house-in-2026
2026-06-18T00:00:16+00:00,D_House,0.825,Will the Democratic Party control the House after the 2026 Midterm elections?,which-party-will-win-the-house-in-2026
2026-06-19T00:00:21+00:00,D_House,0.805,Will the Democratic Party control the House after the 2026 Midterm elections?,which-party-will-win-the-house-in-2026
2026-06-20T00:00:04+00:00,D_House,0.815,Will the Democratic Party control the House after the 2026 Midterm elections?,which-party-will-win-the-house-in-2026
2026-06-21T00:00:06+00:00,D_House,0.805,Will the Democratic Party control the House after the 2026 Midterm elections?,which-party-will-win-the-house-in-2026
2026-06-22T00:00:05+00:00,D_House,0.805,Will the Democratic Party control the House after the 2026 Midterm elections?,which-party-will-win-the-house-in-2026
2026-06-23T00:00:04+00:00,D_House,0.805,Will the Democratic Party control the House after the 2026 Midterm elections?,which-party-will-win-the-house-in-2026
2026-06-24T00:00:04+00:00,D_House,0.805,Will the Democratic Party control the House after the 2026 Midterm elections?,which-party-will-win-the-house-in-2026
2026-06-25T00:00:04+00:00,D_House,0.805,Will the Democratic Party control the House after the 2026 Midterm elections?,which-party-will-win-the-house-in-2026
2026-06-26T00:00:03+00:00,D_House,0.815,Will the Democratic Party control the House after the 2026 Midterm elections?,which-party-will-win-the-house-in-2026
2026-06-27T00:00:04+00:00,D_House,0.835,Will the Democratic Party control the House after the 2026 Midterm elections?,which-party-will-win-the-house-in-2026
2026-06-28T00:00:04+00:00,D_House,0.835,Will the Democratic Party control the House after the 2026 Midterm elections?,which-party-will-win-the-house-in-2026
2026-06-29T00:00:03+00:00,D_House,0.825,Will the Democratic Party control the House after the 2026 Midterm elections?,which-party-will-win-the-house-in-2026
2026-06-30T00:00:04+00:00,D_House,0.825,Will the Democratic Party control the House after the 2026 Midterm elections?,which-party-will-win-the-house-in-2026
2026-07-01T00:00:03+00:00,D_House,0.825,Will the Democratic Party control the House after the 2026 Midterm elections?,which-party-will-win-the-house-in-2026
2026-07-02T00:00:04+00:00,D_House,0.835,Will the Democratic Party control the House after the 2026 Midterm elections?,which-party-will-win-the-house-in-2026
2026-07-03T00:00:04+00:00,D_House,0.835,Will the Democratic Party control the House after the 2026 Midterm elections?,which-party-will-win-the-house-in-2026
2026-07-04T00:00:03+00:00,D_House,0.835,Will the Democratic Party control the House after the 2026 Midterm elections?,which-party-will-win-the-house-in-2026
2026-07-05T00:00:03+00:00,D_House,0.845,Will the Democratic Party control the House after the 2026 Midterm elections?,which-party-will-win-the-house-in-2026
2026-07-06T00:00:04+00:00,D_House,0.835,Will the Democratic Party control the House after the 2026 Midterm elections?,which-party-will-win-the-house-in-2026
2026-07-07T00:00:08+00:00,D_House,0.835,Will the Democratic Party control the House after the 2026 Midterm elections?,which-party-will-win-the-house-in-2026
2026-07-08T00:00:04+00:00,D_House,0.835,Will the Democratic Party control the House after the 2026 Midterm elections?,which-party-will-win-the-house-in-2026
2026-07-09T00:00:08+00:00,D_House,0.835,Will the Democratic Party control the House after the 2026 Midterm elections?,which-party-will-win-the-house-in-2026
2026-07-10T00:00:05+00:00,D_House,0.835,Will the Democratic Party control the House after the 2026 Midterm elections?,which-party-will-win-the-house-in-2026
2026-07-11T00:00:06+00:00,D_House,0.835,Will the Democratic Party control the House after the 2026 Midterm elections?,which-party-will-win-the-house-in-2026
2026-07-12T00:00:18+00:00,D_House,0.835,Will the Democratic Party control the House after the 2026 Midterm elections?,which-party-will-win-the-house-in-2026
2026-07-13T00:00:05+00:00,D_House,0.835,Will the Democratic Party control the House after the 2026 Midterm elections?,which-party-will-win-the-house-in-2026
2026-07-14T00:00:05+00:00,D_House,0.835,Will the Democratic Party control the House after the 2026 Midterm elections?,which-party-will-win-the-house-in-2026
2026-07-15T00:00:05+00:00,D_House,0.835,Will the Democratic Party control the House after the 2026 Midterm elections?,which-party-will-win-the-house-in-2026
2026-07-16T00:00:04+00:00,D_House,0.835,Will the Democratic Party control the House after the 2026 Midterm elections?,which-party-will-win-the-house-in-2026
2026-07-17T00:00:06+00:00,D_House,0.845,Will the Democratic Party control the House after the 2026 Midterm elections?,which-party-will-win-the-house-in-2026
2026-07-18T00:00:04+00:00,D_House,0.855,Will the Democratic Party control the House after the 2026 Midterm elections?,which-party-will-win-the-house-in-2026
2026-07-19T00:00:05+00:00,D_House,0.845,Will the Democratic Party control the House after the 2026 Midterm elections?,which-party-will-win-the-house-in-2026
2026-07-20T00:00:18+00:00,D_House,0.845,Will the Democratic Party control the House after the 2026 Midterm elections?,which-party-will-win-the-house-in-2026
2026-07-21T00:00:09+00:00,D_House,0.855,Will the Democratic Party control the House after the 2026 Midterm elections?,which-party-will-win-the-house-in-2026
2026-07-22T00:00:07+00:00,D_House,0.855,Will the Democratic Party control the House after the 2026 Midterm elections?,which-party-will-win-the-house-in-2026
2026-07-23T00:00:12+00:00,D_House,0.865,Will the Democratic Party control the House after the 2026 Midterm elections?,which-party-will-win-the-house-in-2026
2026-07-24T00:00:10+00:00,D_House,0.855,Will the Democratic Party control the House after the 2026 Midterm elections?,which-party-will-win-the-house-in-2026
2026-07-25T00:00:10+00:00,D_House,0.855,Will the Democratic Party control the House after the 2026 Midterm elections?,which-party-will-win-the-house-in-2026
2026-07-26T00:00:11+00:00,D_House,0.855,Will the Democratic Party control the House after the 2026 Midterm elections?,which-party-will-win-the-house-in-2026
2026-07-27T00:00:13+00:00,D_House,0.865,Will the Democratic Party control the House after the 2026 Midterm elections?,which-party-will-win-the-house-in-2026
2026-07-28T00:00:16+00:00,D_House,0.855,Will the Democratic Party control the House after the 2026 Midterm elections?,which-party-will-win-the-house-in-2026
2026-07-29T00:00:36+00:00,D_House,0.855,Will the Democratic Party control the House after the 2026 Midterm elections?,which-party-will-win-the-house-in-2026
2026-07-30T00:00:23+00:00,D_House,0.855,Will the Democratic Party control the House after the 2026 Midterm elections?,which-party-will-win-the-house-in-2026
2026-07-31T00:00:20+00:00,D_House,0.855,Will the Democratic Party control the House after the 2026 Midterm elections?,which-party-will-win-the-house-in-2026
2026-08-01T00:00:12+00:00,D_House,0.855,Will the Democratic Party control the House after the 2026 Midterm elections?,which-party-will-win-the-house-in-2026
2026-08-02T00:00:12+00:00,D_House,0.855,Will the Democratic Party control the House after the 2026 Midterm elections?,which-party-will-win-the-house-in-2026
2026-08-03T00:00:10+00:00,D_House,0.855,Will the Democratic Party control the House after the 2026 Midterm elections?,which-party-will-win-the-house-in-2026
2026-08-04T00:00:11+00:00,D_House,0.855,Will the Democratic Party control the House after the 2026 Midterm elections?,which-party-will-win-the-house-in-2026
2026-08-05T00:00:12+00:00,D_House,0.865,Will the Democratic Party control the House after the 2026 Midterm elections?,which-party-will-win-the-house-in-2026
2026-08-06T00:00:10+00:00,D_House,0.865,Will the Democratic Party control the House after the 2026 Midterm elections?,which-party-will-win-the-house-in-2026
2026-08-07T00:00:11+00:00,D_House,0.875,Will the Democratic Party control the House after the 2026 Midterm elections?,which-party-will-win-the-house-in-2026
2026-08-08T00:00:14+00:00,D_House,0.875,Will the Democratic Party control the House after the 2026 Midterm elections?,which-party-will-win-the-house-in-2026
2026-08-09T00:00:24+00:00,D_House,0.875,Will the Democratic Party control the House after the 2026 Midterm elections?,which-party-will-win-the-house-in-2026
2026-08-10T00:00:16+00:00,D_House,0.885,Will the Democratic Party control the House after the 2026 Midterm elections?,which-party-will-win-the-house-in-2026
2026-08-11T00:00:20+00:00,D_House,0.865,Will the Democratic Party control the House after the 2026 Midterm elections?,which-party-will-win-the-house-in-2026
2026-08-12T00:00:13+00:00,D_House,0.875,Will the Democratic Party control the House after the 2026 Midterm elections?,which-party-will-win-the-house-in-2026
2026-08-13T00:00:17+00:00,D_House,0.875,Will the Democratic Party control the House after the 2026 Midterm elections?,which-party-will-win-the-house-in-2026
2026-08-14T00:00:16+00:00,D_House,0.875,Will the Democratic Party control the House after the 2026 Midterm elections?,which-party-will-win-the-house-in-2026
2026-08-15T00:00:15+00:00,D_House,0.875,Will the Democratic Party control the House after the 2026 Midterm elections?,which-party-will-win-the-house-in-2026
2026-08-16T00:00:16+00:00,D_House,0.875,Will the Democratic Party control the House after the 2026 Midterm elections?,which-party-will-win-the-house-in-2026
2026-08-17T00:00:17+00:00,D_House,0.875,Will the Democratic Party control the House after the 2026 Midterm elections?,which-party-will-win-the-house-in-2026
2026-08-18T00:00:27+00:00,D_House,0.875,Will the Democratic Party control the House after the 2026 Midterm elections?,which-party-will-win-the-house-in-2026
2026-08-19T00:00:17+00:00,D_House,0.875,Will the Democratic Party control the House after the 2026 Midterm elections?,which-party-will-win-the-house-in-2026
2026-08-20T00:00:20+00:00,D_House,0.875,Will the Democratic Party control the House after the 2026 Midterm elections?,which-party-will-win-the-house-in-2026
2026-08-21T00:00:17+00:00,D_House,0.875,Will the Democratic Party control the House after the 2026 Midterm elections?,which-party-will-win-the-house-in-2026
2026-08-22T00:00:16+00:00,D_House,0.875,Will the Democratic Party control the House after the 2026 Midterm elections?,which-party-will-win-the-house-in-2026
2026-08-23T00:00:15+00:00,D_House,0.885,Will the Democratic Party control the House after the 2026 Midterm elections?,which-party-will-win-the-house-in-2026
2026-08-24T00:00:18+00:00,D_House,0.885,Will the Democratic Party control the House after the 2026 Midterm elections?,which-party-will-win-the-house-in-2026
2026-08-25T00:00:16+00:00,D_House,0.885,Will the Democratic Party control the House after the 2026 Midterm elections?,which-party-will-win-the-house-in-2026
2026-08-26T00:00:17+00:00,D_House,0.875,Will the Democratic Party control the House after the 2026 Midterm elections?,which-party-will-win-the-house-in-2026
2026-08-27T00:00:18+00:00,D_House,0.875,Will the Democratic Party control the House after the 2026 Midterm elections?,which-party-will-win-the-house-in-2026
2026-08-28T00:00:17+00:00,D_House,0.885,Will the Democratic Party control the House after the 2026 Midterm elections?,which-party-will-win-the-house-in-2026
2026-08-29T00:00:18+00:00,D_House,0.885,Will the Democratic Party control the House after the 2026 Midterm elections?,which-party-will-win-the-house-in-2026
2026-08-30T00:00:17+00:00,D_House,0.885,Will the Democratic Party control the House after the 2026 Midterm elections?,which-party-will-win-the-house-in-2026
2026-08-31T00:00:18+00:00,D_House,0.895,Will the Democratic Party control the House after the 2026 Midterm elections?,which-party-will-win-the-house-in-2026
2026-09-01T00:00:28+00:00,D_House,0.885,Will the Democratic Party control the House after the 2026 Midterm elections?,which-party-will-win-the-house-in-2026
2026-09-02T00:00:16+00:00,D_House,0.885,Will the Democratic Party control the House after the 2026 Midterm elections?,which-party-will-win-the-house-in-2026
2026-09-03T00:00:20+00:00,D_House,0.885,Will the Democratic Party control the House after the 2026 Midterm elections?,which-party-will-win-the-house-in-2026
2026-09-04T00:00:17+00:00,D_House,0.895,Will the Democratic Party control the House after the 2026 Midterm elections?,which-party-will-win-the-house-in-2026
2026-09-05T00:00:16+00:00,D_House,0.885,Will the Democratic Party control the House after the 2026 Midterm elections?,which-party-will-win-the-house-in-2026
2026-09-06T00:00:22+00:00,D_House,0.875,Will the Democratic Party control the House after the 2026 Midterm elections?,which-party-will-win-the-house-in-2026
2026-09-07T00:00:31+00:00,D_House,0.875,Will the Democratic Party control the House after the 2026 Midterm elections?,which-party-will-win-the-house-in-2026
2026-09-08T00:00:15+00:00,D_House,0.865,Will the Democratic Party control the House after the 2026 Midterm elections?,which-party-will-win-the-house-in-2026
2026-09-09T00:00:22+00:00,D_House,0.865,Will the Democratic Party control the House after the 2026 Midterm elections?,which-party-will-win-the-house-in-2026
2026-09-10T00:00:17+00:00,D_House,0.875,Will the Democratic Party control the House after the 2026 Midterm elections?,which-party-will-win-the-house-in-2026
2026-09-11T00:00:18+00:00,D_House,0.865,Will the Democratic Party control the House after the 2026 Midterm elections?,which-party-will-win-the-house-in-2026
2026-09-12T00:00:18+00:00,D_House,0.875,Will the Democratic Party control the House after the 2026 Midterm elections?,which-party-will-win-the-house-in-2026
2026-09-13T00:00:17+00:00,D_House,0.865,Will the Democratic Party control the House after the 2026 Midterm elections?,which-party-will-win-the-house-in-2026
2026-09-14T00:00:15+00:00,D_House,0.865,Will the Democratic Party control the House after the 2026 Midterm elections?,which-party-will-win-the-house-in-2026
2026-09-15T00:00:14+00:00,D_House,0.875,Will the Democratic Party control the House after the 2026 Midterm elections?,which-party-will-win-the-house-in-2026
2026-09-16T00:00:15+00:00,D_House,0.865,Will the Democratic Party control the House after the 2026 Midterm elections?,which-party-will-win-the-house-in-2026
2026-09-17T00:00:16+00:00,D_House,0.885,Will the Democratic Party control the House after the 2026 Midterm elections?,which-party-will-win-the-house-in-2026
2026-09-18T00:00:19+00:00,D_House,0.895,Will the Democratic Party control the House after the 2026 Midterm elections?,which-party-will-win-the-house-in-2026
2026-09-19T00:00:19+00:00,D_House,0.895,Will the Democratic Party control the House after the 2026 Midterm elections?,which-party-will-win-the-house-in-2026
2026-09-20T00:00:19+00:00,D_House,0.905,Will the Democratic Party control the House after the 2026 Midterm elections?,which-party-will-win-the-house-in-2026
2026-09-21T00:00:16+00:00,D_House,0.925,Will the Democratic Party control the House after the 2026 Midterm elections?,which-party-will-win-the-house-in-2026
2026-09-22T00:00:16+00:00,D_House,0.925,Will the Democratic Party control the House after the 2026 Midterm elections?,which-party-will-win-the-house-in-2026
2026-09-23T00:00:17+00:00,D_House,0.925,Will the Democratic Party control the House after the 2026 Midterm elections?,which-party-will-win-the-house-in-2026
2026-09-24T00:00:28+00:00,D_House,0.925,Will the Democratic Party control the House after the 2026 Midterm elections?,which-party-will-win-the-house-in-2026
2026-09-25T00:00:20+00:00,D_House,0.925,Will the Democratic Party control the House after the 2026 Midterm elections?,which-party-will-win-the-house-in-2026
2026-09-26T00:00:17+00:00,D_House,0.925,Will the Democratic Party control the House after the 2026 Midterm elections?,which-party-will-win-the-house-in-2026
2026-09-27T00:00:16+00:00,D_House,0.925,Will the Democratic Party control the House after the 2026 Midterm elections?,which-party-will-win-the-house-in-2026
2026-09-28T00:00:31+00:00,D_House,0.925,Will the Democratic Party control the House after the 2026 Midterm elections?,which-party-will-win-the-house-in-2026
2026-09-29T00:00:17+00:00,D_House,0.925,Will the Democratic Party control the House after the 2026 Midterm elections?,which-party-will-win-the-house-in-2026
2026-09-30T00:00:19+00:00,D_House,0.925,Will the Democratic Party control the House after the 2026 Midterm elections?,which-party-will-win-the-house-in-2026
2026-10-01T00:00:20+00:00,D_House,0.925,Will the Democratic Party control the House after the 2026 Midterm elections?,which-party-will-win-the-house-in-2026
2026-10-02T00:00:18+00:00,D_House,0.925,Will the Democratic Party control the House after the 2026 Midterm elections?,which-party-will-win-the-house-in-2026
2026-10-03T00:00:21+00:00,D_House,0.925,Will the Democratic Party control the House after the 2026 Midterm elections?,which-party-will-win-the-house-in-2026
2026-10-04T00:00:18+00:00,D_House,0.935,Will the Democratic Party control the House after the 2026 Midterm elections?,which-party-will-win-the-house-in-2026
2026-10-05T00:00:21+00:00,D_House,0.925,Will the Democratic Party control the House after the 2026 Midterm elections?,which-party-will-win-the-house-in-2026
2026-10-06T00:00:20+00:00,D_House,0.925,Will the Democratic Party control the House after the 2026 Midterm elections?,which-party-will-win-the-house-in-2026
2026-10-06T16:02:14+00:00,D_House,0.925,Will the Democratic Party control the House after the 2026 Midterm elections?,which-party-will-win-the-house-in-2026
2025-07-19T00:00:09+00:00,R_House,0.295,Will the Republican Party control the House after the 2026 Midterm elections?,which-party-will-win-the-house-in-2026
2025-07-20T00:00:08+00:00,R_House,0.305,Will the Republican Party control the House after the 2026 Midterm elections?,which-party-will-win-the-house-in-2026
2025-07-21T00:00:07+00:00,R_House,0.305,Will the Republican Party control the House after the 2026 Midterm elections?,which-party-will-win-the-house-in-2026
2025-07-22T00:00:09+00:00,R_House,0.305,Will the Republican Party control the House after the 2026 Midterm elections?,which-party-will-win-the-house-in-2026
2025-07-23T00:00:09+00:00,R_House,0.305,Will the Republican Party control the House after the 2026 Midterm elections?,which-party-will-win-the-house-in-2026
2025-07-24T00:00:09+00:00,R_House,0.305,Will the Republican Party control the House after the 2026 Midterm elections?,which-party-will-win-the-house-in-2026
2025-07-25T00:00:09+00:00,R_House,0.305,Will the Republican Party control the House after the 2026 Midterm elections?,which-party-will-win-the-house-in-2026
2025-07-26T00:00:09+00:00,R_House,0.305,Will the Republican Party control the House after the 2026 Midterm elections?,which-party-will-win-the-house-in-2026
2025-07-27T00:00:10+00:00,R_House,0.295,Will the Republican Party control the House after the 2026 Midterm elections?,which-party-will-win-the-house-in-2026
2025-07-28T00:00:09+00:00,R_House,0.295,Will the Republican Party control the House after the 2026 Midterm elections?,which-party-will-win-the-house-in-2026
2025-07-29T00:00:10+00:00,R_House,0.295,Will the Republican Party control the House after the 2026 Midterm elections?,which-party-will-win-the-house-in-2026
2025-07-30T00:00:10+00:00,R_House,0.295,Will the Republican Party control the House after the 2026 Midterm elections?,which-party-will-win-the-house-in-2026
2025-07-31T00:00:08+00:00,R_House,0.295,Will the Republican Party control the House after the 2026 Midterm elections?,which-party-will-win-the-house-in-2026
2025-08-01T00:00:09+00:00,R_House,0.295,Will the Republican Party control the House after the 2026 Midterm elections?,which-party-will-win-the-house-in-2026
2025-08-02T00:00:09+00:00,R_House,0.295,Will the Republican Party control the House after the 2026 Midterm elections?,which-party-will-win-the-house-in-2026
2025-08-03T00:00:08+00:00,R_House,0.295,Will the Republican Party control the House after the 2026 Midterm elections?,which-party-will-win-the-house-in-2026
2025-08-04T00:00:07+00:00,R_House,0.295,Will the Republican Party control the House after the 2026 Midterm elections?,which-party-will-win-the-house-in-2026
2025-08-05T00:00:08+00:00,R_House,0.295,Will the Republican Party control the House after the 2026 Midterm elections?,which-party-will-win-the-house-in-2026
2025-08-06T00:00:09+00:00,R_House,0.295,Will the Republican Party control the House after the 2026 Midterm elections?,which-party-will-win-the-house-in-2026
2025-08-07T00:00:04+00:00,R_House,0.295,Will the Republican Party control the House after the 2026 Midterm elections?,which-party-will-win-the-house-in-2026
2025-08-08T00:00:05+00:00,R_House,0.295,Will the Republican Party control the House after the 2026 Midterm elections?,which-party-will-win-the-house-in-2026
2025-08-09T00:00:11+00:00,R_House,0.295,Will the Republican Party control the House after the 2026 Midterm elections?,which-party-will-win-the-house-in-2026
2025-08-10T00:00:03+00:00,R_House,0.295,Will the Republican Party control the House after the 2026 Midterm elections?,which-party-will-win-the-house-in-2026
2025-08-11T00:00:06+00:00,R_House,0.295,Will the Republican Party control the House after the 2026 Midterm elections?,which-party-will-win-the-house-in-2026
2025-08-12T00:00:05+00:00,R_House,0.295,Will the Republican Party control the House after the 2026 Midterm elections?,which-party-will-win-the-house-in-2026
2025-08-13T00:00:07+00:00,R_House,0.295,Will the Republican Party control the House after the 2026 Midterm elections?,which-party-will-win-the-house-in-2026
2025-08-14T00:00:07+00:00,R_House,0.295,Will the Republican Party control the House after the 2026 Midterm elections?,which-party-will-win-the-house-in-2026
2025-08-15T00:00:07+00:00,R_House,0.295,Will the Republican Party control the House after the 2026 Midterm elections?,which-party-will-win-the-house-in-2026
2025-08-16T00:00:08+00:00,R_House,0.295,Will the Republican Party control the House after the 2026 Midterm elections?,which-party-will-win-the-house-in-2026
2025-08-17T00:00:05+00:00,R_House,0.295,Will the Republican Party control the House after the 2026 Midterm elections?,which-party-will-win-the-house-in-2026
2025-08-18T00:00:05+00:00,R_House,0.295,Will the Republican Party control the House after the 2026 Midterm elections?,which-party-will-win-the-house-in-2026
2025-08-19T00:00:02+00:00,R_House,0.295,Will the Republican Party control the House after the 2026 Midterm elections?,which-party-will-win-the-house-in-2026
2025-08-20T00:00:06+00:00,R_House,0.295,Will the Republican Party control the House after the 2026 Midterm elections?,which-party-will-win-the-house-in-2026
2025-08-21T00:00:08+00:00,R_House,0.3,Will the Republican Party control the House after the 2026 Midterm elections?,which-party-will-win-the-house-in-2026
2025-08-22T00:00:08+00:00,R_House,0.295,Will the Republican Party control the House after the 2026 Midterm elections?,which-party-will-win-the-house-in-2026
2025-08-23T00:00:14+00:00,R_House,0.3,Will the Republican Party control the House after the 2026 Midterm elections?,which-party-will-win-the-house-in-2026
2025-08-24T00:00:09+00:00,R_House,0.3,Will the Republican Party control the House after the 2026 Midterm elections?,which-party-will-win-the-house-in-2026
2025-08-25T00:00:12+00:00,R_House,0.3,Will the Republican Party control the House after the 2026 Midterm elections?,which-party-will-win-the-house-in-2026
2025-08-26T00:00:04+00:00,R_House,0.305,Will the Republican Party control the House after the 2026 Midterm elections?,which-party-will-win-the-house-in-2026
2025-08-27T00:00:06+00:00,R_House,0.305,Will the Republican Party control the House after the 2026 Midterm elections?,which-party-will-win-the-house-in-2026
2025-08-28T00:00:09+00:00,R_House,0.305,Will the Republican Party control the House after the 2026 Midterm elections?,which-party-will-win-the-house-in-2026
2025-08-29T00:00:14+00:00,R_House,0.3,Will the Republican Party control the House after the 2026 Midterm elections?,which-party-will-win-the-house-in-2026
2025-08-30T00:00:11+00:00,R_House,0.305,Will the Republican Party control the House after the 2026 Midterm elections?,which-party-will-win-the-house-in-2026
2025-08-31T00:00:12+00:00,R_House,0.305,Will the Republican Party control the House after the 2026 Midterm elections?,which-party-will-win-the-house-in-2026
2025-09-01T00:00:10+00:00,R_House,0.305,Will the Republican Party control the House after the 2026 Midterm elections?,which-party-will-win-the-house-in-2026
2025-09-02T00:00:18+00:00,R_House,0.305,Will the Republican Party control the House after the 2026 Midterm elections?,which-party-will-win-the-house-in-2026
2025-09-03T00:00:06+00:00,R_House,0.305,Will the Republican Party control the House after the 2026 Midterm elections?,which-party-will-win-the-house-in-2026
2025-09-04T00:00:13+00:00,R_House,0.305,Will the Republican Party control the House after the 2026 Midterm elections?,which-party-will-win-the-house-in-2026
2025-09-05T00:00:03+00:00,R_House,0.305,Will the Republican Party control the House after the 2026 Midterm elections?,which-party-will-win-the-house-in-2026
2025-09-06T00:00:06+00:00,R_House,0.305,Will the Republican Party control the House after the 2026 Midterm elections?,which-party-will-win-the-house-in-2026
2025-09-07T00:00:07+00:00,R_House,0.31,Will the Republican Party control the House after the 2026 Midterm elections?,which-party-will-win-the-house-in-2026
2025-09-08T00:00:15+00:00,R_House,0.315,Will the Republican Party control the House after the 2026 Midterm elections?,which-party-will-win-the-house-in-2026
2025-09-09T00:00:09+00:00,R_House,0.315,Will the Republican Party control the House after the 2026 Midterm elections?,which-party-will-win-the-house-in-2026
2025-09-10T00:00:13+00:00,R_House,0.32,Will the Republican Party control the House after the 2026 Midterm elections?,which-party-will-win-the-house-in-2026
2025-09-11T00:00:05+00:00,R_House,0.315,Will the Republican Party control the House after the 2026 Midterm elections?,which-party-will-win-the-house-in-2026
2025-09-12T00:00:27+00:00,R_House,0.315,Will the Republican Party control the House after the 2026 Midterm elections?,which-party-will-win-the-house-in-2026
2025-09-13T00:00:06+00:00,R_House,0.315,Will the Republican Party control the House after the 2026 Midterm elections?,which-party-will-win-the-house-in-2026
2025-09-14T00:00:05+00:00,R_House,0.315,Will the Republican Party control the House after the 2026 Midterm elections?,which-party-will-win-the-house-in-2026
2025-09-15T00:00:13+00:00,R_House,0.315,Will the Republican Party control the House after the 2026 Midterm elections?,which-party-will-win-the-house-in-2026
2025-09-16T00:00:21+00:00,R_House,0.315,Will the Republican Party control the House after the 2026 Midterm elections?,which-party-will-win-the-house-in-2026
2025-09-17T00:00:16+00:00,R_House,0.305,Will the Republican Party control the House after the 2026 Midterm elections?,which-party-will-win-the-house-in-2026
2025-09-18T00:00:04+00:00,R_House,0.31,Will the Republican Party control the House after the 2026 Midterm elections?,which-party-will-win-the-house-in-2026
2025-09-19T00:00:07+00:00,R_House,0.305,Will the Republican Party control the House after the 2026 Midterm elections?,which-party-will-win-the-house-in-2026
2025-09-20T00:00:04+00:00,R_House,0.305,Will the Republican Party control the House after the 2026 Midterm elections?,which-party-will-win-the-house-in-2026
2025-09-21T00:00:07+00:00,R_House,0.305,Will the Republican Party control the House after the 2026 Midterm elections?,which-party-will-win-the-house-in-2026
2025-09-22T00:00:16+00:00,R_House,0.305,Will the Republican Party control the House after the 2026 Midterm elections?,which-party-will-win-the-house-in-2026
2025-09-23T00:00:09+00:00,R_House,0.305,Will the Republican Party control the House after the 2026 Midterm elections?,which-party-will-win-the-house-in-2026
2025-09-24T00:00:07+00:00,R_House,0.305,Will the Republican Party control the House after the 2026 Midterm elections?,which-party-will-win-the-house-in-2026
2025-09-25T00:00:08+00:00,R_House,0.305,Will the Republican Party control the House after the 2026 Midterm elections?,which-party-will-win-the-house-in-2026
2025-09-26T00:00:13+00:00,R_House,0.305,Will the Republican Party control the House after the 2026 Midterm elections?,which-party-will-win-the-house-in-2026
2025-09-27T00:00:05+00:00,R_House,0.305,Will the Republican Party control the House after the 2026 Midterm elections?,which-party-will-win-the-house-in-2026
2025-09-28T00:00:03+00:00,R_House,0.31,Will the Republican Party control the House after the 2026 Midterm elections?,which-party-will-win-the-house-in-2026
2025-09-29T00:00:06+00:00,R_House,0.31,Will the Republican Party control the House after the 2026 Midterm elections?,which-party-will-win-the-house-in-2026
2025-09-30T00:00:12+00:00,R_House,0.31,Will the Republican Party control the House after the 2026 Midterm elections?,which-party-will-win-the-house-in-2026
2025-10-01T00:00:07+00:00,R_House,0.325,Will the Republican Party control the House after the 2026 Midterm elections?,which-party-will-win-the-house-in-2026
2025-10-02T00:00:09+00:00,R_House,0.34,Will the Republican Party control the House after the 2026 Midterm elections?,which-party-will-win-the-house-in-2026
2025-10-03T00:00:04+00:00,R_House,0.345,Will the Republican Party control the House after the 2026 Midterm elections?,which-party-will-win-the-house-in-2026
2025-10-04T00:00:04+00:00,R_House,0.345,Will the Republican Party control the House after the 2026 Midterm elections?,which-party-will-win-the-house-in-2026
2025-10-05T00:00:08+00:00,R_House,0.35,Will the Republican Party control the House after the 2026 Midterm elections?,which-party-will-win-the-house-in-2026
2025-10-06T00:00:05+00:00,R_House,0.36,Will the Republican Party control the House after the 2026 Midterm elections?,which-party-will-win-the-house-in-2026
2025-10-07T00:00:11+00:00,R_House,0.36,Will the Republican Party control the House after the 2026 Midterm elections?,which-party-will-win-the-house-in-2026
2025-10-08T00:00:11+00:00,R_House,0.36,Will the Republican Party control the House after the 2026 Midterm elections?,which-party-will-win-the-house-in-2026
2025-10-09T00:00:13+00:00,R_House,0.36,Will the Republican Party control the House after the 2026 Midterm elections?,which-party-will-win-the-house-in-2026
2025-10-10T00:00:04+00:00,R_House,0.36,Will the Republican Party control the House after the 2026 Midterm elections?,which-party-will-win-the-house-in-2026
2025-10-11T00:00:03+00:00,R_House,0.365,Will the Republican Party control the House after the 2026 Midterm elections?,which-party-will-win-the-house-in-2026
2025-10-12T00:00:14+00:00,R_House,0.365,Will the Republican Party control the House after the 2026 Midterm elections?,which-party-will-win-the-house-in-2026
2025-10-13T00:00:02+00:00,R_House,0.37,Will the Republican Party control the House after the 2026 Midterm elections?,which-party-will-win-the-house-in-2026
2025-10-14T00:00:10+00:00,R_House,0.385,Will the Republican Party control the House after the 2026 Midterm elections?,which-party-will-win-the-house-in-2026
2025-10-15T00:00:04+00:00,R_House,0.385,Will the Republican Party control the House after the 2026 Midterm elections?,which-party-will-win-the-house-in-2026
2025-10-16T00:00:03+00:00,R_House,0.395,Will the Republican Party control the House after the 2026 Midterm elections?,which-party-will-win-the-house-in-2026
2025-10-17T00:00:05+00:00,R_House,0.405,Will the Republican Party control the House after the 2026 Midterm elections?,which-party-will-win-the-house-in-2026
2025-10-18T00:00:16+00:00,R_House,0.405,Will the Republican Party control the House after the 2026 Midterm elections?,which-party-will-win-the-house-in-2026
2025-10-19T00:00:19+00:00,R_House,0.415,Will the Republican Party control the House after the 2026 Midterm elections?,which-party-will-win-the-house-in-2026
2025-10-20T00:00:09+00:00,R_House,0.415,Will the Republican Party control the House after the 2026 Midterm elections?,which-party-will-win-the-house-in-2026
2025-10-21T00:00:18+00:00,R_House,0.42,Will the Republican Party control the House after the 2026 Midterm elections?,which-party-will-win-the-house-in-2026
2025-10-22T00:00:17+00:00,R_House,0.41,Will the Republican Party control the House after the 2026 Midterm elections?,which-party-will-win-the-house-in-2026
2025-10-23T00:00:09+00:00,R_House,0.395,Will the Republican Party control the House after the 2026 Midterm elections?,which-party-will-win-the-house-in-2026
2025-10-24T00:00:14+00:00,R_House,0.395,Will the Republican Party control the House after the 2026 Midterm elections?,which-party-will-win-the-house-in-2026
2025-10-25T00:00:14+00:00,R_House,0.395,Will the Republican Party control the House after the 2026 Midterm elections?,which-party-will-win-the-house-in-2026
2025-10-26T00:00:15+00:00,R_House,0.395,Will the Republican Party control the House after the 2026 Midterm elections?,which-party-will-win-the-house-in-2026
2025-10-27T00:00:14+00:00,R_House,0.41,Will the Republican Party control the House after the 2026 Midterm elections?,which-party-will-win-the-house-in-2026
2025-10-28T00:00:17+00:00,R_House,0.41,Will the Republican Party control the House after the 2026 Midterm elections?,which-party-will-win-the-house-in-2026
2025-10-29T00:00:16+00:00,R_House,0.39,Will the Republican Party control the House after the 2026 Midterm elections?,which-party-will-win-the-house-in-2026
2025-10-30T00:00:16+00:00,R_House,0.4,Will the Republican Party control the House after the 2026 Midterm elections?,which-party-will-win-the-house-in-2026
2025-10-31T00:00:11+00:00,R_House,0.405,Will the Republican Party control the House after the 2026 Midterm elections?,which-party-will-win-the-house-in-2026
2025-11-01T00:00:15+00:00,R_House,0.38,Will the Republican Party control the House after the 2026 Midterm elections?,which-party-will-win-the-house-in-2026
2025-11-02T00:00:13+00:00,R_House,0.41,Will the Republican Party control the House after the 2026 Midterm elections?,which-party-will-win-the-house-in-2026
2025-11-03T00:00:14+00:00,R_House,0.395,Will the Republican Party control the House after the 2026 Midterm elections?,which-party-will-win-the-house-in-2026
2025-11-04T00:00:15+00:00,R_House,0.385,Will the Republican Party control the House after the 2026 Midterm elections?,which-party-will-win-the-house-in-2026
2025-11-05T00:00:15+00:00,R_House,0.33,Will the Republican Party control the House after the 2026 Midterm elections?,which-party-will-win-the-house-in-2026
2025-11-06T00:00:10+00:00,R_House,0.325,Will the Republican Party control the House after the 2026 Midterm elections?,which-party-will-win-the-house-in-2026
2025-11-07T00:00:15+00:00,R_House,0.315,Will the Republican Party control the House after the 2026 Midterm elections?,which-party-will-win-the-house-in-2026
2025-11-08T00:00:11+00:00,R_House,0.305,Will the Republican Party control the House after the 2026 Midterm elections?,which-party-will-win-the-house-in-2026
2025-11-09T00:00:28+00:00,R_House,0.305,Will the Republican Party control the House after the 2026 Midterm elections?,which-party-will-win-the-house-in-2026
2025-11-10T00:00:11+00:00,R_House,0.305,Will the Republican Party control the House after the 2026 Midterm elections?,which-party-will-win-the-house-in-2026
2025-11-11T00:00:17+00:00,R_House,0.305,Will the Republican Party control the House after the 2026 Midterm elections?,which-party-will-win-the-house-in-2026
2025-11-12T00:00:15+00:00,R_House,0.305,Will the Republican Party control the House after the 2026 Midterm elections?,which-party-will-win-the-house-in-2026
2025-11-13T00:00:15+00:00,R_House,0.3,Will the Republican Party control the House after the 2026 Midterm elections?,which-party-will-win-the-house-in-2026
2025-11-14T00:00:15+00:00,R_House,0.305,Will the Republican Party control the House after the 2026 Midterm elections?,which-party-will-win-the-house-in-2026
2025-11-15T00:00:17+00:00,R_House,0.3,Will the Republican Party control the House after the 2026 Midterm elections?,which-party-will-win-the-house-in-2026
2025-11-16T00:00:12+00:00,R_House,0.3,Will the Republican Party control the House after the 2026 Midterm elections?,which-party-will-win-the-house-in-2026
2025-11-17T00:00:15+00:00,R_House,0.295,Will the Republican Party control the House after the 2026 Midterm elections?,which-party-will-win-the-house-in-2026
2025-11-18T00:00:12+00:00,R_House,0.295,Will the Republican Party control the House after the 2026 Midterm elections?,which-party-will-win-the-house-in-2026
2025-11-19T00:00:18+00:00,R_House,0.295,Will the Republican Party control the House after the 2026 Midterm elections?,which-party-will-win-the-house-in-2026
2025-11-20T00:00:12+00:00,R_House,0.295,Will the Republican Party control the House after the 2026 Midterm elections?,which-party-will-win-the-house-in-2026
2025-11-21T00:00:19+00:00,R_House,0.285,Will the Republican Party control the House after the 2026 Midterm elections?,which-party-will-win-the-house-in-2026
2025-11-22T00:00:13+00:00,R_House,0.285,Will the Republican Party control the House after the 2026 Midterm elections?,which-party-will-win-the-house-in-2026
2025-11-23T00:00:14+00:00,R_House,0.285,Will the Republican Party control the House after the 2026 Midterm elections?,which-party-will-win-the-house-in-2026
2025-11-24T00:00:13+00:00,R_House,0.285,Will the Republican Party control the House after the 2026 Midterm elections?,which-party-will-win-the-house-in-2026
2025-11-25T00:00:16+00:00,R_House,0.275,Will the Republican Party control the House after the 2026 Midterm elections?,which-party-will-win-the-house-in-2026
2025-11-26T00:00:14+00:00,R_House,0.275,Will the Republican Party control the House after the 2026 Midterm elections?,which-party-will-win-the-house-in-2026
2025-11-27T00:00:17+00:00,R_House,0.255,Will the Republican Party control the House after the 2026 Midterm elections?,which-party-will-win-the-house-in-2026
2025-11-28T00:00:16+00:00,R_House,0.245,Will the Republican Party control the House after the 2026 Midterm elections?,which-party-will-win-the-house-in-2026
2025-11-29T00:00:21+00:00,R_House,0.245,Will the Republican Party control the House after the 2026 Midterm elections?,which-party-will-win-the-house-in-2026
2025-11-30T00:00:16+00:00,R_House,0.245,Will the Republican Party control the House after the 2026 Midterm elections?,which-party-will-win-the-house-in-2026
2025-12-01T00:00:18+00:00,R_House,0.235,Will the Republican Party control the House after the 2026 Midterm elections?,which-party-will-win-the-house-in-2026
2025-12-02T00:00:13+00:00,R_House,0.24,Will the Republican Party control the House after the 2026 Midterm elections?,which-party-will-win-the-house-in-2026
2025-12-03T00:00:19+00:00,R_House,0.225,Will the Republican Party control the House after the 2026 Midterm elections?,which-party-will-win-the-house-in-2026
2025-12-04T00:00:13+00:00,R_House,0.205,Will the Republican Party control the House after the 2026 Midterm elections?,which-party-will-win-the-house-in-2026
2025-12-05T00:00:15+00:00,R_House,0.225,Will the Republican Party control the House after the 2026 Midterm elections?,which-party-will-win-the-house-in-2026
2025-12-06T00:00:15+00:00,R_House,0.23,Will the Republican Party control the House after the 2026 Midterm elections?,which-party-will-win-the-house-in-2026
2025-12-07T00:00:28+00:00,R_House,0.255,Will the Republican Party control the House after the 2026 Midterm elections?,which-party-will-win-the-house-in-2026
2025-12-08T00:00:27+00:00,R_House,0.245,Will the Republican Party control the House after the 2026 Midterm elections?,which-party-will-win-the-house-in-2026
2025-12-09T00:00:25+00:00,R_House,0.24,Will the Republican Party control the House after the 2026 Midterm elections?,which-party-will-win-the-house-in-2026
2025-12-10T00:00:13+00:00,R_House,0.245,Will the Republican Party control the House after the 2026 Midterm elections?,which-party-will-win-the-house-in-2026
2025-12-11T00:00:14+00:00,R_House,0.25,Will the Republican Party control the House after the 2026 Midterm elections?,which-party-will-win-the-house-in-2026
2025-12-12T00:00:14+00:00,R_House,0.255,Will the Republican Party control the House after the 2026 Midterm elections?,which-party-will-win-the-house-in-2026
2025-12-13T00:00:16+00:00,R_House,0.24,Will the Republican Party control the House after the 2026 Midterm elections?,which-party-will-win-the-house-in-2026
2025-12-14T00:00:16+00:00,R_House,0.245,Will the Republican Party control the House after the 2026 Midterm elections?,which-party-will-win-the-house-in-2026
2025-12-15T00:00:17+00:00,R_House,0.245,Will the Republican Party control the House after the 2026 Midterm elections?,which-party-will-win-the-house-in-2026
2025-12-16T00:00:15+00:00,R_House,0.235,Will the Republican Party control the House after the 2026 Midterm elections?,which-party-will-win-the-house-in-2026
2025-12-17T00:00:12+00:00,R_House,0.235,Will the Republican Party control the House after the 2026 Midterm elections?,which-party-will-win-the-house-in-2026
2025-12-17T00:00:34+00:00,R_House,0.235,Will the Republican Party control the House after the 2026 Midterm elections?,which-party-will-win-the-house-in-2026
2025-12-18T00:00:23+00:00,R_House,0.225,Will the Republican Party control the House after the 2026 Midterm elections?,which-party-will-win-the-house-in-2026
2025-12-19T00:00:14+00:00,R_House,0.225,Will the Republican Party control the House after the 2026 Midterm elections?,which-party-will-win-the-house-in-2026
2025-12-20T00:00:14+00:00,R_House,0.225,Will the Republican Party control the House after the 2026 Midterm elections?,which-party-will-win-the-house-in-2026
2025-12-21T00:00:14+00:00,R_House,0.22,Will the Republican Party control the House after the 2026 Midterm elections?,which-party-will-win-the-house-in-2026
2025-12-22T00:00:14+00:00,R_House,0.225,Will the Republican Party control the House after the 2026 Midterm elections?,which-party-will-win-the-house-in-2026
2025-12-23T00:00:16+00:00,R_House,0.21,Will the Republican Party control the House after the 2026 Midterm elections?,which-party-will-win-the-house-in-2026
2025-12-24T00:00:16+00:00,R_House,0.215,Will the Republican Party control the House after the 2026 Midterm elections?,which-party-will-win-the-house-in-2026
2025-12-25T00:00:25+00:00,R_House,0.215,Will the Republican Party control the House after the 2026 Midterm elections?,which-party-will-win-the-house-in-2026
2025-12-26T00:00:12+00:00,R_House,0.215,Will the Republican Party control the House after the 2026 Midterm elections?,which-party-will-win-the-house-in-2026
2025-12-27T00:00:15+00:00,R_House,0.21,Will the Republican Party control the House after the 2026 Midterm elections?,which-party-will-win-the-house-in-2026
2025-12-28T00:00:16+00:00,R_House,0.21,Will the Republican Party control the House after the 2026 Midterm elections?,which-party-will-win-the-house-in-2026
2025-12-29T00:00:32+00:00,R_House,0.205,Will the Republican Party control the House after the 2026 Midterm elections?,which-party-will-win-the-house-in-2026
2025-12-30T00:00:19+00:00,R_House,0.205,Will the Republican Party control the House after the 2026 Midterm elections?,which-party-will-win-the-house-in-2026
2025-12-31T00:00:16+00:00,R_House,0.205,Will the Republican Party control the House after the 2026 Midterm elections?,which-party-will-win-the-house-in-2026
2026-01-01T00:00:16+00:00,R_House,0.205,Will the Republican Party control the House after the 2026 Midterm elections?,which-party-will-win-the-house-in-2026
2026-01-02T00:00:15+00:00,R_House,0.195,Will the Republican Party control the House after the 2026 Midterm elections?,which-party-will-win-the-house-in-2026
2026-01-03T00:00:14+00:00,R_House,0.21,Will the Republican Party control the House after the 2026 Midterm elections?,which-party-will-win-the-house-in-2026
2026-01-04T00:00:16+00:00,R_House,0.225,Will the Republican Party control the House after the 2026 Midterm elections?,which-party-will-win-the-house-in-2026
2026-01-05T00:00:18+00:00,R_House,0.22,Will the Republican Party control the House after the 2026 Midterm elections?,which-party-will-win-the-house-in-2026
2026-01-06T00:00:20+00:00,R_House,0.215,Will the Republican Party control the House after the 2026 Midterm elections?,which-party-will-win-the-house-in-2026
2026-01-07T00:00:17+00:00,R_House,0.215,Will the Republican Party control the House after the 2026 Midterm elections?,which-party-will-win-the-house-in-2026
2026-01-08T00:00:33+00:00,R_House,0.215,Will the Republican Party control the House after the 2026 Midterm elections?,which-party-will-win-the-house-in-2026
2026-01-09T00:00:17+00:00,R_House,0.215,Will the Republican Party control the House after the 2026 Midterm elections?,which-party-will-win-the-house-in-2026
2026-01-10T00:00:18+00:00,R_House,0.215,Will the Republican Party control the House after the 2026 Midterm elections?,which-party-will-win-the-house-in-2026
2026-01-11T00:00:16+00:00,R_House,0.215,Will the Republican Party control the House after the 2026 Midterm elections?,which-party-will-win-the-house-in-2026
2026-01-12T00:00:18+00:00,R_House,0.215,Will the Republican Party control the House after the 2026 Midterm elections?,which-party-will-win-the-house-in-2026
2026-01-13T00:00:19+00:00,R_House,0.215,Will the Republican Party control the House after the 2026 Midterm elections?,which-party-will-win-the-house-in-2026
2026-01-14T00:00:19+00:00,R_House,0.215,Will the Republican Party control the House after the 2026 Midterm elections?,which-party-will-win-the-house-in-2026
2026-01-15T00:00:21+00:00,R_House,0.225,Will the Republican Party control the House after the 2026 Midterm elections?,which-party-will-win-the-house-in-2026
2026-01-16T00:00:23+00:00,R_House,0.225,Will the Republican Party control the House after the 2026 Midterm elections?,which-party-will-win-the-house-in-2026
2026-01-17T00:00:20+00:00,R_House,0.225,Will the Republican Party control the House after the 2026 Midterm elections?,which-party-will-win-the-house-in-2026
2026-01-18T00:00:30+00:00,R_House,0.225,Will the Republican Party control the House after the 2026 Midterm elections?,which-party-will-win-the-house-in-2026
2026-01-19T00:00:17+00:00,R_House,0.225,Will the Republican Party control the House after the 2026 Midterm elections?,which-party-will-win-the-house-in-2026
2026-01-20T00:00:19+00:00,R_House,0.225,Will the Republican Party control the House after the 2026 Midterm elections?,which-party-will-win-the-house-in-2026
2026-01-21T00:00:20+00:00,R_House,0.225,Will the Republican Party control the House after the 2026 Midterm elections?,which-party-will-win-the-house-in-2026
2026-01-22T00:00:28+00:00,R_House,0.225,Will the Republican Party control the House after the 2026 Midterm elections?,which-party-will-win-the-house-in-2026
2026-01-23T00:00:36+00:00,R_House,0.215,Will the Republican Party control the House after the 2026 Midterm elections?,which-party-will-win-the-house-in-2026
2026-01-24T00:00:30+00:00,R_House,0.215,Will the Republican Party control the House after the 2026 Midterm elections?,which-party-will-win-the-house-in-2026
2026-01-25T00:00:39+00:00,R_House,0.215,Will the Republican Party control the House after the 2026 Midterm elections?,which-party-will-win-the-house-in-2026
2026-01-26T00:00:38+00:00,R_House,0.215,Will the Republican Party control the House after the 2026 Midterm elections?,which-party-will-win-the-house-in-2026
2026-01-27T00:00:33+00:00,R_House,0.215,Will the Republican Party control the House after the 2026 Midterm elections?,which-party-will-win-the-house-in-2026
2026-01-28T00:00:23+00:00,R_House,0.215,Will the Republican Party control the House after the 2026 Midterm elections?,which-party-will-win-the-house-in-2026
2026-01-29T00:00:37+00:00,R_House,0.205,Will the Republican Party control the House after the 2026 Midterm elections?,which-party-will-win-the-house-in-2026
2026-01-30T00:00:26+00:00,R_House,0.195,Will the Republican Party control the House after the 2026 Midterm elections?,which-party-will-win-the-house-in-2026
2026-01-31T00:00:26+00:00,R_House,0.195,Will the Republican Party control the House after the 2026 Midterm elections?,which-party-will-win-the-house-in-2026
2026-02-01T00:00:31+00:00,R_House,0.195,Will the Republican Party control the House after the 2026 Midterm elections?,which-party-will-win-the-house-in-2026
2026-02-02T00:00:25+00:00,R_House,0.185,Will the Republican Party control the House after the 2026 Midterm elections?,which-party-will-win-the-house-in-2026
2026-02-03T00:00:28+00:00,R_House,0.175,Will the Republican Party control the House after the 2026 Midterm elections?,which-party-will-win-the-house-in-2026
2026-02-04T00:00:38+00:00,R_House,0.175,Will the Republican Party control the House after the 2026 Midterm elections?,which-party-will-win-the-house-in-2026
2026-02-05T00:00:24+00:00,R_House,0.175,Will the Republican Party control the House after the 2026 Midterm elections?,which-party-will-win-the-house-in-2026
2026-02-06T00:00:30+00:00,R_House,0.175,Will the Republican Party control the House after the 2026 Midterm elections?,which-party-will-win-the-house-in-2026
2026-02-07T00:00:36+00:00,R_House,0.185,Will the Republican Party control the House after the 2026 Midterm elections?,which-party-will-win-the-house-in-2026
2026-02-08T00:00:32+00:00,R_House,0.175,Will the Republican Party control the House after the 2026 Midterm elections?,which-party-will-win-the-house-in-2026
2026-02-09T00:00:31+00:00,R_House,0.185,Will the Republican Party control the House after the 2026 Midterm elections?,which-party-will-win-the-house-in-2026
2026-02-10T00:00:35+00:00,R_House,0.185,Will the Republican Party control the House after the 2026 Midterm elections?,which-party-will-win-the-house-in-2026
2026-02-11T00:00:35+00:00,R_House,0.185,Will the Republican Party control the House after the 2026 Midterm elections?,which-party-will-win-the-house-in-2026
2026-02-12T00:00:44+00:00,R_House,0.175,Will the Republican Party control the House after the 2026 Midterm elections?,which-party-will-win-the-house-in-2026
2026-02-13T00:00:33+00:00,R_House,0.165,Will the Republican Party control the House after the 2026 Midterm elections?,which-party-will-win-the-house-in-2026
2026-02-14T00:00:37+00:00,R_House,0.175,Will the Republican Party control the House after the 2026 Midterm elections?,which-party-will-win-the-house-in-2026
2026-02-15T00:00:36+00:00,R_House,0.175,Will the Republican Party control the House after the 2026 Midterm elections?,which-party-will-win-the-house-in-2026
2026-02-16T00:00:48+00:00,R_House,0.175,Will the Republican Party control the House after the 2026 Midterm elections?,which-party-will-win-the-house-in-2026
2026-02-17T00:00:37+00:00,R_House,0.175,Will the Republican Party control the House after the 2026 Midterm elections?,which-party-will-win-the-house-in-2026
2026-02-18T00:00:41+00:00,R_House,0.17,Will the Republican Party control the House after the 2026 Midterm elections?,which-party-will-win-the-house-in-2026
2026-02-19T00:00:42+00:00,R_House,0.175,Will the Republican Party control the House after the 2026 Midterm elections?,which-party-will-win-the-house-in-2026
2026-02-20T00:00:40+00:00,R_House,0.16,Will the Republican Party control the House after the 2026 Midterm elections?,which-party-will-win-the-house-in-2026
2026-02-21T00:00:28+00:00,R_House,0.155,Will the Republican Party control the House after the 2026 Midterm elections?,which-party-will-win-the-house-in-2026
2026-02-22T00:00:29+00:00,R_House,0.145,Will the Republican Party control the House after the 2026 Midterm elections?,which-party-will-win-the-house-in-2026
2026-02-23T00:00:33+00:00,R_House,0.145,Will the Republican Party control the House after the 2026 Midterm elections?,which-party-will-win-the-house-in-2026
2026-02-24T00:00:33+00:00,R_House,0.135,Will the Republican Party control the House after the 2026 Midterm elections?,which-party-will-win-the-house-in-2026
2026-02-25T00:00:37+00:00,R_House,0.135,Will the Republican Party control the House after the 2026 Midterm elections?,which-party-will-win-the-house-in-2026
2026-02-26T00:00:34+00:00,R_House,0.14,Will the Republican Party control the House after the 2026 Midterm elections?,which-party-will-win-the-house-in-2026
2026-02-27T00:00:38+00:00,R_House,0.145,Will the Republican Party control the House after the 2026 Midterm elections?,which-party-will-win-the-house-in-2026
2026-02-28T00:00:39+00:00,R_House,0.15,Will the Republican Party control the House after the 2026 Midterm elections?,which-party-will-win-the-house-in-2026
2026-03-01T00:00:49+00:00,R_House,0.155,Will the Republican Party control the House after the 2026 Midterm elections?,which-party-will-win-the-house-in-2026
2026-03-02T00:00:49+00:00,R_House,0.175,Will the Republican Party control the House after the 2026 Midterm elections?,which-party-will-win-the-house-in-2026
2026-03-03T00:00:41+00:00,R_House,0.155,Will the Republican Party control the House after the 2026 Midterm elections?,which-party-will-win-the-house-in-2026
2026-03-04T00:00:43+00:00,R_House,0.155,Will the Republican Party control the House after the 2026 Midterm elections?,which-party-will-win-the-house-in-2026
2026-03-05T00:00:40+00:00,R_House,0.145,Will the Republican Party control the House after the 2026 Midterm elections?,which-party-will-win-the-house-in-2026
2026-03-06T00:00:39+00:00,R_House,0.15,Will the Republican Party control the House after the 2026 Midterm elections?,which-party-will-win-the-house-in-2026
2026-03-07T00:00:44+00:00,R_House,0.155,Will the Republican Party control the House after the 2026 Midterm elections?,which-party-will-win-the-house-in-2026
2026-03-08T00:00:36+00:00,R_House,0.155,Will the Republican Party control the House after the 2026 Midterm elections?,which-party-will-win-the-house-in-2026
2026-03-09T00:00:31+00:00,R_House,0.155,Will the Republican Party control the House after the 2026 Midterm elections?,which-party-will-win-the-house-in-2026
2026-03-10T00:00:38+00:00,R_House,0.15,Will the Republican Party control the House after the 2026 Midterm elections?,which-party-will-win-the-house-in-2026
2026-03-11T00:00:41+00:00,R_House,0.155,Will the Republican Party control the House after the 2026 Midterm elections?,which-party-will-win-the-house-in-2026
2026-03-12T00:00:42+00:00,R_House,0.155,Will the Republican Party control the House after the 2026 Midterm elections?,which-party-will-win-the-house-in-2026
2026-03-13T00:00:58+00:00,R_House,0.155,Will the Republican Party control the House after the 2026 Midterm elections?,which-party-will-win-the-house-in-2026
2026-03-14T00:00:36+00:00,R_House,0.155,Will the Republican Party control the House after the 2026 Midterm elections?,which-party-will-win-the-house-in-2026
2026-03-15T00:00:36+00:00,R_House,0.155,Will the Republican Party control the House after the 2026 Midterm elections?,which-party-will-win-the-house-in-2026
2026-03-16T00:00:49+00:00,R_House,0.155,Will the Republican Party control the House after the 2026 Midterm elections?,which-party-will-win-the-house-in-2026
2026-03-17T00:00:33+00:00,R_House,0.16,Will the Republican Party control the House after the 2026 Midterm elections?,which-party-will-win-the-house-in-2026
2026-03-18T00:00:34+00:00,R_House,0.15,Will the Republican Party control the House after the 2026 Midterm elections?,which-party-will-win-the-house-in-2026
2026-03-19T00:00:41+00:00,R_House,0.155,Will the Republican Party control the House after the 2026 Midterm elections?,which-party-will-win-the-house-in-2026
2026-03-20T00:00:39+00:00,R_House,0.155,Will the Republican Party control the House after the 2026 Midterm elections?,which-party-will-win-the-house-in-2026
2026-03-21T00:00:36+00:00,R_House,0.155,Will the Republican Party control the House after the 2026 Midterm elections?,which-party-will-win-the-house-in-2026
2026-03-22T00:00:34+00:00,R_House,0.155,Will the Republican Party control the House after the 2026 Midterm elections?,which-party-will-win-the-house-in-2026
2026-03-23T00:00:28+00:00,R_House,0.145,Will the Republican Party control the House after the 2026 Midterm elections?,which-party-will-win-the-house-in-2026
2026-03-24T00:00:25+00:00,R_House,0.155,Will the Republican Party control the House after the 2026 Midterm elections?,which-party-will-win-the-house-in-2026
2026-03-25T00:00:28+00:00,R_House,0.155,Will the Republican Party control the House after the 2026 Midterm elections?,which-party-will-win-the-house-in-2026
2026-03-26T00:00:31+00:00,R_House,0.165,Will the Republican Party control the House after the 2026 Midterm elections?,which-party-will-win-the-house-in-2026
2026-03-27T00:00:46+00:00,R_House,0.165,Will the Republican Party control the House after the 2026 Midterm elections?,which-party-will-win-the-house-in-2026
2026-03-28T00:00:49+00:00,R_House,0.155,Will the Republican Party control the House after the 2026 Midterm elections?,which-party-will-win-the-house-in-2026
2026-03-29T00:00:54+00:00,R_House,0.155,Will the Republican Party control the House after the 2026 Midterm elections?,which-party-will-win-the-house-in-2026
2026-04-09T00:00:29+00:00,R_House,0.135,Will the Republican Party control the House after the 2026 Midterm elections?,which-party-will-win-the-house-in-2026
2026-04-18T00:00:23+00:00,R_House,0.155,Will the Republican Party control the House after the 2026 Midterm elections?,which-party-will-win-the-house-in-2026
2026-04-22T00:00:17+00:00,R_House,0.155,Will the Republican Party control the House after the 2026 Midterm elections?,which-party-will-win-the-house-in-2026
2026-04-23T00:00:17+00:00,R_House,0.145,Will the Republican Party control the House after the 2026 Midterm elections?,which-party-will-win-the-house-in-2026
2026-04-24T00:00:34+00:00,R_House,0.145,Will the Republican Party control the House after the 2026 Midterm elections?,which-party-will-win-the-house-in-2026
2026-04-25T00:00:16+00:00,R_House,0.145,Will the Republican Party control the House after the 2026 Midterm elections?,which-party-will-win-the-house-in-2026
2026-04-26T00:00:09+00:00,R_House,0.145,Will the Republican Party control the House after the 2026 Midterm elections?,which-party-will-win-the-house-in-2026
2026-04-27T00:00:11+00:00,R_House,0.145,Will the Republican Party control the House after the 2026 Midterm elections?,which-party-will-win-the-house-in-2026
2026-04-28T00:00:13+00:00,R_House,0.145,Will the Republican Party control the House after the 2026 Midterm elections?,which-party-will-win-the-house-in-2026
2026-04-29T00:00:11+00:00,R_House,0.145,Will the Republican Party control the House after the 2026 Midterm elections?,which-party-will-win-the-house-in-2026
2026-04-30T00:00:15+00:00,R_House,0.155,Will the Republican Party control the House after the 2026 Midterm elections?,which-party-will-win-the-house-in-2026
2026-05-01T00:00:19+00:00,R_House,0.155,Will the Republican Party control the House after the 2026 Midterm elections?,which-party-will-win-the-house-in-2026
2026-05-02T00:00:09+00:00,R_House,0.155,Will the Republican Party control the House after the 2026 Midterm elections?,which-party-will-win-the-house-in-2026
2026-05-03T00:00:07+00:00,R_House,0.155,Will the Republican Party control the House after the 2026 Midterm elections?,which-party-will-win-the-house-in-2026
2026-05-04T00:00:06+00:00,R_House,0.165,Will the Republican Party control the House after the 2026 Midterm elections?,which-party-will-win-the-house-in-2026
2026-05-05T00:00:20+00:00,R_House,0.165,Will the Republican Party control the House after the 2026 Midterm elections?,which-party-will-win-the-house-in-2026
2026-05-06T00:00:11+00:00,R_House,0.185,Will the Republican Party control the House after the 2026 Midterm elections?,which-party-will-win-the-house-in-2026
2026-05-07T00:00:10+00:00,R_House,0.18,Will the Republican Party control the House after the 2026 Midterm elections?,which-party-will-win-the-house-in-2026
2026-05-08T00:00:08+00:00,R_House,0.185,Will the Republican Party control the House after the 2026 Midterm elections?,which-party-will-win-the-house-in-2026
2026-05-09T00:00:25+00:00,R_House,0.215,Will the Republican Party control the House after the 2026 Midterm elections?,which-party-will-win-the-house-in-2026
2026-05-10T00:00:11+00:00,R_House,0.225,Will the Republican Party control the House after the 2026 Midterm elections?,which-party-will-win-the-house-in-2026
2026-05-11T00:00:12+00:00,R_House,0.215,Will the Republican Party control the House after the 2026 Midterm elections?,which-party-will-win-the-house-in-2026
2026-05-12T00:00:17+00:00,R_House,0.215,Will the Republican Party control the House after the 2026 Midterm elections?,which-party-will-win-the-house-in-2026
2026-05-13T00:00:15+00:00,R_House,0.215,Will the Republican Party control the House after the 2026 Midterm elections?,which-party-will-win-the-house-in-2026
2026-05-14T00:00:21+00:00,R_House,0.225,Will the Republican Party control the House after the 2026 Midterm elections?,which-party-will-win-the-house-in-2026
2026-05-15T00:00:12+00:00,R_House,0.215,Will the Republican Party control the House after the 2026 Midterm elections?,which-party-will-win-the-house-in-2026
2026-05-16T00:00:19+00:00,R_House,0.215,Will the Republican Party control the House after the 2026 Midterm elections?,which-party-will-win-the-house-in-2026
2026-05-17T00:00:30+00:00,R_House,0.215,Will the Republican Party control the House after the 2026 Midterm elections?,which-party-will-win-the-house-in-2026
2026-05-18T00:00:13+00:00,R_House,0.22,Will the Republican Party control the House after the 2026 Midterm elections?,which-party-will-win-the-house-in-2026
2026-05-19T00:00:10+00:00,R_House,0.205,Will the Republican Party control the House after the 2026 Midterm elections?,which-party-will-win-the-house-in-2026
2026-05-20T00:00:14+00:00,R_House,0.195,Will the Republican Party control the House after the 2026 Midterm elections?,which-party-will-win-the-house-in-2026
2026-05-21T00:00:16+00:00,R_House,0.195,Will the Republican Party control the House after the 2026 Midterm elections?,which-party-will-win-the-house-in-2026
2026-05-22T00:00:18+00:00,R_House,0.195,Will the Republican Party control the House after the 2026 Midterm elections?,which-party-will-win-the-house-in-2026
2026-05-23T00:00:13+00:00,R_House,0.195,Will the Republican Party control the House after the 2026 Midterm elections?,which-party-will-win-the-house-in-2026
2026-05-24T00:00:08+00:00,R_House,0.195,Will the Republican Party control the House after the 2026 Midterm elections?,which-party-will-win-the-house-in-2026
2026-05-25T00:00:08+00:00,R_House,0.195,Will the Republican Party control the House after the 2026 Midterm elections?,which-party-will-win-the-house-in-2026
2026-05-26T00:00:08+00:00,R_House,0.195,Will the Republican Party control the House after the 2026 Midterm elections?,which-party-will-win-the-house-in-2026
2026-05-27T00:00:09+00:00,R_House,0.195,Will the Republican Party control the House after the 2026 Midterm elections?,which-party-will-win-the-house-in-2026
2026-05-28T00:00:13+00:00,R_House,0.195,Will the Republican Party control the House after the 2026 Midterm elections?,which-party-will-win-the-house-in-2026
2026-05-29T00:00:14+00:00,R_House,0.195,Will the Republican Party control the House after the 2026 Midterm elections?,which-party-will-win-the-house-in-2026
2026-05-30T00:00:22+00:00,R_House,0.195,Will the Republican Party control the House after the 2026 Midterm elections?,which-party-will-win-the-house-in-2026
2026-05-31T00:00:12+00:00,R_House,0.195,Will the Republican Party control the House after the 2026 Midterm elections?,which-party-will-win-the-house-in-2026
2026-06-01T00:00:07+00:00,R_House,0.195,Will the Republican Party control the House after the 2026 Midterm elections?,which-party-will-win-the-house-in-2026
2026-06-02T00:00:10+00:00,R_House,0.195,Will the Republican Party control the House after the 2026 Midterm elections?,which-party-will-win-the-house-in-2026
2026-06-03T00:00:10+00:00,R_House,0.195,Will the Republican Party control the House after the 2026 Midterm elections?,which-party-will-win-the-house-in-2026
2026-06-04T00:00:06+00:00,R_House,0.195,Will the Republican Party control the House after the 2026 Midterm elections?,which-party-will-win-the-house-in-2026
2026-06-05T00:00:19+00:00,R_House,0.195,Will the Republican Party control the House after the 2026 Midterm elections?,which-party-will-win-the-house-in-2026
2026-06-06T00:00:05+00:00,R_House,0.195,Will the Republican Party control the House after the 2026 Midterm elections?,which-party-will-win-the-house-in-2026
2026-06-07T00:00:16+00:00,R_House,0.195,Will the Republican Party control the House after the 2026 Midterm elections?,which-party-will-win-the-house-in-2026
2026-06-08T00:00:06+00:00,R_House,0.195,Will the Republican Party control the House after the 2026 Midterm elections?,which-party-will-win-the-house-in-2026
2026-06-09T00:00:08+00:00,R_House,0.195,Will the Republican Party control the House after the 2026 Midterm elections?,which-party-will-win-the-house-in-2026
2026-06-10T00:00:08+00:00,R_House,0.185,Will the Republican Party control the House after the 2026 Midterm elections?,which-party-will-win-the-house-in-2026
2026-06-11T00:00:12+00:00,R_House,0.195,Will the Republican Party control the House after the 2026 Midterm elections?,which-party-will-win-the-house-in-2026
2026-06-12T00:00:08+00:00,R_House,0.185,Will the Republican Party control the House after the 2026 Midterm elections?,which-party-will-win-the-house-in-2026
2026-06-13T00:00:08+00:00,R_House,0.185,Will the Republican Party control the House after the 2026 Midterm elections?,which-party-will-win-the-house-in-2026
2026-06-14T00:00:12+00:00,R_House,0.175,Will the Republican Party control the House after the 2026 Midterm elections?,which-party-will-win-the-house-in-2026
2026-06-15T00:00:08+00:00,R_House,0.175,Will the Republican Party control the House after the 2026 Midterm elections?,which-party-will-win-the-house-in-2026
2026-06-16T00:00:12+00:00,R_House,0.175,Will the Republican Party control the House after the 2026 Midterm elections?,which-party-will-win-the-house-in-2026
2026-06-17T00:00:11+00:00,R_House,0.175,Will the Republican Party control the House after the 2026 Midterm elections?,which-party-will-win-the-house-in-2026
2026-06-18T00:00:28+00:00,R_House,0.185,Will the Republican Party control the House after the 2026 Midterm elections?,which-party-will-win-the-house-in-2026
2026-06-19T00:00:27+00:00,R_House,0.195,Will the Republican Party control the House after the 2026 Midterm elections?,which-party-will-win-the-house-in-2026
2026-06-20T00:00:08+00:00,R_House,0.195,Will the Republican Party control the House after the 2026 Midterm elections?,which-party-will-win-the-house-in-2026
2026-06-21T00:00:12+00:00,R_House,0.195,Will the Republican Party control the House after the 2026 Midterm elections?,which-party-will-win-the-house-in-2026
2026-06-22T00:00:11+00:00,R_House,0.195,Will the Republican Party control the House after the 2026 Midterm elections?,which-party-will-win-the-house-in-2026
2026-06-23T00:00:12+00:00,R_House,0.195,Will the Republican Party control the House after the 2026 Midterm elections?,which-party-will-win-the-house-in-2026
2026-06-24T00:00:10+00:00,R_House,0.195,Will the Republican Party control the House after the 2026 Midterm elections?,which-party-will-win-the-house-in-2026
2026-06-25T00:00:18+00:00,R_House,0.195,Will the Republican Party control the House after the 2026 Midterm elections?,which-party-will-win-the-house-in-2026
2026-06-26T00:00:09+00:00,R_House,0.195,Will the Republican Party control the House after the 2026 Midterm elections?,which-party-will-win-the-house-in-2026
2026-06-27T00:00:10+00:00,R_House,0.175,Will the Republican Party control the House after the 2026 Midterm elections?,which-party-will-win-the-house-in-2026
2026-06-28T00:00:09+00:00,R_House,0.175,Will the Republican Party control the House after the 2026 Midterm elections?,which-party-will-win-the-house-in-2026
2026-06-29T00:00:09+00:00,R_House,0.175,Will the Republican Party control the House after the 2026 Midterm elections?,which-party-will-win-the-house-in-2026
2026-06-30T00:00:10+00:00,R_House,0.175,Will the Republican Party control the House after the 2026 Midterm elections?,which-party-will-win-the-house-in-2026
2026-07-01T00:00:09+00:00,R_House,0.175,Will the Republican Party control the House after the 2026 Midterm elections?,which-party-will-win-the-house-in-2026
2026-07-02T00:00:13+00:00,R_House,0.175,Will the Republican Party control the House after the 2026 Midterm elections?,which-party-will-win-the-house-in-2026
2026-07-03T00:00:10+00:00,R_House,0.165,Will the Republican Party control the House after the 2026 Midterm elections?,which-party-will-win-the-house-in-2026
2026-07-04T00:00:10+00:00,R_House,0.165,Will the Republican Party control the House after the 2026 Midterm elections?,which-party-will-win-the-house-in-2026
2026-07-05T00:00:10+00:00,R_House,0.165,Will the Republican Party control the House after the 2026 Midterm elections?,which-party-will-win-the-house-in-2026
2026-07-06T00:00:05+00:00,R_House,0.165,Will the Republican Party control the House after the 2026 Midterm elections?,which-party-will-win-the-house-in-2026
2026-07-07T00:00:11+00:00,R_House,0.16,Will the Republican Party control the House after the 2026 Midterm elections?,which-party-will-win-the-house-in-2026
2026-07-08T00:00:07+00:00,R_House,0.165,Will the Republican Party control the House after the 2026 Midterm elections?,which-party-will-win-the-house-in-2026
2026-07-09T00:00:13+00:00,R_House,0.155,Will the Republican Party control the House after the 2026 Midterm elections?,which-party-will-win-the-house-in-2026
2026-07-10T00:00:09+00:00,R_House,0.165,Will the Republican Party control the House after the 2026 Midterm elections?,which-party-will-win-the-house-in-2026
2026-07-11T00:00:10+00:00,R_House,0.165,Will the Republican Party control the House after the 2026 Midterm elections?,which-party-will-win-the-house-in-2026
2026-07-12T00:00:22+00:00,R_House,0.165,Will the Republican Party control the House after the 2026 Midterm elections?,which-party-will-win-the-house-in-2026
2026-07-13T00:00:11+00:00,R_House,0.165,Will the Republican Party control the House after the 2026 Midterm elections?,which-party-will-win-the-house-in-2026
2026-07-14T00:00:10+00:00,R_House,0.165,Will the Republican Party control the House after the 2026 Midterm elections?,which-party-will-win-the-house-in-2026
2026-07-15T00:00:14+00:00,R_House,0.165,Will the Republican Party control the House after the 2026 Midterm elections?,which-party-will-win-the-house-in-2026
2026-07-16T00:00:14+00:00,R_House,0.165,Will the Republican Party control the House after the 2026 Midterm elections?,which-party-will-win-the-house-in-2026
2026-07-17T00:00:15+00:00,R_House,0.165,Will the Republican Party control the House after the 2026 Midterm elections?,which-party-will-win-the-house-in-2026
2026-07-18T00:00:11+00:00,R_House,0.155,Will the Republican Party control the House after the 2026 Midterm elections?,which-party-will-win-the-house-in-2026
2026-07-19T00:00:16+00:00,R_House,0.155,Will the Republican Party control the House after the 2026 Midterm elections?,which-party-will-win-the-house-in-2026
2026-07-20T00:00:27+00:00,R_House,0.155,Will the Republican Party control the House after the 2026 Midterm elections?,which-party-will-win-the-house-in-2026
2026-07-21T00:00:15+00:00,R_House,0.155,Will the Republican Party control the House after the 2026 Midterm elections?,which-party-will-win-the-house-in-2026
2026-07-22T00:00:11+00:00,R_House,0.145,Will the Republican Party control the House after the 2026 Midterm elections?,which-party-will-win-the-house-in-2026
2026-07-23T00:00:20+00:00,R_House,0.145,Will the Republican Party control the House after the 2026 Midterm elections?,which-party-will-win-the-house-in-2026
2026-07-24T00:00:26+00:00,R_House,0.145,Will the Republican Party control the House after the 2026 Midterm elections?,which-party-will-win-the-house-in-2026
2026-07-25T00:00:42+00:00,R_House,0.145,Will the Republican Party control the House after the 2026 Midterm elections?,which-party-will-win-the-house-in-2026
2026-07-26T00:00:37+00:00,R_House,0.145,Will the Republican Party control the House after the 2026 Midterm elections?,which-party-will-win-the-house-in-2026
2026-07-27T00:00:47+00:00,R_House,0.135,Will the Republican Party control the House after the 2026 Midterm elections?,which-party-will-win-the-house-in-2026
2026-07-28T00:00:47+00:00,R_House,0.135,Will the Republican Party control the House after the 2026 Midterm elections?,which-party-will-win-the-house-in-2026
2026-07-30T00:00:26+00:00,R_House,0.135,Will the Republican Party control the House after the 2026 Midterm elections?,which-party-will-win-the-house-in-2026
2026-07-31T00:00:23+00:00,R_House,0.135,Will the Republican Party control the House after the 2026 Midterm elections?,which-party-will-win-the-house-in-2026
2026-08-01T00:00:14+00:00,R_House,0.135,Will the Republican Party control the House after the 2026 Midterm elections?,which-party-will-win-the-house-in-2026
2026-08-02T00:00:15+00:00,R_House,0.135,Will the Republican Party control the House after the 2026 Midterm elections?,which-party-will-win-the-house-in-2026
2026-08-03T00:00:12+00:00,R_House,0.135,Will the Republican Party control the House after the 2026 Midterm elections?,which-party-will-win-the-house-in-2026
2026-08-04T00:00:14+00:00,R_House,0.135,Will the Republican Party control the House after the 2026 Midterm elections?,which-party-will-win-the-house-in-2026
2026-08-05T00:00:15+00:00,R_House,0.135,Will the Republican Party control the House after the 2026 Midterm elections?,which-party-will-win-the-house-in-2026
2026-08-06T00:00:14+00:00,R_House,0.135,Will the Republican Party control the House after the 2026 Midterm elections?,which-party-will-win-the-house-in-2026
2026-08-07T00:00:14+00:00,R_House,0.135,Will the Republican Party control the House after the 2026 Midterm elections?,which-party-will-win-the-house-in-2026
2026-08-08T00:00:18+00:00,R_House,0.135,Will the Republican Party control the House after the 2026 Midterm elections?,which-party-will-win-the-house-in-2026
2026-08-09T00:00:28+00:00,R_House,0.135,Will the Republican Party control the House after the 2026 Midterm elections?,which-party-will-win-the-house-in-2026
2026-08-10T00:00:20+00:00,R_House,0.125,Will the Republican Party control the House after the 2026 Midterm elections?,which-party-will-win-the-house-in-2026
2026-08-11T00:00:24+00:00,R_House,0.125,Will the Republican Party control the House after the 2026 Midterm elections?,which-party-will-win-the-house-in-2026
2026-08-12T00:00:16+00:00,R_House,0.125,Will the Republican Party control the House after the 2026 Midterm elections?,which-party-will-win-the-house-in-2026
2026-08-13T00:00:21+00:00,R_House,0.125,Will the Republican Party control the House after the 2026 Midterm elections?,which-party-will-win-the-house-in-2026
2026-08-14T00:00:21+00:00,R_House,0.125,Will the Republican Party control the House after the 2026 Midterm elections?,which-party-will-win-the-house-in-2026
2026-08-15T00:00:20+00:00,R_House,0.125,Will the Republican Party control the House after the 2026 Midterm elections?,which-party-will-win-the-house-in-2026
2026-08-16T00:00:22+00:00,R_House,0.125,Will the Republican Party control the House after the 2026 Midterm elections?,which-party-will-win-the-house-in-2026
2026-08-17T00:00:24+00:00,R_House,0.125,Will the Republican Party control the House after the 2026 Midterm elections?,which-party-will-win-the-house-in-2026
2026-08-18T00:00:34+00:00,R_House,0.125,Will the Republican Party control the House after the 2026 Midterm elections?,which-party-will-win-the-house-in-2026
2026-08-19T00:00:23+00:00,R_House,0.125,Will the Republican Party control the House after the 2026 Midterm elections?,which-party-will-win-the-house-in-2026
2026-08-20T00:00:27+00:00,R_House,0.125,Will the Republican Party control the House after the 2026 Midterm elections?,which-party-will-win-the-house-in-2026
2026-08-21T00:00:24+00:00,R_House,0.115,Will the Republican Party control the House after the 2026 Midterm elections?,which-party-will-win-the-house-in-2026
2026-08-22T00:00:24+00:00,R_House,0.125,Will the Republican Party control the House after the 2026 Midterm elections?,which-party-will-win-the-house-in-2026
2026-08-23T00:00:21+00:00,R_House,0.125,Will the Republican Party control the House after the 2026 Midterm elections?,which-party-will-win-the-house-in-2026
2026-08-24T00:00:25+00:00,R_House,0.115,Will the Republican Party control the House after the 2026 Midterm elections?,which-party-will-win-the-house-in-2026
2026-08-25T00:00:23+00:00,R_House,0.125,Will the Republican Party control the House after the 2026 Midterm elections?,which-party-will-win-the-house-in-2026
2026-08-26T00:00:25+00:00,R_House,0.125,Will the Republican Party control the House after the 2026 Midterm elections?,which-party-will-win-the-house-in-2026
2026-08-27T00:00:25+00:00,R_House,0.125,Will the Republican Party control the House after the 2026 Midterm elections?,which-party-will-win-the-house-in-2026
2026-08-28T00:00:26+00:00,R_House,0.125,Will the Republican Party control the House after the 2026 Midterm elections?,which-party-will-win-the-house-in-2026
2026-08-29T00:00:26+00:00,R_House,0.115,Will the Republican Party control the House after the 2026 Midterm elections?,which-party-will-win-the-house-in-2026
2026-08-30T00:00:25+00:00,R_House,0.115,Will the Republican Party control the House after the 2026 Midterm elections?,which-party-will-win-the-house-in-2026
2026-08-31T00:00:23+00:00,R_House,0.115,Will the Republican Party control the House after the 2026 Midterm elections?,which-party-will-win-the-house-in-2026
2026-09-01T00:00:36+00:00,R_House,0.115,Will the Republican Party control the House after the 2026 Midterm elections?,which-party-will-win-the-house-in-2026
2026-09-02T00:00:24+00:00,R_House,0.115,Will the Republican Party control the House after the 2026 Midterm elections?,which-party-will-win-the-house-in-2026
2026-09-03T00:00:28+00:00,R_House,0.115,Will the Republican Party control the House after the 2026 Midterm elections?,which-party-will-win-the-house-in-2026
2026-09-04T00:00:21+00:00,R_House,0.115,Will the Republican Party control the House after the 2026 Midterm elections?,which-party-will-win-the-house-in-2026
2026-09-05T00:00:21+00:00,R_House,0.115,Will the Republican Party control the House after the 2026 Midterm elections?,which-party-will-win-the-house-in-2026
2026-09-06T00:00:27+00:00,R_House,0.125,Will the Republican Party control the House after the 2026 Midterm elections?,which-party-will-win-the-house-in-2026
2026-09-07T00:00:35+00:00,R_House,0.135,Will the Republican Party control the House after the 2026 Midterm elections?,which-party-will-win-the-house-in-2026
2026-09-08T00:00:18+00:00,R_House,0.135,Will the Republican Party control the House after the 2026 Midterm elections?,which-party-will-win-the-house-in-2026
2026-09-09T00:00:26+00:00,R_House,0.135,Will the Republican Party control the House after the 2026 Midterm elections?,which-party-will-win-the-house-in-2026
2026-09-10T00:00:21+00:00,R_House,0.135,Will the Republican Party control the House after the 2026 Midterm elections?,which-party-will-win-the-house-in-2026
2026-09-11T00:00:23+00:00,R_House,0.135,Will the Republican Party control the House after the 2026 Midterm elections?,which-party-will-win-the-house-in-2026
2026-09-12T00:00:24+00:00,R_House,0.135,Will the Republican Party control the House after the 2026 Midterm elections?,which-party-will-win-the-house-in-2026
2026-09-13T00:00:22+00:00,R_House,0.135,Will the Republican Party control the House after the 2026 Midterm elections?,which-party-will-win-the-house-in-2026
2026-09-14T00:00:19+00:00,R_House,0.135,Will the Republican Party control the House after the 2026 Midterm elections?,which-party-will-win-the-house-in-2026
2026-09-15T00:00:18+00:00,R_House,0.135,Will the Republican Party control the House after the 2026 Midterm elections?,which-party-will-win-the-house-in-2026
2026-09-16T00:00:19+00:00,R_House,0.135,Will the Republican Party control the House after the 2026 Midterm elections?,which-party-will-win-the-house-in-2026
2026-09-17T00:00:21+00:00,R_House,0.115,Will the Republican Party control the House after the 2026 Midterm elections?,which-party-will-win-the-house-in-2026
2026-09-18T00:00:24+00:00,R_House,0.105,Will the Republican Party control the House after the 2026 Midterm elections?,which-party-will-win-the-house-in-2026
2026-09-19T00:00:26+00:00,R_House,0.105,Will the Republican Party control the House after the 2026 Midterm elections?,which-party-will-win-the-house-in-2026
2026-09-20T00:00:25+00:00,R_House,0.105,Will the Republican Party control the House after the 2026 Midterm elections?,which-party-will-win-the-house-in-2026
2026-09-21T00:00:21+00:00,R_House,0.075,Will the Republican Party control the House after the 2026 Midterm elections?,which-party-will-win-the-house-in-2026
2026-09-22T00:00:22+00:00,R_House,0.085,Will the Republican Party control the House after the 2026 Midterm elections?,which-party-will-win-the-house-in-2026
2026-09-23T00:00:24+00:00,R_House,0.075,Will the Republican Party control the House after the 2026 Midterm elections?,which-party-will-win-the-house-in-2026
2026-09-24T00:00:34+00:00,R_House,0.075,Will the Republican Party control the House after the 2026 Midterm elections?,which-party-will-win-the-house-in-2026
2026-09-25T00:00:27+00:00,R_House,0.075,Will the Republican Party control the House after the 2026 Midterm elections?,which-party-will-win-the-house-in-2026
2026-09-26T00:00:21+00:00,R_House,0.075,Will the Republican Party control the House after the 2026 Midterm elections?,which-party-will-win-the-house-in-2026
2026-09-27T00:00:21+00:00,R_House,0.075,Will the Republican Party control the House after the 2026 Midterm elections?,which-party-will-win-the-house-in-2026
2026-09-28T00:00:35+00:00,R_House,0.075,Will the Republican Party control the House after the 2026 Midterm elections?,which-party-will-win-the-house-in-2026
2026-09-29T00:00:22+00:00,R_House,0.075,Will the Republican Party control the House after the 2026 Midterm elections?,which-party-will-win-the-house-in-2026
2026-09-30T00:00:24+00:00,R_House,0.085,Will the Republican Party control the House after the 2026 Midterm elections?,which-party-will-win-the-house-in-2026
2026-10-01T00:00:26+00:00,R_House,0.085,Will the Republican Party control the House after the 2026 Midterm elections?,which-party-will-win-the-house-in-2026
2026-10-02T00:00:24+00:00,R_House,0.075,Will the Republican Party control the House after the 2026 Midterm elections?,which-party-will-win-the-house-in-2026
2026-10-03T00:00:27+00:00,R_House,0.075,Will the Republican Party control the House after the 2026 Midterm elections?,which-party-will-win-the-house-in-2026
2026-10-04T00:00:23+00:00,R_House,0.065,Will the Republican Party control the House after the 2026 Midterm elections?,which-party-will-win-the-house-in-2026
2026-10-05T00:00:28+00:00,R_House,0.075,Will the Republican Party control the House after the 2026 Midterm elections?,which-party-will-win-the-house-in-2026
2026-10-06T00:00:27+00:00,R_House,0.075,Will the Republican Party control the House after the 2026 Midterm elections?,which-party-will-win-the-house-in-2026
2026-10-06T16:01:23+00:00,R_House,0.075,Will the Republican Party control the House after the 2026 Midterm elections?,which-party-will-win-the-house-in-2026
2025-07-19T00:00:09+00:00,D_Senate,0.45,Will the Democratic Party control the Senate after the 2026 Midterm elections?,which-party-will-win-the-senate-in-2026
2025-07-20T00:00:08+00:00,D_Senate,0.295,Will the Democratic Party control the Senate after the 2026 Midterm elections?,which-party-will-win-the-senate-in-2026
2025-07-21T00:00:07+00:00,D_Senate,0.295,Will the Democratic Party control the Senate after the 2026 Midterm elections?,which-party-will-win-the-senate-in-2026
2025-07-22T00:00:09+00:00,D_Senate,0.29,Will the Democratic Party control the Senate after the 2026 Midterm elections?,which-party-will-win-the-senate-in-2026
2025-07-23T00:00:09+00:00,D_Senate,0.285,Will the Democratic Party control the Senate after the 2026 Midterm elections?,which-party-will-win-the-senate-in-2026
2025-07-24T00:00:09+00:00,D_Senate,0.285,Will the Democratic Party control the Senate after the 2026 Midterm elections?,which-party-will-win-the-senate-in-2026
2025-07-25T00:00:09+00:00,D_Senate,0.285,Will the Democratic Party control the Senate after the 2026 Midterm elections?,which-party-will-win-the-senate-in-2026
2025-07-26T00:00:09+00:00,D_Senate,0.285,Will the Democratic Party control the Senate after the 2026 Midterm elections?,which-party-will-win-the-senate-in-2026
2025-07-27T00:00:10+00:00,D_Senate,0.285,Will the Democratic Party control the Senate after the 2026 Midterm elections?,which-party-will-win-the-senate-in-2026
2025-07-28T00:00:09+00:00,D_Senate,0.285,Will the Democratic Party control the Senate after the 2026 Midterm elections?,which-party-will-win-the-senate-in-2026
2025-07-29T00:00:10+00:00,D_Senate,0.285,Will the Democratic Party control the Senate after the 2026 Midterm elections?,which-party-will-win-the-senate-in-2026
2025-07-30T00:00:10+00:00,D_Senate,0.285,Will the Democratic Party control the Senate after the 2026 Midterm elections?,which-party-will-win-the-senate-in-2026
2025-07-31T00:00:08+00:00,D_Senate,0.285,Will the Democratic Party control the Senate after the 2026 Midterm elections?,which-party-will-win-the-senate-in-2026
2025-08-01T00:00:09+00:00,D_Senate,0.285,Will the Democratic Party control the Senate after the 2026 Midterm elections?,which-party-will-win-the-senate-in-2026
2025-08-02T00:00:09+00:00,D_Senate,0.285,Will the Democratic Party control the Senate after the 2026 Midterm elections?,which-party-will-win-the-senate-in-2026
2025-08-03T00:00:08+00:00,D_Senate,0.285,Will the Democratic Party control the Senate after the 2026 Midterm elections?,which-party-will-win-the-senate-in-2026
2025-08-04T00:00:07+00:00,D_Senate,0.285,Will the Democratic Party control the Senate after the 2026 Midterm elections?,which-party-will-win-the-senate-in-2026
2025-08-05T00:00:08+00:00,D_Senate,0.285,Will the Democratic Party control the Senate after the 2026 Midterm elections?,which-party-will-win-the-senate-in-2026
2025-08-06T00:00:09+00:00,D_Senate,0.285,Will the Democratic Party control the Senate after the 2026 Midterm elections?,which-party-will-win-the-senate-in-2026
2025-08-07T00:00:11+00:00,D_Senate,0.285,Will the Democratic Party control the Senate after the 2026 Midterm elections?,which-party-will-win-the-senate-in-2026
2025-08-08T00:00:02+00:00,D_Senate,0.285,Will the Democratic Party control the Senate after the 2026 Midterm elections?,which-party-will-win-the-senate-in-2026
2025-08-09T00:00:11+00:00,D_Senate,0.285,Will the Democratic Party control the Senate after the 2026 Midterm elections?,which-party-will-win-the-senate-in-2026
2025-08-10T00:00:03+00:00,D_Senate,0.285,Will the Democratic Party control the Senate after the 2026 Midterm elections?,which-party-will-win-the-senate-in-2026
2025-08-11T00:00:11+00:00,D_Senate,0.285,Will the Democratic Party control the Senate after the 2026 Midterm elections?,which-party-will-win-the-senate-in-2026
2025-08-12T00:00:06+00:00,D_Senate,0.285,Will the Democratic Party control the Senate after the 2026 Midterm elections?,which-party-will-win-the-senate-in-2026
2025-08-13T00:00:10+00:00,D_Senate,0.29,Will the Democratic Party control the Senate after the 2026 Midterm elections?,which-party-will-win-the-senate-in-2026
2025-08-14T00:00:05+00:00,D_Senate,0.29,Will the Democratic Party control the Senate after the 2026 Midterm elections?,which-party-will-win-the-senate-in-2026
2025-08-15T00:00:11+00:00,D_Senate,0.29,Will the Democratic Party control the Senate after the 2026 Midterm elections?,which-party-will-win-the-senate-in-2026
2025-08-16T00:00:04+00:00,D_Senate,0.29,Will the Democratic Party control the Senate after the 2026 Midterm elections?,which-party-will-win-the-senate-in-2026
2025-08-17T00:00:08+00:00,D_Senate,0.29,Will the Democratic Party control the Senate after the 2026 Midterm elections?,which-party-will-win-the-senate-in-2026
2025-08-18T00:00:05+00:00,D_Senate,0.29,Will the Democratic Party control the Senate after the 2026 Midterm elections?,which-party-will-win-the-senate-in-2026
2025-08-19T00:00:10+00:00,D_Senate,0.29,Will the Democratic Party control the Senate after the 2026 Midterm elections?,which-party-will-win-the-senate-in-2026
2025-08-20T00:00:07+00:00,D_Senate,0.29,Will the Democratic Party control the Senate after the 2026 Midterm elections?,which-party-will-win-the-senate-in-2026
2025-08-21T00:00:05+00:00,D_Senate,0.29,Will the Democratic Party control the Senate after the 2026 Midterm elections?,which-party-will-win-the-senate-in-2026
2025-08-22T00:00:03+00:00,D_Senate,0.29,Will the Democratic Party control the Senate after the 2026 Midterm elections?,which-party-will-win-the-senate-in-2026
2025-08-23T00:00:05+00:00,D_Senate,0.29,Will the Democratic Party control the Senate after the 2026 Midterm elections?,which-party-will-win-the-senate-in-2026
2025-08-24T00:00:03+00:00,D_Senate,0.29,Will the Democratic Party control the Senate after the 2026 Midterm elections?,which-party-will-win-the-senate-in-2026
2025-08-25T00:00:10+00:00,D_Senate,0.29,Will the Democratic Party control the Senate after the 2026 Midterm elections?,which-party-will-win-the-senate-in-2026
2025-08-26T00:00:06+00:00,D_Senate,0.29,Will the Democratic Party control the Senate after the 2026 Midterm elections?,which-party-will-win-the-senate-in-2026
2025-08-27T00:00:03+00:00,D_Senate,0.29,Will the Democratic Party control the Senate after the 2026 Midterm elections?,which-party-will-win-the-senate-in-2026
2025-08-28T00:00:10+00:00,D_Senate,0.29,Will the Democratic Party control the Senate after the 2026 Midterm elections?,which-party-will-win-the-senate-in-2026
2025-08-29T00:00:06+00:00,D_Senate,0.29,Will the Democratic Party control the Senate after the 2026 Midterm elections?,which-party-will-win-the-senate-in-2026
2025-08-30T00:00:03+00:00,D_Senate,0.29,Will the Democratic Party control the Senate after the 2026 Midterm elections?,which-party-will-win-the-senate-in-2026
2025-08-31T00:00:09+00:00,D_Senate,0.29,Will the Democratic Party control the Senate after the 2026 Midterm elections?,which-party-will-win-the-senate-in-2026
2025-09-01T00:00:09+00:00,D_Senate,0.29,Will the Democratic Party control the Senate after the 2026 Midterm elections?,which-party-will-win-the-senate-in-2026
2025-09-02T00:00:13+00:00,D_Senate,0.29,Will the Democratic Party control the Senate after the 2026 Midterm elections?,which-party-will-win-the-senate-in-2026
2025-09-03T00:00:14+00:00,D_Senate,0.29,Will the Democratic Party control the Senate after the 2026 Midterm elections?,which-party-will-win-the-senate-in-2026
2025-09-04T00:00:11+00:00,D_Senate,0.285,Will the Democratic Party control the Senate after the 2026 Midterm elections?,which-party-will-win-the-senate-in-2026
2025-09-05T00:00:12+00:00,D_Senate,0.29,Will the Democratic Party control the Senate after the 2026 Midterm elections?,which-party-will-win-the-senate-in-2026
2025-09-06T00:00:18+00:00,D_Senate,0.29,Will the Democratic Party control the Senate after the 2026 Midterm elections?,which-party-will-win-the-senate-in-2026
2025-09-07T00:00:04+00:00,D_Senate,0.29,Will the Democratic Party control the Senate after the 2026 Midterm elections?,which-party-will-win-the-senate-in-2026
2025-09-08T00:00:04+00:00,D_Senate,0.29,Will the Democratic Party control the Senate after the 2026 Midterm elections?,which-party-will-win-the-senate-in-2026
2025-09-09T00:00:13+00:00,D_Senate,0.29,Will the Democratic Party control the Senate after the 2026 Midterm elections?,which-party-will-win-the-senate-in-2026
2025-09-10T00:00:11+00:00,D_Senate,0.29,Will the Democratic Party control the Senate after the 2026 Midterm elections?,which-party-will-win-the-senate-in-2026
2025-09-11T00:00:06+00:00,D_Senate,0.29,Will the Democratic Party control the Senate after the 2026 Midterm elections?,which-party-will-win-the-senate-in-2026
2025-09-12T00:00:11+00:00,D_Senate,0.285,Will the Democratic Party control the Senate after the 2026 Midterm elections?,which-party-will-win-the-senate-in-2026
2025-09-13T00:00:13+00:00,D_Senate,0.285,Will the Democratic Party control the Senate after the 2026 Midterm elections?,which-party-will-win-the-senate-in-2026
2025-09-14T00:00:12+00:00,D_Senate,0.285,Will the Democratic Party control the Senate after the 2026 Midterm elections?,which-party-will-win-the-senate-in-2026
2025-09-15T00:00:04+00:00,D_Senate,0.285,Will the Democratic Party control the Senate after the 2026 Midterm elections?,which-party-will-win-the-senate-in-2026
2025-09-16T00:00:23+00:00,D_Senate,0.285,Will the Democratic Party control the Senate after the 2026 Midterm elections?,which-party-will-win-the-senate-in-2026
2025-09-17T00:00:02+00:00,D_Senate,0.29,Will the Democratic Party control the Senate after the 2026 Midterm elections?,which-party-will-win-the-senate-in-2026
2025-09-18T00:00:06+00:00,D_Senate,0.29,Will the Democratic Party control the Senate after the 2026 Midterm elections?,which-party-will-win-the-senate-in-2026
2025-09-19T00:00:08+00:00,D_Senate,0.275,Will the Democratic Party control the Senate after the 2026 Midterm elections?,which-party-will-win-the-senate-in-2026
2025-09-20T00:00:19+00:00,D_Senate,0.275,Will the Democratic Party control the Senate after the 2026 Midterm elections?,which-party-will-win-the-senate-in-2026
2025-09-21T00:00:03+00:00,D_Senate,0.275,Will the Democratic Party control the Senate after the 2026 Midterm elections?,which-party-will-win-the-senate-in-2026
2025-09-22T00:00:10+00:00,D_Senate,0.275,Will the Democratic Party control the Senate after the 2026 Midterm elections?,which-party-will-win-the-senate-in-2026
2025-09-23T00:00:05+00:00,D_Senate,0.275,Will the Democratic Party control the Senate after the 2026 Midterm elections?,which-party-will-win-the-senate-in-2026
2025-09-24T00:00:13+00:00,D_Senate,0.275,Will the Democratic Party control the Senate after the 2026 Midterm elections?,which-party-will-win-the-senate-in-2026
2025-09-25T00:00:02+00:00,D_Senate,0.275,Will the Democratic Party control the Senate after the 2026 Midterm elections?,which-party-will-win-the-senate-in-2026
2025-09-26T00:00:05+00:00,D_Senate,0.275,Will the Democratic Party control the Senate after the 2026 Midterm elections?,which-party-will-win-the-senate-in-2026
2025-09-27T00:00:08+00:00,D_Senate,0.275,Will the Democratic Party control the Senate after the 2026 Midterm elections?,which-party-will-win-the-senate-in-2026
2025-09-28T00:00:15+00:00,D_Senate,0.275,Will the Democratic Party control the Senate after the 2026 Midterm elections?,which-party-will-win-the-senate-in-2026
2025-09-29T00:00:03+00:00,D_Senate,0.275,Will the Democratic Party control the Senate after the 2026 Midterm elections?,which-party-will-win-the-senate-in-2026
2025-09-30T00:00:12+00:00,D_Senate,0.275,Will the Democratic Party control the Senate after the 2026 Midterm elections?,which-party-will-win-the-senate-in-2026
2025-10-01T00:00:08+00:00,D_Senate,0.275,Will the Democratic Party control the Senate after the 2026 Midterm elections?,which-party-will-win-the-senate-in-2026
2025-10-02T00:00:07+00:00,D_Senate,0.27,Will the Democratic Party control the Senate after the 2026 Midterm elections?,which-party-will-win-the-senate-in-2026
2025-10-03T00:00:11+00:00,D_Senate,0.27,Will the Democratic Party control the Senate after the 2026 Midterm elections?,which-party-will-win-the-senate-in-2026
2025-10-04T00:00:08+00:00,D_Senate,0.265,Will the Democratic Party control the Senate after the 2026 Midterm elections?,which-party-will-win-the-senate-in-2026
2025-10-05T00:00:06+00:00,D_Senate,0.265,Will the Democratic Party control the Senate after the 2026 Midterm elections?,which-party-will-win-the-senate-in-2026
2025-10-06T00:00:08+00:00,D_Senate,0.265,Will the Democratic Party control the Senate after the 2026 Midterm elections?,which-party-will-win-the-senate-in-2026
2025-10-07T00:00:08+00:00,D_Senate,0.265,Will the Democratic Party control the Senate after the 2026 Midterm elections?,which-party-will-win-the-senate-in-2026
2025-10-08T00:00:10+00:00,D_Senate,0.265,Will the Democratic Party control the Senate after the 2026 Midterm elections?,which-party-will-win-the-senate-in-2026
2025-10-09T00:00:13+00:00,D_Senate,0.265,Will the Democratic Party control the Senate after the 2026 Midterm elections?,which-party-will-win-the-senate-in-2026
2025-10-10T00:00:18+00:00,D_Senate,0.265,Will the Democratic Party control the Senate after the 2026 Midterm elections?,which-party-will-win-the-senate-in-2026
2025-10-11T00:00:08+00:00,D_Senate,0.265,Will the Democratic Party control the Senate after the 2026 Midterm elections?,which-party-will-win-the-senate-in-2026
2025-10-12T00:00:05+00:00,D_Senate,0.265,Will the Democratic Party control the Senate after the 2026 Midterm elections?,which-party-will-win-the-senate-in-2026
2025-10-13T00:00:02+00:00,D_Senate,0.265,Will the Democratic Party control the Senate after the 2026 Midterm elections?,which-party-will-win-the-senate-in-2026
2025-10-14T00:00:13+00:00,D_Senate,0.265,Will the Democratic Party control the Senate after the 2026 Midterm elections?,which-party-will-win-the-senate-in-2026
2025-10-15T00:00:16+00:00,D_Senate,0.265,Will the Democratic Party control the Senate after the 2026 Midterm elections?,which-party-will-win-the-senate-in-2026
2025-10-16T00:00:21+00:00,D_Senate,0.265,Will the Democratic Party control the Senate after the 2026 Midterm elections?,which-party-will-win-the-senate-in-2026
2025-10-17T00:00:12+00:00,D_Senate,0.265,Will the Democratic Party control the Senate after the 2026 Midterm elections?,which-party-will-win-the-senate-in-2026
2025-10-18T00:00:07+00:00,D_Senate,0.265,Will the Democratic Party control the Senate after the 2026 Midterm elections?,which-party-will-win-the-senate-in-2026
2025-10-19T00:00:16+00:00,D_Senate,0.265,Will the Democratic Party control the Senate after the 2026 Midterm elections?,which-party-will-win-the-senate-in-2026
2025-10-20T00:00:16+00:00,D_Senate,0.265,Will the Democratic Party control the Senate after the 2026 Midterm elections?,which-party-will-win-the-senate-in-2026
2025-10-21T00:00:06+00:00,D_Senate,0.265,Will the Democratic Party control the Senate after the 2026 Midterm elections?,which-party-will-win-the-senate-in-2026
2025-10-22T00:00:21+00:00,D_Senate,0.255,Will the Democratic Party control the Senate after the 2026 Midterm elections?,which-party-will-win-the-senate-in-2026
2025-10-23T00:00:10+00:00,D_Senate,0.255,Will the Democratic Party control the Senate after the 2026 Midterm elections?,which-party-will-win-the-senate-in-2026
2025-10-24T00:00:17+00:00,D_Senate,0.255,Will the Democratic Party control the Senate after the 2026 Midterm elections?,which-party-will-win-the-senate-in-2026
2025-10-25T00:00:15+00:00,D_Senate,0.235,Will the Democratic Party control the Senate after the 2026 Midterm elections?,which-party-will-win-the-senate-in-2026
2025-10-26T00:00:18+00:00,D_Senate,0.24,Will the Democratic Party control the Senate after the 2026 Midterm elections?,which-party-will-win-the-senate-in-2026
2025-10-27T00:00:16+00:00,D_Senate,0.24,Will the Democratic Party control the Senate after the 2026 Midterm elections?,which-party-will-win-the-senate-in-2026
2025-10-28T00:00:20+00:00,D_Senate,0.255,Will the Democratic Party control the Senate after the 2026 Midterm elections?,which-party-will-win-the-senate-in-2026
2025-10-29T00:00:19+00:00,D_Senate,0.255,Will the Democratic Party control the Senate after the 2026 Midterm elections?,which-party-will-win-the-senate-in-2026
2025-10-30T00:00:19+00:00,D_Senate,0.285,Will the Democratic Party control the Senate after the 2026 Midterm elections?,which-party-will-win-the-senate-in-2026
2025-10-31T00:00:13+00:00,D_Senate,0.285,Will the Democratic Party control the Senate after the 2026 Midterm elections?,which-party-will-win-the-senate-in-2026
2025-11-01T00:00:18+00:00,D_Senate,0.28,Will the Democratic Party control the Senate after the 2026 Midterm elections?,which-party-will-win-the-senate-in-2026
2025-11-02T00:00:15+00:00,D_Senate,0.28,Will the Democratic Party control the Senate after the 2026 Midterm elections?,which-party-will-win-the-senate-in-2026
2025-11-03T00:00:17+00:00,D_Senate,0.28,Will the Democratic Party control the Senate after the 2026 Midterm elections?,which-party-will-win-the-senate-in-2026
2025-11-04T00:00:18+00:00,D_Senate,0.295,Will the Democratic Party control the Senate after the 2026 Midterm elections?,which-party-will-win-the-senate-in-2026
2025-11-05T00:00:19+00:00,D_Senate,0.295,Will the Democratic Party control the Senate after the 2026 Midterm elections?,which-party-will-win-the-senate-in-2026
2025-11-06T00:00:12+00:00,D_Senate,0.345,Will the Democratic Party control the Senate after the 2026 Midterm elections?,which-party-will-win-the-senate-in-2026
2025-11-07T00:00:19+00:00,D_Senate,0.34,Will the Democratic Party control the Senate after the 2026 Midterm elections?,which-party-will-win-the-senate-in-2026
2025-11-08T00:00:13+00:00,D_Senate,0.345,Will the Democratic Party control the Senate after the 2026 Midterm elections?,which-party-will-win-the-senate-in-2026
2025-11-09T00:00:31+00:00,D_Senate,0.345,Will the Democratic Party control the Senate after the 2026 Midterm elections?,which-party-will-win-the-senate-in-2026
2025-11-10T00:00:13+00:00,D_Senate,0.34,Will the Democratic Party control the Senate after the 2026 Midterm elections?,which-party-will-win-the-senate-in-2026
2025-11-11T00:00:20+00:00,D_Senate,0.335,Will the Democratic Party control the Senate after the 2026 Midterm elections?,which-party-will-win-the-senate-in-2026
2025-11-12T00:00:18+00:00,D_Senate,0.335,Will the Democratic Party control the Senate after the 2026 Midterm elections?,which-party-will-win-the-senate-in-2026
2025-11-13T00:00:18+00:00,D_Senate,0.33,Will the Democratic Party control the Senate after the 2026 Midterm elections?,which-party-will-win-the-senate-in-2026
2025-11-14T00:00:17+00:00,D_Senate,0.345,Will the Democratic Party control the Senate after the 2026 Midterm elections?,which-party-will-win-the-senate-in-2026
2025-11-15T00:00:21+00:00,D_Senate,0.335,Will the Democratic Party control the Senate after the 2026 Midterm elections?,which-party-will-win-the-senate-in-2026
2025-11-16T00:00:14+00:00,D_Senate,0.335,Will the Democratic Party control the Senate after the 2026 Midterm elections?,which-party-will-win-the-senate-in-2026
2025-11-17T00:00:19+00:00,D_Senate,0.335,Will the Democratic Party control the Senate after the 2026 Midterm elections?,which-party-will-win-the-senate-in-2026
2025-11-18T00:00:15+00:00,D_Senate,0.33,Will the Democratic Party control the Senate after the 2026 Midterm elections?,which-party-will-win-the-senate-in-2026
2025-11-19T00:00:22+00:00,D_Senate,0.325,Will the Democratic Party control the Senate after the 2026 Midterm elections?,which-party-will-win-the-senate-in-2026
2025-11-20T00:00:14+00:00,D_Senate,0.34,Will the Democratic Party control the Senate after the 2026 Midterm elections?,which-party-will-win-the-senate-in-2026
2025-11-21T00:00:23+00:00,D_Senate,0.34,Will the Democratic Party control the Senate after the 2026 Midterm elections?,which-party-will-win-the-senate-in-2026
2025-11-22T00:00:15+00:00,D_Senate,0.34,Will the Democratic Party control the Senate after the 2026 Midterm elections?,which-party-will-win-the-senate-in-2026
2025-11-23T00:00:17+00:00,D_Senate,0.34,Will the Democratic Party control the Senate after the 2026 Midterm elections?,which-party-will-win-the-senate-in-2026
2025-11-24T00:00:15+00:00,D_Senate,0.335,Will the Democratic Party control the Senate after the 2026 Midterm elections?,which-party-will-win-the-senate-in-2026
2025-11-25T00:00:20+00:00,D_Senate,0.335,Will the Democratic Party control the Senate after the 2026 Midterm elections?,which-party-will-win-the-senate-in-2026
2025-11-26T00:00:16+00:00,D_Senate,0.335,Will the Democratic Party control the Senate after the 2026 Midterm elections?,which-party-will-win-the-senate-in-2026
2025-11-27T00:00:20+00:00,D_Senate,0.34,Will the Democratic Party control the Senate after the 2026 Midterm elections?,which-party-will-win-the-senate-in-2026
2025-11-28T00:00:19+00:00,D_Senate,0.345,Will the Democratic Party control the Senate after the 2026 Midterm elections?,which-party-will-win-the-senate-in-2026
2025-11-29T00:00:26+00:00,D_Senate,0.34,Will the Democratic Party control the Senate after the 2026 Midterm elections?,which-party-will-win-the-senate-in-2026
2025-11-30T00:00:19+00:00,D_Senate,0.34,Will the Democratic Party control the Senate after the 2026 Midterm elections?,which-party-will-win-the-senate-in-2026
2025-12-01T00:00:22+00:00,D_Senate,0.345,Will the Democratic Party control the Senate after the 2026 Midterm elections?,which-party-will-win-the-senate-in-2026
2025-12-02T00:00:15+00:00,D_Senate,0.345,Will the Democratic Party control the Senate after the 2026 Midterm elections?,which-party-will-win-the-senate-in-2026
2025-12-03T00:00:22+00:00,D_Senate,0.355,Will the Democratic Party control the Senate after the 2026 Midterm elections?,which-party-will-win-the-senate-in-2026
2025-12-04T00:00:15+00:00,D_Senate,0.355,Will the Democratic Party control the Senate after the 2026 Midterm elections?,which-party-will-win-the-senate-in-2026
2025-12-05T00:00:17+00:00,D_Senate,0.345,Will the Democratic Party control the Senate after the 2026 Midterm elections?,which-party-will-win-the-senate-in-2026
2025-12-06T00:00:18+00:00,D_Senate,0.34,Will the Democratic Party control the Senate after the 2026 Midterm elections?,which-party-will-win-the-senate-in-2026
2025-12-07T00:00:30+00:00,D_Senate,0.345,Will the Democratic Party control the Senate after the 2026 Midterm elections?,which-party-will-win-the-senate-in-2026
2025-12-08T00:00:29+00:00,D_Senate,0.345,Will the Democratic Party control the Senate after the 2026 Midterm elections?,which-party-will-win-the-senate-in-2026
2025-12-09T00:00:27+00:00,D_Senate,0.335,Will the Democratic Party control the Senate after the 2026 Midterm elections?,which-party-will-win-the-senate-in-2026
2025-12-10T00:00:15+00:00,D_Senate,0.335,Will the Democratic Party control the Senate after the 2026 Midterm elections?,which-party-will-win-the-senate-in-2026
2025-12-11T00:00:15+00:00,D_Senate,0.345,Will the Democratic Party control the Senate after the 2026 Midterm elections?,which-party-will-win-the-senate-in-2026
2025-12-12T00:00:16+00:00,D_Senate,0.345,Will the Democratic Party control the Senate after the 2026 Midterm elections?,which-party-will-win-the-senate-in-2026
2025-12-13T00:00:18+00:00,D_Senate,0.345,Will the Democratic Party control the Senate after the 2026 Midterm elections?,which-party-will-win-the-senate-in-2026
2025-12-14T00:00:19+00:00,D_Senate,0.345,Will the Democratic Party control the Senate after the 2026 Midterm elections?,which-party-will-win-the-senate-in-2026
2025-12-15T00:00:21+00:00,D_Senate,0.345,Will the Democratic Party control the Senate after the 2026 Midterm elections?,which-party-will-win-the-senate-in-2026
2025-12-16T00:00:17+00:00,D_Senate,0.345,Will the Democratic Party control the Senate after the 2026 Midterm elections?,which-party-will-win-the-senate-in-2026
2025-12-17T00:00:14+00:00,D_Senate,0.345,Will the Democratic Party control the Senate after the 2026 Midterm elections?,which-party-will-win-the-senate-in-2026
2025-12-17T00:00:35+00:00,D_Senate,0.345,Will the Democratic Party control the Senate after the 2026 Midterm elections?,which-party-will-win-the-senate-in-2026
2025-12-18T00:00:25+00:00,D_Senate,0.345,Will the Democratic Party control the Senate after the 2026 Midterm elections?,which-party-will-win-the-senate-in-2026
2025-12-19T00:00:17+00:00,D_Senate,0.345,Will the Democratic Party control the Senate after the 2026 Midterm elections?,which-party-will-win-the-senate-in-2026
2025-12-20T00:00:16+00:00,D_Senate,0.345,Will the Democratic Party control the Senate after the 2026 Midterm elections?,which-party-will-win-the-senate-in-2026
2025-12-21T00:00:17+00:00,D_Senate,0.345,Will the Democratic Party control the Senate after the 2026 Midterm elections?,which-party-will-win-the-senate-in-2026
2025-12-22T00:00:17+00:00,D_Senate,0.355,Will the Democratic Party control the Senate after the 2026 Midterm elections?,which-party-will-win-the-senate-in-2026
2025-12-23T00:00:19+00:00,D_Senate,0.35,Will the Democratic Party control the Senate after the 2026 Midterm elections?,which-party-will-win-the-senate-in-2026
2025-12-24T00:00:18+00:00,D_Senate,0.345,Will the Democratic Party control the Senate after the 2026 Midterm elections?,which-party-will-win-the-senate-in-2026
2025-12-25T00:00:28+00:00,D_Senate,0.345,Will the Democratic Party control the Senate after the 2026 Midterm elections?,which-party-will-win-the-senate-in-2026
2025-12-26T00:00:13+00:00,D_Senate,0.345,Will the Democratic Party control the Senate after the 2026 Midterm elections?,which-party-will-win-the-senate-in-2026
2025-12-27T00:00:17+00:00,D_Senate,0.345,Will the Democratic Party control the Senate after the 2026 Midterm elections?,which-party-will-win-the-senate-in-2026
2025-12-28T00:00:18+00:00,D_Senate,0.345,Will the Democratic Party control the Senate after the 2026 Midterm elections?,which-party-will-win-the-senate-in-2026
2025-12-29T00:00:34+00:00,D_Senate,0.345,Will the Democratic Party control the Senate after the 2026 Midterm elections?,which-party-will-win-the-senate-in-2026
2025-12-30T00:00:21+00:00,D_Senate,0.335,Will the Democratic Party control the Senate after the 2026 Midterm elections?,which-party-will-win-the-senate-in-2026
2025-12-31T00:00:19+00:00,D_Senate,0.345,Will the Democratic Party control the Senate after the 2026 Midterm elections?,which-party-will-win-the-senate-in-2026
2026-01-01T00:00:18+00:00,D_Senate,0.345,Will the Democratic Party control the Senate after the 2026 Midterm elections?,which-party-will-win-the-senate-in-2026
2026-01-02T00:00:17+00:00,D_Senate,0.345,Will the Democratic Party control the Senate after the 2026 Midterm elections?,which-party-will-win-the-senate-in-2026
2026-01-03T00:00:16+00:00,D_Senate,0.345,Will the Democratic Party control the Senate after the 2026 Midterm elections?,which-party-will-win-the-senate-in-2026
2026-01-04T00:00:18+00:00,D_Senate,0.335,Will the Democratic Party control the Senate after the 2026 Midterm elections?,which-party-will-win-the-senate-in-2026
2026-01-05T00:00:21+00:00,D_Senate,0.335,Will the Democratic Party control the Senate after the 2026 Midterm elections?,which-party-will-win-the-senate-in-2026
2026-01-06T00:00:22+00:00,D_Senate,0.335,Will the Democratic Party control the Senate after the 2026 Midterm elections?,which-party-will-win-the-senate-in-2026
2026-01-07T00:00:20+00:00,D_Senate,0.34,Will the Democratic Party control the Senate after the 2026 Midterm elections?,which-party-will-win-the-senate-in-2026
2026-01-08T00:00:35+00:00,D_Senate,0.345,Will the Democratic Party control the Senate after the 2026 Midterm elections?,which-party-will-win-the-senate-in-2026
2026-01-09T00:00:20+00:00,D_Senate,0.345,Will the Democratic Party control the Senate after the 2026 Midterm elections?,which-party-will-win-the-senate-in-2026
2026-01-10T00:00:21+00:00,D_Senate,0.345,Will the Democratic Party control the Senate after the 2026 Midterm elections?,which-party-will-win-the-senate-in-2026
2026-01-11T00:00:18+00:00,D_Senate,0.345,Will the Democratic Party control the Senate after the 2026 Midterm elections?,which-party-will-win-the-senate-in-2026
2026-01-12T00:00:21+00:00,D_Senate,0.345,Will the Democratic Party control the Senate after the 2026 Midterm elections?,which-party-will-win-the-senate-in-2026
2026-01-13T00:00:21+00:00,D_Senate,0.345,Will the Democratic Party control the Senate after the 2026 Midterm elections?,which-party-will-win-the-senate-in-2026
2026-01-14T00:00:22+00:00,D_Senate,0.345,Will the Democratic Party control the Senate after the 2026 Midterm elections?,which-party-will-win-the-senate-in-2026
2026-01-15T00:00:24+00:00,D_Senate,0.345,Will the Democratic Party control the Senate after the 2026 Midterm elections?,which-party-will-win-the-senate-in-2026
2026-01-16T00:00:26+00:00,D_Senate,0.345,Will the Democratic Party control the Senate after the 2026 Midterm elections?,which-party-will-win-the-senate-in-2026
2026-01-17T00:00:24+00:00,D_Senate,0.345,Will the Democratic Party control the Senate after the 2026 Midterm elections?,which-party-will-win-the-senate-in-2026
2026-01-18T00:00:36+00:00,D_Senate,0.345,Will the Democratic Party control the Senate after the 2026 Midterm elections?,which-party-will-win-the-senate-in-2026
2026-01-19T00:00:20+00:00,D_Senate,0.345,Will the Democratic Party control the Senate after the 2026 Midterm elections?,which-party-will-win-the-senate-in-2026
2026-01-20T00:00:22+00:00,D_Senate,0.345,Will the Democratic Party control the Senate after the 2026 Midterm elections?,which-party-will-win-the-senate-in-2026
2026-01-21T00:00:23+00:00,D_Senate,0.345,Will the Democratic Party control the Senate after the 2026 Midterm elections?,which-party-will-win-the-senate-in-2026
2026-01-22T00:00:33+00:00,D_Senate,0.345,Will the Democratic Party control the Senate after the 2026 Midterm elections?,which-party-will-win-the-senate-in-2026
2026-01-23T00:00:40+00:00,D_Senate,0.345,Will the Democratic Party control the Senate after the 2026 Midterm elections?,which-party-will-win-the-senate-in-2026
2026-01-24T00:00:36+00:00,D_Senate,0.345,Will the Democratic Party control the Senate after the 2026 Midterm elections?,which-party-will-win-the-senate-in-2026
2026-01-25T00:00:43+00:00,D_Senate,0.355,Will the Democratic Party control the Senate after the 2026 Midterm elections?,which-party-will-win-the-senate-in-2026
2026-01-26T00:00:42+00:00,D_Senate,0.355,Will the Democratic Party control the Senate after the 2026 Midterm elections?,which-party-will-win-the-senate-in-2026
2026-01-27T00:00:36+00:00,D_Senate,0.355,Will the Democratic Party control the Senate after the 2026 Midterm elections?,which-party-will-win-the-senate-in-2026
2026-01-28T00:00:25+00:00,D_Senate,0.355,Will the Democratic Party control the Senate after the 2026 Midterm elections?,which-party-will-win-the-senate-in-2026
2026-01-29T00:00:40+00:00,D_Senate,0.355,Will the Democratic Party control the Senate after the 2026 Midterm elections?,which-party-will-win-the-senate-in-2026
2026-01-30T00:00:29+00:00,D_Senate,0.355,Will the Democratic Party control the Senate after the 2026 Midterm elections?,which-party-will-win-the-senate-in-2026
2026-01-31T00:00:30+00:00,D_Senate,0.355,Will the Democratic Party control the Senate after the 2026 Midterm elections?,which-party-will-win-the-senate-in-2026
2026-02-01T00:00:35+00:00,D_Senate,0.355,Will the Democratic Party control the Senate after the 2026 Midterm elections?,which-party-will-win-the-senate-in-2026
2026-02-02T00:00:28+00:00,D_Senate,0.355,Will the Democratic Party control the Senate after the 2026 Midterm elections?,which-party-will-win-the-senate-in-2026
2026-02-03T00:00:31+00:00,D_Senate,0.355,Will the Democratic Party control the Senate after the 2026 Midterm elections?,which-party-will-win-the-senate-in-2026
2026-02-04T00:00:41+00:00,D_Senate,0.355,Will the Democratic Party control the Senate after the 2026 Midterm elections?,which-party-will-win-the-senate-in-2026
2026-02-05T00:00:27+00:00,D_Senate,0.355,Will the Democratic Party control the Senate after the 2026 Midterm elections?,which-party-will-win-the-senate-in-2026
2026-02-06T00:00:35+00:00,D_Senate,0.355,Will the Democratic Party control the Senate after the 2026 Midterm elections?,which-party-will-win-the-senate-in-2026
2026-02-07T00:00:42+00:00,D_Senate,0.365,Will the Democratic Party control the Senate after the 2026 Midterm elections?,which-party-will-win-the-senate-in-2026
2026-02-08T00:00:37+00:00,D_Senate,0.375,Will the Democratic Party control the Senate after the 2026 Midterm elections?,which-party-will-win-the-senate-in-2026
2026-02-09T00:00:36+00:00,D_Senate,0.375,Will the Democratic Party control the Senate after the 2026 Midterm elections?,which-party-will-win-the-senate-in-2026
2026-02-10T00:00:40+00:00,D_Senate,0.37,Will the Democratic Party control the Senate after the 2026 Midterm elections?,which-party-will-win-the-senate-in-2026
2026-02-11T00:00:43+00:00,D_Senate,0.375,Will the Democratic Party control the Senate after the 2026 Midterm elections?,which-party-will-win-the-senate-in-2026
2026-02-12T00:00:49+00:00,D_Senate,0.375,Will the Democratic Party control the Senate after the 2026 Midterm elections?,which-party-will-win-the-senate-in-2026
2026-02-13T00:00:39+00:00,D_Senate,0.375,Will the Democratic Party control the Senate after the 2026 Midterm elections?,which-party-will-win-the-senate-in-2026
2026-02-14T00:00:44+00:00,D_Senate,0.375,Will the Democratic Party control the Senate after the 2026 Midterm elections?,which-party-will-win-the-senate-in-2026
2026-02-15T00:00:42+00:00,D_Senate,0.375,Will the Democratic Party control the Senate after the 2026 Midterm elections?,which-party-will-win-the-senate-in-2026
2026-02-16T00:00:53+00:00,D_Senate,0.39,Will the Democratic Party control the Senate after the 2026 Midterm elections?,which-party-will-win-the-senate-in-2026
2026-02-17T00:00:44+00:00,D_Senate,0.4,Will the Democratic Party control the Senate after the 2026 Midterm elections?,which-party-will-win-the-senate-in-2026
2026-02-18T00:00:48+00:00,D_Senate,0.405,Will the Democratic Party control the Senate after the 2026 Midterm elections?,which-party-will-win-the-senate-in-2026
2026-02-19T00:00:51+00:00,D_Senate,0.405,Will the Democratic Party control the Senate after the 2026 Midterm elections?,which-party-will-win-the-senate-in-2026
2026-02-20T00:00:47+00:00,D_Senate,0.405,Will the Democratic Party control the Senate after the 2026 Midterm elections?,which-party-will-win-the-senate-in-2026
2026-02-21T00:00:32+00:00,D_Senate,0.405,Will the Democratic Party control the Senate after the 2026 Midterm elections?,which-party-will-win-the-senate-in-2026
2026-02-22T00:00:32+00:00,D_Senate,0.405,Will the Democratic Party control the Senate after the 2026 Midterm elections?,which-party-will-win-the-senate-in-2026
2026-02-23T00:00:37+00:00,D_Senate,0.405,Will the Democratic Party control the Senate after the 2026 Midterm elections?,which-party-will-win-the-senate-in-2026
2026-02-24T00:00:38+00:00,D_Senate,0.405,Will the Democratic Party control the Senate after the 2026 Midterm elections?,which-party-will-win-the-senate-in-2026
2026-02-25T00:00:43+00:00,D_Senate,0.405,Will the Democratic Party control the Senate after the 2026 Midterm elections?,which-party-will-win-the-senate-in-2026
2026-02-26T00:00:39+00:00,D_Senate,0.405,Will the Democratic Party control the Senate after the 2026 Midterm elections?,which-party-will-win-the-senate-in-2026
2026-02-27T00:00:44+00:00,D_Senate,0.405,Will the Democratic Party control the Senate after the 2026 Midterm elections?,which-party-will-win-the-senate-in-2026
2026-02-28T00:00:43+00:00,D_Senate,0.405,Will the Democratic Party control the Senate after the 2026 Midterm elections?,which-party-will-win-the-senate-in-2026
2026-03-01T00:00:59+00:00,D_Senate,0.405,Will the Democratic Party control the Senate after the 2026 Midterm elections?,which-party-will-win-the-senate-in-2026
2026-03-02T00:00:54+00:00,D_Senate,0.41,Will the Democratic Party control the Senate after the 2026 Midterm elections?,which-party-will-win-the-senate-in-2026
2026-03-03T00:00:48+00:00,D_Senate,0.415,Will the Democratic Party control the Senate after the 2026 Midterm elections?,which-party-will-win-the-senate-in-2026
2026-03-04T00:00:49+00:00,D_Senate,0.425,Will the Democratic Party control the Senate after the 2026 Midterm elections?,which-party-will-win-the-senate-in-2026
2026-03-05T00:00:46+00:00,D_Senate,0.425,Will the Democratic Party control the Senate after the 2026 Midterm elections?,which-party-will-win-the-senate-in-2026
2026-03-06T00:00:44+00:00,D_Senate,0.425,Will the Democratic Party control the Senate after the 2026 Midterm elections?,which-party-will-win-the-senate-in-2026
2026-03-07T00:00:49+00:00,D_Senate,0.435,Will the Democratic Party control the Senate after the 2026 Midterm elections?,which-party-will-win-the-senate-in-2026
2026-03-08T00:00:40+00:00,D_Senate,0.455,Will the Democratic Party control the Senate after the 2026 Midterm elections?,which-party-will-win-the-senate-in-2026
2026-03-09T00:00:35+00:00,D_Senate,0.455,Will the Democratic Party control the Senate after the 2026 Midterm elections?,which-party-will-win-the-senate-in-2026
2026-03-10T00:00:43+00:00,D_Senate,0.465,Will the Democratic Party control the Senate after the 2026 Midterm elections?,which-party-will-win-the-senate-in-2026
2026-03-11T00:00:46+00:00,D_Senate,0.465,Will the Democratic Party control the Senate after the 2026 Midterm elections?,which-party-will-win-the-senate-in-2026
2026-03-12T00:00:48+00:00,D_Senate,0.465,Will the Democratic Party control the Senate after the 2026 Midterm elections?,which-party-will-win-the-senate-in-2026
2026-03-14T00:00:39+00:00,D_Senate,0.515,Will the Democratic Party control the Senate after the 2026 Midterm elections?,which-party-will-win-the-senate-in-2026
2026-03-15T00:00:42+00:00,D_Senate,0.505,Will the Democratic Party control the Senate after the 2026 Midterm elections?,which-party-will-win-the-senate-in-2026
2026-03-16T00:00:53+00:00,D_Senate,0.505,Will the Democratic Party control the Senate after the 2026 Midterm elections?,which-party-will-win-the-senate-in-2026
2026-03-17T00:00:35+00:00,D_Senate,0.505,Will the Democratic Party control the Senate after the 2026 Midterm elections?,which-party-will-win-the-senate-in-2026
2026-03-18T00:00:36+00:00,D_Senate,0.505,Will the Democratic Party control the Senate after the 2026 Midterm elections?,which-party-will-win-the-senate-in-2026
2026-03-19T00:00:45+00:00,D_Senate,0.495,Will the Democratic Party control the Senate after the 2026 Midterm elections?,which-party-will-win-the-senate-in-2026
2026-03-20T00:00:40+00:00,D_Senate,0.495,Will the Democratic Party control the Senate after the 2026 Midterm elections?,which-party-will-win-the-senate-in-2026
2026-03-21T00:00:38+00:00,D_Senate,0.495,Will the Democratic Party control the Senate after the 2026 Midterm elections?,which-party-will-win-the-senate-in-2026
2026-03-22T00:00:36+00:00,D_Senate,0.495,Will the Democratic Party control the Senate after the 2026 Midterm elections?,which-party-will-win-the-senate-in-2026
2026-03-23T00:00:30+00:00,D_Senate,0.465,Will the Democratic Party control the Senate after the 2026 Midterm elections?,which-party-will-win-the-senate-in-2026
2026-03-24T00:00:27+00:00,D_Senate,0.475,Will the Democratic Party control the Senate after the 2026 Midterm elections?,which-party-will-win-the-senate-in-2026
2026-03-25T00:00:42+00:00,D_Senate,0.475,Will the Democratic Party control the Senate after the 2026 Midterm elections?,which-party-will-win-the-senate-in-2026
2026-03-26T00:00:46+00:00,D_Senate,0.475,Will the Democratic Party control the Senate after the 2026 Midterm elections?,which-party-will-win-the-senate-in-2026
2026-03-27T00:00:53+00:00,D_Senate,0.475,Will the Democratic Party control the Senate after the 2026 Midterm elections?,which-party-will-win-the-senate-in-2026
2026-03-28T00:00:57+00:00,D_Senate,0.495,Will the Democratic Party control the Senate after the 2026 Midterm elections?,which-party-will-win-the-senate-in-2026
2026-04-05T00:00:17+00:00,D_Senate,0.52,Will the Democratic Party control the Senate after the 2026 Midterm elections?,which-party-will-win-the-senate-in-2026
2026-04-09T00:00:37+00:00,D_Senate,0.525,Will the Democratic Party control the Senate after the 2026 Midterm elections?,which-party-will-win-the-senate-in-2026
2026-04-12T00:00:13+00:00,D_Senate,0.535,Will the Democratic Party control the Senate after the 2026 Midterm elections?,which-party-will-win-the-senate-in-2026
2026-04-22T00:00:09+00:00,D_Senate,0.515,Will the Democratic Party control the Senate after the 2026 Midterm elections?,which-party-will-win-the-senate-in-2026
2026-04-23T00:00:13+00:00,D_Senate,0.525,Will the Democratic Party control the Senate after the 2026 Midterm elections?,which-party-will-win-the-senate-in-2026
2026-04-24T00:00:23+00:00,D_Senate,0.525,Will the Democratic Party control the Senate after the 2026 Midterm elections?,which-party-will-win-the-senate-in-2026
2026-04-25T00:00:13+00:00,D_Senate,0.525,Will the Democratic Party control the Senate after the 2026 Midterm elections?,which-party-will-win-the-senate-in-2026
2026-04-26T00:00:07+00:00,D_Senate,0.525,Will the Democratic Party control the Senate after the 2026 Midterm elections?,which-party-will-win-the-senate-in-2026
2026-04-27T00:00:08+00:00,D_Senate,0.515,Will the Democratic Party control the Senate after the 2026 Midterm elections?,which-party-will-win-the-senate-in-2026
2026-04-28T00:00:09+00:00,D_Senate,0.515,Will the Democratic Party control the Senate after the 2026 Midterm elections?,which-party-will-win-the-senate-in-2026
2026-04-29T00:00:07+00:00,D_Senate,0.505,Will the Democratic Party control the Senate after the 2026 Midterm elections?,which-party-will-win-the-senate-in-2026
2026-04-30T00:00:13+00:00,D_Senate,0.515,Will the Democratic Party control the Senate after the 2026 Midterm elections?,which-party-will-win-the-senate-in-2026
2026-05-01T00:00:08+00:00,D_Senate,0.515,Will the Democratic Party control the Senate after the 2026 Midterm elections?,which-party-will-win-the-senate-in-2026
2026-05-02T00:00:06+00:00,D_Senate,0.505,Will the Democratic Party control the Senate after the 2026 Midterm elections?,which-party-will-win-the-senate-in-2026
2026-05-03T00:00:06+00:00,D_Senate,0.505,Will the Democratic Party control the Senate after the 2026 Midterm elections?,which-party-will-win-the-senate-in-2026
2026-05-04T00:00:05+00:00,D_Senate,0.505,Will the Democratic Party control the Senate after the 2026 Midterm elections?,which-party-will-win-the-senate-in-2026
2026-05-05T00:00:19+00:00,D_Senate,0.505,Will the Democratic Party control the Senate after the 2026 Midterm elections?,which-party-will-win-the-senate-in-2026
2026-05-06T00:00:09+00:00,D_Senate,0.495,Will the Democratic Party control the Senate after the 2026 Midterm elections?,which-party-will-win-the-senate-in-2026
2026-05-07T00:00:09+00:00,D_Senate,0.475,Will the Democratic Party control the Senate after the 2026 Midterm elections?,which-party-will-win-the-senate-in-2026
2026-05-08T00:00:05+00:00,D_Senate,0.485,Will the Democratic Party control the Senate after the 2026 Midterm elections?,which-party-will-win-the-senate-in-2026
2026-05-09T00:00:23+00:00,D_Senate,0.485,Will the Democratic Party control the Senate after the 2026 Midterm elections?,which-party-will-win-the-senate-in-2026
2026-05-10T00:00:09+00:00,D_Senate,0.465,Will the Democratic Party control the Senate after the 2026 Midterm elections?,which-party-will-win-the-senate-in-2026
2026-05-11T00:00:10+00:00,D_Senate,0.465,Will the Democratic Party control the Senate after the 2026 Midterm elections?,which-party-will-win-the-senate-in-2026
2026-05-12T00:00:10+00:00,D_Senate,0.465,Will the Democratic Party control the Senate after the 2026 Midterm elections?,which-party-will-win-the-senate-in-2026
2026-05-13T00:00:12+00:00,D_Senate,0.465,Will the Democratic Party control the Senate after the 2026 Midterm elections?,which-party-will-win-the-senate-in-2026
2026-05-14T00:00:16+00:00,D_Senate,0.465,Will the Democratic Party control the Senate after the 2026 Midterm elections?,which-party-will-win-the-senate-in-2026
2026-05-15T00:00:09+00:00,D_Senate,0.465,Will the Democratic Party control the Senate after the 2026 Midterm elections?,which-party-will-win-the-senate-in-2026
2026-05-16T00:00:16+00:00,D_Senate,0.465,Will the Democratic Party control the Senate after the 2026 Midterm elections?,which-party-will-win-the-senate-in-2026
2026-05-17T00:00:27+00:00,D_Senate,0.455,Will the Democratic Party control the Senate after the 2026 Midterm elections?,which-party-will-win-the-senate-in-2026
2026-05-18T00:00:10+00:00,D_Senate,0.465,Will the Democratic Party control the Senate after the 2026 Midterm elections?,which-party-will-win-the-senate-in-2026
2026-05-19T00:00:08+00:00,D_Senate,0.475,Will the Democratic Party control the Senate after the 2026 Midterm elections?,which-party-will-win-the-senate-in-2026
2026-05-20T00:00:11+00:00,D_Senate,0.475,Will the Democratic Party control the Senate after the 2026 Midterm elections?,which-party-will-win-the-senate-in-2026
2026-05-21T00:00:13+00:00,D_Senate,0.485,Will the Democratic Party control the Senate after the 2026 Midterm elections?,which-party-will-win-the-senate-in-2026
2026-05-22T00:00:14+00:00,D_Senate,0.485,Will the Democratic Party control the Senate after the 2026 Midterm elections?,which-party-will-win-the-senate-in-2026
2026-05-23T00:00:10+00:00,D_Senate,0.475,Will the Democratic Party control the Senate after the 2026 Midterm elections?,which-party-will-win-the-senate-in-2026
2026-05-24T00:00:06+00:00,D_Senate,0.475,Will the Democratic Party control the Senate after the 2026 Midterm elections?,which-party-will-win-the-senate-in-2026
2026-05-25T00:00:07+00:00,D_Senate,0.475,Will the Democratic Party control the Senate after the 2026 Midterm elections?,which-party-will-win-the-senate-in-2026
2026-05-26T00:00:07+00:00,D_Senate,0.475,Will the Democratic Party control the Senate after the 2026 Midterm elections?,which-party-will-win-the-senate-in-2026
2026-05-27T00:00:08+00:00,D_Senate,0.485,Will the Democratic Party control the Senate after the 2026 Midterm elections?,which-party-will-win-the-senate-in-2026
2026-05-28T00:00:11+00:00,D_Senate,0.485,Will the Democratic Party control the Senate after the 2026 Midterm elections?,which-party-will-win-the-senate-in-2026
2026-05-29T00:00:11+00:00,D_Senate,0.475,Will the Democratic Party control the Senate after the 2026 Midterm elections?,which-party-will-win-the-senate-in-2026
2026-05-30T00:00:21+00:00,D_Senate,0.465,Will the Democratic Party control the Senate after the 2026 Midterm elections?,which-party-will-win-the-senate-in-2026
2026-05-31T00:00:10+00:00,D_Senate,0.465,Will the Democratic Party control the Senate after the 2026 Midterm elections?,which-party-will-win-the-senate-in-2026
2026-06-01T00:00:06+00:00,D_Senate,0.465,Will the Democratic Party control the Senate after the 2026 Midterm elections?,which-party-will-win-the-senate-in-2026
2026-06-02T00:00:08+00:00,D_Senate,0.475,Will the Democratic Party control the Senate after the 2026 Midterm elections?,which-party-will-win-the-senate-in-2026
2026-06-03T00:00:08+00:00,D_Senate,0.465,Will the Democratic Party control the Senate after the 2026 Midterm elections?,which-party-will-win-the-senate-in-2026
2026-06-04T00:00:06+00:00,D_Senate,0.465,Will the Democratic Party control the Senate after the 2026 Midterm elections?,which-party-will-win-the-senate-in-2026
2026-06-05T00:00:19+00:00,D_Senate,0.455,Will the Democratic Party control the Senate after the 2026 Midterm elections?,which-party-will-win-the-senate-in-2026
2026-06-06T00:00:04+00:00,D_Senate,0.455,Will the Democratic Party control the Senate after the 2026 Midterm elections?,which-party-will-win-the-senate-in-2026
2026-06-07T00:00:15+00:00,D_Senate,0.455,Will the Democratic Party control the Senate after the 2026 Midterm elections?,which-party-will-win-the-senate-in-2026
2026-06-08T00:00:05+00:00,D_Senate,0.455,Will the Democratic Party control the Senate after the 2026 Midterm elections?,which-party-will-win-the-senate-in-2026
2026-06-09T00:00:06+00:00,D_Senate,0.455,Will the Democratic Party control the Senate after the 2026 Midterm elections?,which-party-will-win-the-senate-in-2026
2026-06-10T00:00:07+00:00,D_Senate,0.455,Will the Democratic Party control the Senate after the 2026 Midterm elections?,which-party-will-win-the-senate-in-2026
2026-06-11T00:00:11+00:00,D_Senate,0.455,Will the Democratic Party control the Senate after the 2026 Midterm elections?,which-party-will-win-the-senate-in-2026
2026-06-12T00:00:07+00:00,D_Senate,0.445,Will the Democratic Party control the Senate after the 2026 Midterm elections?,which-party-will-win-the-senate-in-2026
2026-06-13T00:00:07+00:00,D_Senate,0.435,Will the Democratic Party control the Senate after the 2026 Midterm elections?,which-party-will-win-the-senate-in-2026
2026-06-14T00:00:10+00:00,D_Senate,0.445,Will the Democratic Party control the Senate after the 2026 Midterm elections?,which-party-will-win-the-senate-in-2026
2026-06-15T00:00:06+00:00,D_Senate,0.445,Will the Democratic Party control the Senate after the 2026 Midterm elections?,which-party-will-win-the-senate-in-2026
2026-06-16T00:00:10+00:00,D_Senate,0.435,Will the Democratic Party control the Senate after the 2026 Midterm elections?,which-party-will-win-the-senate-in-2026
2026-06-17T00:00:08+00:00,D_Senate,0.425,Will the Democratic Party control the Senate after the 2026 Midterm elections?,which-party-will-win-the-senate-in-2026
2026-06-18T00:00:23+00:00,D_Senate,0.425,Will the Democratic Party control the Senate after the 2026 Midterm elections?,which-party-will-win-the-senate-in-2026
2026-06-19T00:00:25+00:00,D_Senate,0.435,Will the Democratic Party control the Senate after the 2026 Midterm elections?,which-party-will-win-the-senate-in-2026
2026-06-20T00:00:07+00:00,D_Senate,0.43,Will the Democratic Party control the Senate after the 2026 Midterm elections?,which-party-will-win-the-senate-in-2026
2026-06-21T00:00:10+00:00,D_Senate,0.435,Will the Democratic Party control the Senate after the 2026 Midterm elections?,which-party-will-win-the-senate-in-2026
2026-06-22T00:00:09+00:00,D_Senate,0.43,Will the Democratic Party control the Senate after the 2026 Midterm elections?,which-party-will-win-the-senate-in-2026
2026-06-23T00:00:08+00:00,D_Senate,0.425,Will the Democratic Party control the Senate after the 2026 Midterm elections?,which-party-will-win-the-senate-in-2026
2026-06-24T00:00:07+00:00,D_Senate,0.435,Will the Democratic Party control the Senate after the 2026 Midterm elections?,which-party-will-win-the-senate-in-2026
2026-06-25T00:00:12+00:00,D_Senate,0.425,Will the Democratic Party control the Senate after the 2026 Midterm elections?,which-party-will-win-the-senate-in-2026
2026-06-26T00:00:07+00:00,D_Senate,0.425,Will the Democratic Party control the Senate after the 2026 Midterm elections?,which-party-will-win-the-senate-in-2026
2026-06-27T00:00:07+00:00,D_Senate,0.425,Will the Democratic Party control the Senate after the 2026 Midterm elections?,which-party-will-win-the-senate-in-2026
2026-06-28T00:00:07+00:00,D_Senate,0.425,Will the Democratic Party control the Senate after the 2026 Midterm elections?,which-party-will-win-the-senate-in-2026
2026-06-29T00:00:06+00:00,D_Senate,0.425,Will the Democratic Party control the Senate after the 2026 Midterm elections?,which-party-will-win-the-senate-in-2026
2026-06-30T00:00:07+00:00,D_Senate,0.415,Will the Democratic Party control the Senate after the 2026 Midterm elections?,which-party-will-win-the-senate-in-2026
2026-07-01T00:00:07+00:00,D_Senate,0.415,Will the Democratic Party control the Senate after the 2026 Midterm elections?,which-party-will-win-the-senate-in-2026
2026-07-02T00:00:11+00:00,D_Senate,0.415,Will the Democratic Party control the Senate after the 2026 Midterm elections?,which-party-will-win-the-senate-in-2026
2026-07-03T00:00:08+00:00,D_Senate,0.445,Will the Democratic Party control the Senate after the 2026 Midterm elections?,which-party-will-win-the-senate-in-2026
2026-07-04T00:00:07+00:00,D_Senate,0.445,Will the Democratic Party control the Senate after the 2026 Midterm elections?,which-party-will-win-the-senate-in-2026
2026-07-05T00:00:07+00:00,D_Senate,0.445,Will the Democratic Party control the Senate after the 2026 Midterm elections?,which-party-will-win-the-senate-in-2026
2026-07-06T00:00:04+00:00,D_Senate,0.445,Will the Democratic Party control the Senate after the 2026 Midterm elections?,which-party-will-win-the-senate-in-2026
2026-07-07T00:00:09+00:00,D_Senate,0.455,Will the Democratic Party control the Senate after the 2026 Midterm elections?,which-party-will-win-the-senate-in-2026
2026-07-08T00:00:06+00:00,D_Senate,0.455,Will the Democratic Party control the Senate after the 2026 Midterm elections?,which-party-will-win-the-senate-in-2026
2026-07-09T00:00:13+00:00,D_Senate,0.465,Will the Democratic Party control the Senate after the 2026 Midterm elections?,which-party-will-win-the-senate-in-2026
2026-07-10T00:00:08+00:00,D_Senate,0.465,Will the Democratic Party control the Senate after the 2026 Midterm elections?,which-party-will-win-the-senate-in-2026
2026-07-11T00:00:08+00:00,D_Senate,0.455,Will the Democratic Party control the Senate after the 2026 Midterm elections?,which-party-will-win-the-senate-in-2026
2026-07-12T00:00:20+00:00,D_Senate,0.465,Will the Democratic Party control the Senate after the 2026 Midterm elections?,which-party-will-win-the-senate-in-2026
2026-07-13T00:00:08+00:00,D_Senate,0.455,Will the Democratic Party control the Senate after the 2026 Midterm elections?,which-party-will-win-the-senate-in-2026
2026-07-14T00:00:08+00:00,D_Senate,0.455,Will the Democratic Party control the Senate after the 2026 Midterm elections?,which-party-will-win-the-senate-in-2026
2026-07-15T00:00:09+00:00,D_Senate,0.455,Will the Democratic Party control the Senate after the 2026 Midterm elections?,which-party-will-win-the-senate-in-2026
2026-07-16T00:00:11+00:00,D_Senate,0.455,Will the Democratic Party control the Senate after the 2026 Midterm elections?,which-party-will-win-the-senate-in-2026
2026-07-17T00:00:10+00:00,D_Senate,0.455,Will the Democratic Party control the Senate after the 2026 Midterm elections?,which-party-will-win-the-senate-in-2026
2026-07-18T00:00:07+00:00,D_Senate,0.445,Will the Democratic Party control the Senate after the 2026 Midterm elections?,which-party-will-win-the-senate-in-2026
2026-07-19T00:00:08+00:00,D_Senate,0.435,Will the Democratic Party control the Senate after the 2026 Midterm elections?,which-party-will-win-the-senate-in-2026
2026-07-20T00:00:24+00:00,D_Senate,0.435,Will the Democratic Party control the Senate after the 2026 Midterm elections?,which-party-will-win-the-senate-in-2026
2026-07-21T00:00:11+00:00,D_Senate,0.435,Will the Democratic Party control the Senate after the 2026 Midterm elections?,which-party-will-win-the-senate-in-2026
2026-07-22T00:00:09+00:00,D_Senate,0.435,Will the Democratic Party control the Senate after the 2026 Midterm elections?,which-party-will-win-the-senate-in-2026
2026-07-23T00:00:17+00:00,D_Senate,0.435,Will the Democratic Party control the Senate after the 2026 Midterm elections?,which-party-will-win-the-senate-in-2026
2026-07-24T00:00:15+00:00,D_Senate,0.435,Will the Democratic Party control the Senate after the 2026 Midterm elections?,which-party-will-win-the-senate-in-2026
2026-07-25T00:00:21+00:00,D_Senate,0.435,Will the Democratic Party control the Senate after the 2026 Midterm elections?,which-party-will-win-the-senate-in-2026
2026-07-26T00:00:15+00:00,D_Senate,0.435,Will the Democratic Party control the Senate after the 2026 Midterm elections?,which-party-will-win-the-senate-in-2026
2026-07-27T00:00:20+00:00,D_Senate,0.435,Will the Democratic Party control the Senate after the 2026 Midterm elections?,which-party-will-win-the-senate-in-2026
2026-07-28T00:00:24+00:00,D_Senate,0.435,Will the Democratic Party control the Senate after the 2026 Midterm elections?,which-party-will-win-the-senate-in-2026
2026-07-30T00:00:24+00:00,D_Senate,0.435,Will the Democratic Party control the Senate after the 2026 Midterm elections?,which-party-will-win-the-senate-in-2026
2026-07-31T00:00:21+00:00,D_Senate,0.435,Will the Democratic Party control the Senate after the 2026 Midterm elections?,which-party-will-win-the-senate-in-2026
2026-08-01T00:00:12+00:00,D_Senate,0.435,Will the Democratic Party control the Senate after the 2026 Midterm elections?,which-party-will-win-the-senate-in-2026
2026-08-02T00:00:13+00:00,D_Senate,0.445,Will the Democratic Party control the Senate after the 2026 Midterm elections?,which-party-will-win-the-senate-in-2026
2026-08-03T00:00:10+00:00,D_Senate,0.445,Will the Democratic Party control the Senate after the 2026 Midterm elections?,which-party-will-win-the-senate-in-2026
2026-08-04T00:00:12+00:00,D_Senate,0.445,Will the Democratic Party control the Senate after the 2026 Midterm elections?,which-party-will-win-the-senate-in-2026
2026-08-05T00:00:13+00:00,D_Senate,0.445,Will the Democratic Party control the Senate after the 2026 Midterm elections?,which-party-will-win-the-senate-in-2026
2026-08-06T00:00:11+00:00,D_Senate,0.445,Will the Democratic Party control the Senate after the 2026 Midterm elections?,which-party-will-win-the-senate-in-2026
2026-08-07T00:00:12+00:00,D_Senate,0.455,Will the Democratic Party control the Senate after the 2026 Midterm elections?,which-party-will-win-the-senate-in-2026
2026-08-08T00:00:16+00:00,D_Senate,0.455,Will the Democratic Party control the Senate after the 2026 Midterm elections?,which-party-will-win-the-senate-in-2026
2026-08-09T00:00:26+00:00,D_Senate,0.455,Will the Democratic Party control the Senate after the 2026 Midterm elections?,which-party-will-win-the-senate-in-2026
2026-08-10T00:00:18+00:00,D_Senate,0.455,Will the Democratic Party control the Senate after the 2026 Midterm elections?,which-party-will-win-the-senate-in-2026
2026-08-11T00:00:22+00:00,D_Senate,0.465,Will the Democratic Party control the Senate after the 2026 Midterm elections?,which-party-will-win-the-senate-in-2026
2026-08-12T00:00:14+00:00,D_Senate,0.505,Will the Democratic Party control the Senate after the 2026 Midterm elections?,which-party-will-win-the-senate-in-2026
2026-08-13T00:00:19+00:00,D_Senate,0.525,Will the Democratic Party control the Senate after the 2026 Midterm elections?,which-party-will-win-the-senate-in-2026
2026-08-14T00:00:18+00:00,D_Senate,0.525,Will the Democratic Party control the Senate after the 2026 Midterm elections?,which-party-will-win-the-senate-in-2026
2026-08-15T00:00:17+00:00,D_Senate,0.525,Will the Democratic Party control the Senate after the 2026 Midterm elections?,which-party-will-win-the-senate-in-2026
2026-08-16T00:00:18+00:00,D_Senate,0.525,Will the Democratic Party control the Senate after the 2026 Midterm elections?,which-party-will-win-the-senate-in-2026
2026-08-17T00:00:20+00:00,D_Senate,0.525,Will the Democratic Party control the Senate after the 2026 Midterm elections?,which-party-will-win-the-senate-in-2026
2026-08-18T00:00:30+00:00,D_Senate,0.505,Will the Democratic Party control the Senate after the 2026 Midterm elections?,which-party-will-win-the-senate-in-2026
2026-08-19T00:00:19+00:00,D_Senate,0.515,Will the Democratic Party control the Senate after the 2026 Midterm elections?,which-party-will-win-the-senate-in-2026
2026-08-20T00:00:23+00:00,D_Senate,0.505,Will the Democratic Party control the Senate after the 2026 Midterm elections?,which-party-will-win-the-senate-in-2026
2026-08-21T00:00:20+00:00,D_Senate,0.505,Will the Democratic Party control the Senate after the 2026 Midterm elections?,which-party-will-win-the-senate-in-2026
2026-08-22T00:00:19+00:00,D_Senate,0.505,Will the Democratic Party control the Senate after the 2026 Midterm elections?,which-party-will-win-the-senate-in-2026
2026-08-23T00:00:17+00:00,D_Senate,0.505,Will the Democratic Party control the Senate after the 2026 Midterm elections?,which-party-will-win-the-senate-in-2026
2026-08-24T00:00:21+00:00,D_Senate,0.495,Will the Democratic Party control the Senate after the 2026 Midterm elections?,which-party-will-win-the-senate-in-2026
2026-08-25T00:00:19+00:00,D_Senate,0.495,Will the Democratic Party control the Senate after the 2026 Midterm elections?,which-party-will-win-the-senate-in-2026
2026-08-26T00:00:20+00:00,D_Senate,0.495,Will the Democratic Party control the Senate after the 2026 Midterm elections?,which-party-will-win-the-senate-in-2026
2026-08-27T00:00:21+00:00,D_Senate,0.505,Will the Democratic Party control the Senate after the 2026 Midterm elections?,which-party-will-win-the-senate-in-2026
2026-08-28T00:00:20+00:00,D_Senate,0.505,Will the Democratic Party control the Senate after the 2026 Midterm elections?,which-party-will-win-the-senate-in-2026
2026-08-29T00:00:21+00:00,D_Senate,0.505,Will the Democratic Party control the Senate after the 2026 Midterm elections?,which-party-will-win-the-senate-in-2026
2026-08-30T00:00:20+00:00,D_Senate,0.505,Will the Democratic Party control the Senate after the 2026 Midterm elections?,which-party-will-win-the-senate-in-2026
2026-08-31T00:00:20+00:00,D_Senate,0.505,Will the Democratic Party control the Senate after the 2026 Midterm elections?,which-party-will-win-the-senate-in-2026
2026-09-01T00:00:31+00:00,D_Senate,0.505,Will the Democratic Party control the Senate after the 2026 Midterm elections?,which-party-will-win-the-senate-in-2026
2026-09-02T00:00:19+00:00,D_Senate,0.505,Will the Democratic Party control the Senate after the 2026 Midterm elections?,which-party-will-win-the-senate-in-2026
2026-09-03T00:00:23+00:00,D_Senate,0.515,Will the Democratic Party control the Senate after the 2026 Midterm elections?,which-party-will-win-the-senate-in-2026
2026-09-04T00:00:18+00:00,D_Senate,0.515,Will the Democratic Party control the Senate after the 2026 Midterm elections?,which-party-will-win-the-senate-in-2026
2026-09-05T00:00:18+00:00,D_Senate,0.515,Will the Democratic Party control the Senate after the 2026 Midterm elections?,which-party-will-win-the-senate-in-2026
2026-09-06T00:00:24+00:00,D_Senate,0.515,Will the Democratic Party control the Senate after the 2026 Midterm elections?,which-party-will-win-the-senate-in-2026
2026-09-07T00:00:32+00:00,D_Senate,0.515,Will the Democratic Party control the Senate after the 2026 Midterm elections?,which-party-will-win-the-senate-in-2026
2026-09-08T00:00:16+00:00,D_Senate,0.515,Will the Democratic Party control the Senate after the 2026 Midterm elections?,which-party-will-win-the-senate-in-2026
2026-09-09T00:00:24+00:00,D_Senate,0.525,Will the Democratic Party control the Senate after the 2026 Midterm elections?,which-party-will-win-the-senate-in-2026
2026-09-10T00:00:18+00:00,D_Senate,0.525,Will the Democratic Party control the Senate after the 2026 Midterm elections?,which-party-will-win-the-senate-in-2026
2026-09-11T00:00:20+00:00,D_Senate,0.525,Will the Democratic Party control the Senate after the 2026 Midterm elections?,which-party-will-win-the-senate-in-2026
2026-09-12T00:00:20+00:00,D_Senate,0.525,Will the Democratic Party control the Senate after the 2026 Midterm elections?,which-party-will-win-the-senate-in-2026
2026-09-13T00:00:19+00:00,D_Senate,0.535,Will the Democratic Party control the Senate after the 2026 Midterm elections?,which-party-will-win-the-senate-in-2026
2026-09-14T00:00:17+00:00,D_Senate,0.525,Will the Democratic Party control the Senate after the 2026 Midterm elections?,which-party-will-win-the-senate-in-2026
2026-09-15T00:00:15+00:00,D_Senate,0.535,Will the Democratic Party control the Senate after the 2026 Midterm elections?,which-party-will-win-the-senate-in-2026
2026-09-16T00:00:17+00:00,D_Senate,0.585,Will the Democratic Party control the Senate after the 2026 Midterm elections?,which-party-will-win-the-senate-in-2026
2026-09-17T00:00:18+00:00,D_Senate,0.585,Will the Democratic Party control the Senate after the 2026 Midterm elections?,which-party-will-win-the-senate-in-2026
2026-09-18T00:00:21+00:00,D_Senate,0.595,Will the Democratic Party control the Senate after the 2026 Midterm elections?,which-party-will-win-the-senate-in-2026
2026-09-19T00:00:22+00:00,D_Senate,0.605,Will the Democratic Party control the Senate after the 2026 Midterm elections?,which-party-will-win-the-senate-in-2026
2026-09-20T00:00:21+00:00,D_Senate,0.605,Will the Democratic Party control the Senate after the 2026 Midterm elections?,which-party-will-win-the-senate-in-2026
2026-09-21T00:00:18+00:00,D_Senate,0.605,Will the Democratic Party control the Senate after the 2026 Midterm elections?,which-party-will-win-the-senate-in-2026
2026-09-22T00:00:19+00:00,D_Senate,0.635,Will the Democratic Party control the Senate after the 2026 Midterm elections?,which-party-will-win-the-senate-in-2026
2026-09-23T00:00:20+00:00,D_Senate,0.655,Will the Democratic Party control the Senate after the 2026 Midterm elections?,which-party-will-win-the-senate-in-2026
2026-09-24T00:00:31+00:00,D_Senate,0.665,Will the Democratic Party control the Senate after the 2026 Midterm elections?,which-party-will-win-the-senate-in-2026
2026-09-25T00:00:23+00:00,D_Senate,0.625,Will the Democratic Party control the Senate after the 2026 Midterm elections?,which-party-will-win-the-senate-in-2026
2026-09-26T00:00:19+00:00,D_Senate,0.625,Will the Democratic Party control the Senate after the 2026 Midterm elections?,which-party-will-win-the-senate-in-2026
2026-09-27T00:00:18+00:00,D_Senate,0.625,Will the Democratic Party control the Senate after the 2026 Midterm elections?,which-party-will-win-the-senate-in-2026
2026-09-28T00:00:32+00:00,D_Senate,0.625,Will the Democratic Party control the Senate after the 2026 Midterm elections?,which-party-will-win-the-senate-in-2026
2026-09-29T00:00:19+00:00,D_Senate,0.625,Will the Democratic Party control the Senate after the 2026 Midterm elections?,which-party-will-win-the-senate-in-2026
2026-09-30T00:00:21+00:00,D_Senate,0.625,Will the Democratic Party control the Senate after the 2026 Midterm elections?,which-party-will-win-the-senate-in-2026
2026-10-01T00:00:22+00:00,D_Senate,0.625,Will the Democratic Party control the Senate after the 2026 Midterm elections?,which-party-will-win-the-senate-in-2026
2026-10-02T00:00:20+00:00,D_Senate,0.625,Will the Democratic Party control the Senate after the 2026 Midterm elections?,which-party-will-win-the-senate-in-2026
2026-10-03T00:00:24+00:00,D_Senate,0.645,Will the Democratic Party control the Senate after the 2026 Midterm elections?,which-party-will-win-the-senate-in-2026
2026-10-04T00:00:20+00:00,D_Senate,0.645,Will the Democratic Party control the Senate after the 2026 Midterm elections?,which-party-will-win-the-senate-in-2026
2026-10-05T00:00:24+00:00,D_Senate,0.675,Will the Democratic Party control the Senate after the 2026 Midterm elections?,which-party-will-win-the-senate-in-2026
2026-10-06T00:00:22+00:00,D_Senate,0.655,Will the Democratic Party control the Senate after the 2026 Midterm elections?,which-party-will-win-the-senate-in-2026
2026-10-06T16:02:15+00:00,D_Senate,0.645,Will the Democratic Party control the Senate after the 2026 Midterm elections?,which-party-will-win-the-senate-in-2026
2025-07-19T00:00:09+00:00,R_Senate,0.55,Will the Republican Party control the Senate after the 2026 Midterm elections?,which-party-will-win-the-senate-in-2026
2025-07-20T00:00:08+00:00,R_Senate,0.705,Will the Republican Party control the Senate after the 2026 Midterm elections?,which-party-will-win-the-senate-in-2026
2025-07-21T00:00:07+00:00,R_Senate,0.705,Will the Republican Party control the Senate after the 2026 Midterm elections?,which-party-will-win-the-senate-in-2026
2025-07-22T00:00:09+00:00,R_Senate,0.71,Will the Republican Party control the Senate after the 2026 Midterm elections?,which-party-will-win-the-senate-in-2026
2025-07-23T00:00:09+00:00,R_Senate,0.715,Will the Republican Party control the Senate after the 2026 Midterm elections?,which-party-will-win-the-senate-in-2026
2025-07-24T00:00:09+00:00,R_Senate,0.71,Will the Republican Party control the Senate after the 2026 Midterm elections?,which-party-will-win-the-senate-in-2026
2025-07-25T00:00:09+00:00,R_Senate,0.71,Will the Republican Party control the Senate after the 2026 Midterm elections?,which-party-will-win-the-senate-in-2026
2025-07-26T00:00:09+00:00,R_Senate,0.71,Will the Republican Party control the Senate after the 2026 Midterm elections?,which-party-will-win-the-senate-in-2026
2025-07-27T00:00:10+00:00,R_Senate,0.71,Will the Republican Party control the Senate after the 2026 Midterm elections?,which-party-will-win-the-senate-in-2026
2025-07-28T00:00:09+00:00,R_Senate,0.715,Will the Republican Party control the Senate after the 2026 Midterm elections?,which-party-will-win-the-senate-in-2026
2025-07-29T00:00:10+00:00,R_Senate,0.715,Will the Republican Party control the Senate after the 2026 Midterm elections?,which-party-will-win-the-senate-in-2026
2025-07-30T00:00:10+00:00,R_Senate,0.715,Will the Republican Party control the Senate after the 2026 Midterm elections?,which-party-will-win-the-senate-in-2026
2025-07-31T00:00:08+00:00,R_Senate,0.715,Will the Republican Party control the Senate after the 2026 Midterm elections?,which-party-will-win-the-senate-in-2026
2025-08-01T00:00:09+00:00,R_Senate,0.715,Will the Republican Party control the Senate after the 2026 Midterm elections?,which-party-will-win-the-senate-in-2026
2025-08-02T00:00:09+00:00,R_Senate,0.715,Will the Republican Party control the Senate after the 2026 Midterm elections?,which-party-will-win-the-senate-in-2026
2025-08-03T00:00:08+00:00,R_Senate,0.715,Will the Republican Party control the Senate after the 2026 Midterm elections?,which-party-will-win-the-senate-in-2026
2025-08-04T00:00:07+00:00,R_Senate,0.715,Will the Republican Party control the Senate after the 2026 Midterm elections?,which-party-will-win-the-senate-in-2026
2025-08-05T00:00:08+00:00,R_Senate,0.715,Will the Republican Party control the Senate after the 2026 Midterm elections?,which-party-will-win-the-senate-in-2026
2025-08-06T00:00:09+00:00,R_Senate,0.715,Will the Republican Party control the Senate after the 2026 Midterm elections?,which-party-will-win-the-senate-in-2026
2025-08-07T00:00:06+00:00,R_Senate,0.715,Will the Republican Party control the Senate after the 2026 Midterm elections?,which-party-will-win-the-senate-in-2026
2025-08-08T00:00:05+00:00,R_Senate,0.715,Will the Republican Party control the Senate after the 2026 Midterm elections?,which-party-will-win-the-senate-in-2026
2025-08-09T00:00:10+00:00,R_Senate,0.715,Will the Republican Party control the Senate after the 2026 Midterm elections?,which-party-will-win-the-senate-in-2026
2025-08-10T00:00:06+00:00,R_Senate,0.715,Will the Republican Party control the Senate after the 2026 Midterm elections?,which-party-will-win-the-senate-in-2026
2025-08-11T00:00:14+00:00,R_Senate,0.715,Will the Republican Party control the Senate after the 2026 Midterm elections?,which-party-will-win-the-senate-in-2026
2025-08-12T00:00:05+00:00,R_Senate,0.715,Will the Republican Party control the Senate after the 2026 Midterm elections?,which-party-will-win-the-senate-in-2026
2025-08-13T00:00:13+00:00,R_Senate,0.71,Will the Republican Party control the Senate after the 2026 Midterm elections?,which-party-will-win-the-senate-in-2026
2025-08-14T00:00:06+00:00,R_Senate,0.71,Will the Republican Party control the Senate after the 2026 Midterm elections?,which-party-will-win-the-senate-in-2026
2025-08-15T00:00:15+00:00,R_Senate,0.71,Will the Republican Party control the Senate after the 2026 Midterm elections?,which-party-will-win-the-senate-in-2026
2025-08-16T00:00:04+00:00,R_Senate,0.71,Will the Republican Party control the Senate after the 2026 Midterm elections?,which-party-will-win-the-senate-in-2026
2025-08-17T00:00:05+00:00,R_Senate,0.71,Will the Republican Party control the Senate after the 2026 Midterm elections?,which-party-will-win-the-senate-in-2026
2025-08-18T00:00:02+00:00,R_Senate,0.71,Will the Republican Party control the Senate after the 2026 Midterm elections?,which-party-will-win-the-senate-in-2026
2025-08-19T00:00:12+00:00,R_Senate,0.71,Will the Republican Party control the Senate after the 2026 Midterm elections?,which-party-will-win-the-senate-in-2026
2025-08-20T00:00:07+00:00,R_Senate,0.71,Will the Republican Party control the Senate after the 2026 Midterm elections?,which-party-will-win-the-senate-in-2026
2025-08-21T00:00:06+00:00,R_Senate,0.71,Will the Republican Party control the Senate after the 2026 Midterm elections?,which-party-will-win-the-senate-in-2026
2025-08-22T00:00:08+00:00,R_Senate,0.71,Will the Republican Party control the Senate after the 2026 Midterm elections?,which-party-will-win-the-senate-in-2026
2025-08-23T00:00:13+00:00,R_Senate,0.71,Will the Republican Party control the Senate after the 2026 Midterm elections?,which-party-will-win-the-senate-in-2026
2025-08-24T00:00:04+00:00,R_Senate,0.71,Will the Republican Party control the Senate after the 2026 Midterm elections?,which-party-will-win-the-senate-in-2026
2025-08-25T00:00:10+00:00,R_Senate,0.71,Will the Republican Party control the Senate after the 2026 Midterm elections?,which-party-will-win-the-senate-in-2026
2025-08-26T00:00:07+00:00,R_Senate,0.71,Will the Republican Party control the Senate after the 2026 Midterm elections?,which-party-will-win-the-senate-in-2026
2025-08-27T00:00:07+00:00,R_Senate,0.71,Will the Republican Party control the Senate after the 2026 Midterm elections?,which-party-will-win-the-senate-in-2026
2025-08-28T00:00:10+00:00,R_Senate,0.71,Will the Republican Party control the Senate after the 2026 Midterm elections?,which-party-will-win-the-senate-in-2026
2025-08-29T00:00:10+00:00,R_Senate,0.71,Will the Republican Party control the Senate after the 2026 Midterm elections?,which-party-will-win-the-senate-in-2026
2025-08-30T00:00:09+00:00,R_Senate,0.705,Will the Republican Party control the Senate after the 2026 Midterm elections?,which-party-will-win-the-senate-in-2026
2025-08-31T00:00:16+00:00,R_Senate,0.705,Will the Republican Party control the Senate after the 2026 Midterm elections?,which-party-will-win-the-senate-in-2026
2025-09-01T00:00:11+00:00,R_Senate,0.705,Will the Republican Party control the Senate after the 2026 Midterm elections?,which-party-will-win-the-senate-in-2026
2025-09-02T00:00:15+00:00,R_Senate,0.705,Will the Republican Party control the Senate after the 2026 Midterm elections?,which-party-will-win-the-senate-in-2026
2025-09-03T00:00:10+00:00,R_Senate,0.705,Will the Republican Party control the Senate after the 2026 Midterm elections?,which-party-will-win-the-senate-in-2026
2025-09-04T00:00:11+00:00,R_Senate,0.715,Will the Republican Party control the Senate after the 2026 Midterm elections?,which-party-will-win-the-senate-in-2026
2025-09-05T00:00:12+00:00,R_Senate,0.71,Will the Republican Party control the Senate after the 2026 Midterm elections?,which-party-will-win-the-senate-in-2026
2025-09-06T00:00:19+00:00,R_Senate,0.71,Will the Republican Party control the Senate after the 2026 Midterm elections?,which-party-will-win-the-senate-in-2026
2025-09-07T00:00:06+00:00,R_Senate,0.71,Will the Republican Party control the Senate after the 2026 Midterm elections?,which-party-will-win-the-senate-in-2026
2025-09-08T00:00:15+00:00,R_Senate,0.71,Will the Republican Party control the Senate after the 2026 Midterm elections?,which-party-will-win-the-senate-in-2026
2025-09-09T00:00:11+00:00,R_Senate,0.71,Will the Republican Party control the Senate after the 2026 Midterm elections?,which-party-will-win-the-senate-in-2026
2025-09-10T00:00:13+00:00,R_Senate,0.71,Will the Republican Party control the Senate after the 2026 Midterm elections?,which-party-will-win-the-senate-in-2026
2025-09-11T00:00:06+00:00,R_Senate,0.71,Will the Republican Party control the Senate after the 2026 Midterm elections?,which-party-will-win-the-senate-in-2026
2025-09-12T00:00:24+00:00,R_Senate,0.71,Will the Republican Party control the Senate after the 2026 Midterm elections?,which-party-will-win-the-senate-in-2026
2025-09-13T00:00:08+00:00,R_Senate,0.71,Will the Republican Party control the Senate after the 2026 Midterm elections?,which-party-will-win-the-senate-in-2026
2025-09-14T00:00:13+00:00,R_Senate,0.71,Will the Republican Party control the Senate after the 2026 Midterm elections?,which-party-will-win-the-senate-in-2026
2025-09-15T00:00:07+00:00,R_Senate,0.71,Will the Republican Party control the Senate after the 2026 Midterm elections?,which-party-will-win-the-senate-in-2026
2025-09-16T00:00:05+00:00,R_Senate,0.71,Will the Republican Party control the Senate after the 2026 Midterm elections?,which-party-will-win-the-senate-in-2026
2025-09-17T00:00:21+00:00,R_Senate,0.71,Will the Republican Party control the Senate after the 2026 Midterm elections?,which-party-will-win-the-senate-in-2026
2025-09-18T00:00:08+00:00,R_Senate,0.71,Will the Republican Party control the Senate after the 2026 Midterm elections?,which-party-will-win-the-senate-in-2026
2025-09-19T00:00:04+00:00,R_Senate,0.72,Will the Republican Party control the Senate after the 2026 Midterm elections?,which-party-will-win-the-senate-in-2026
2025-09-20T00:00:08+00:00,R_Senate,0.72,Will the Republican Party control the Senate after the 2026 Midterm elections?,which-party-will-win-the-senate-in-2026
2025-09-21T00:00:07+00:00,R_Senate,0.72,Will the Republican Party control the Senate after the 2026 Midterm elections?,which-party-will-win-the-senate-in-2026
2025-09-22T00:00:07+00:00,R_Senate,0.72,Will the Republican Party control the Senate after the 2026 Midterm elections?,which-party-will-win-the-senate-in-2026
2025-09-23T00:00:09+00:00,R_Senate,0.72,Will the Republican Party control the Senate after the 2026 Midterm elections?,which-party-will-win-the-senate-in-2026
2025-09-24T00:00:17+00:00,R_Senate,0.72,Will the Republican Party control the Senate after the 2026 Midterm elections?,which-party-will-win-the-senate-in-2026
2025-09-25T00:00:06+00:00,R_Senate,0.725,Will the Republican Party control the Senate after the 2026 Midterm elections?,which-party-will-win-the-senate-in-2026
2025-09-26T00:00:07+00:00,R_Senate,0.725,Will the Republican Party control the Senate after the 2026 Midterm elections?,which-party-will-win-the-senate-in-2026
2025-09-27T00:00:08+00:00,R_Senate,0.725,Will the Republican Party control the Senate after the 2026 Midterm elections?,which-party-will-win-the-senate-in-2026
2025-09-28T00:00:08+00:00,R_Senate,0.725,Will the Republican Party control the Senate after the 2026 Midterm elections?,which-party-will-win-the-senate-in-2026
2025-09-29T00:00:06+00:00,R_Senate,0.725,Will the Republican Party control the Senate after the 2026 Midterm elections?,which-party-will-win-the-senate-in-2026
2025-09-30T00:00:11+00:00,R_Senate,0.725,Will the Republican Party control the Senate after the 2026 Midterm elections?,which-party-will-win-the-senate-in-2026
2025-10-01T00:00:02+00:00,R_Senate,0.725,Will the Republican Party control the Senate after the 2026 Midterm elections?,which-party-will-win-the-senate-in-2026
2025-10-02T00:00:05+00:00,R_Senate,0.73,Will the Republican Party control the Senate after the 2026 Midterm elections?,which-party-will-win-the-senate-in-2026
2025-10-03T00:00:09+00:00,R_Senate,0.73,Will the Republican Party control the Senate after the 2026 Midterm elections?,which-party-will-win-the-senate-in-2026
2025-10-04T00:00:06+00:00,R_Senate,0.735,Will the Republican Party control the Senate after the 2026 Midterm elections?,which-party-will-win-the-senate-in-2026
2025-10-05T00:00:07+00:00,R_Senate,0.735,Will the Republican Party control the Senate after the 2026 Midterm elections?,which-party-will-win-the-senate-in-2026
2025-10-06T00:00:10+00:00,R_Senate,0.735,Will the Republican Party control the Senate after the 2026 Midterm elections?,which-party-will-win-the-senate-in-2026
2025-10-07T00:00:03+00:00,R_Senate,0.735,Will the Republican Party control the Senate after the 2026 Midterm elections?,which-party-will-win-the-senate-in-2026
2025-10-08T00:00:13+00:00,R_Senate,0.735,Will the Republican Party control the Senate after the 2026 Midterm elections?,which-party-will-win-the-senate-in-2026
2025-10-09T00:00:09+00:00,R_Senate,0.735,Will the Republican Party control the Senate after the 2026 Midterm elections?,which-party-will-win-the-senate-in-2026
2025-10-10T00:00:09+00:00,R_Senate,0.735,Will the Republican Party control the Senate after the 2026 Midterm elections?,which-party-will-win-the-senate-in-2026
2025-10-11T00:00:15+00:00,R_Senate,0.735,Will the Republican Party control the Senate after the 2026 Midterm elections?,which-party-will-win-the-senate-in-2026
2025-10-12T00:00:07+00:00,R_Senate,0.735,Will the Republican Party control the Senate after the 2026 Midterm elections?,which-party-will-win-the-senate-in-2026
2025-10-13T00:00:09+00:00,R_Senate,0.735,Will the Republican Party control the Senate after the 2026 Midterm elections?,which-party-will-win-the-senate-in-2026
2025-10-14T00:00:07+00:00,R_Senate,0.735,Will the Republican Party control the Senate after the 2026 Midterm elections?,which-party-will-win-the-senate-in-2026
2025-10-15T00:00:16+00:00,R_Senate,0.735,Will the Republican Party control the Senate after the 2026 Midterm elections?,which-party-will-win-the-senate-in-2026
2025-10-16T00:00:16+00:00,R_Senate,0.735,Will the Republican Party control the Senate after the 2026 Midterm elections?,which-party-will-win-the-senate-in-2026
2025-10-17T00:00:04+00:00,R_Senate,0.735,Will the Republican Party control the Senate after the 2026 Midterm elections?,which-party-will-win-the-senate-in-2026
2025-10-18T00:00:13+00:00,R_Senate,0.735,Will the Republican Party control the Senate after the 2026 Midterm elections?,which-party-will-win-the-senate-in-2026
2025-10-19T00:00:17+00:00,R_Senate,0.735,Will the Republican Party control the Senate after the 2026 Midterm elections?,which-party-will-win-the-senate-in-2026
2025-10-20T00:00:10+00:00,R_Senate,0.735,Will the Republican Party control the Senate after the 2026 Midterm elections?,which-party-will-win-the-senate-in-2026
2025-10-21T00:00:19+00:00,R_Senate,0.735,Will the Republican Party control the Senate after the 2026 Midterm elections?,which-party-will-win-the-senate-in-2026
2025-10-22T00:00:10+00:00,R_Senate,0.745,Will the Republican Party control the Senate after the 2026 Midterm elections?,which-party-will-win-the-senate-in-2026
2025-10-23T00:00:07+00:00,R_Senate,0.745,Will the Republican Party control the Senate after the 2026 Midterm elections?,which-party-will-win-the-senate-in-2026
2025-10-24T00:00:08+00:00,R_Senate,0.745,Will the Republican Party control the Senate after the 2026 Midterm elections?,which-party-will-win-the-senate-in-2026
2025-10-25T00:00:09+00:00,R_Senate,0.745,Will the Republican Party control the Senate after the 2026 Midterm elections?,which-party-will-win-the-senate-in-2026
2025-10-26T00:00:09+00:00,R_Senate,0.75,Will the Republican Party control the Senate after the 2026 Midterm elections?,which-party-will-win-the-senate-in-2026
2025-10-27T00:00:09+00:00,R_Senate,0.75,Will the Republican Party control the Senate after the 2026 Midterm elections?,which-party-will-win-the-senate-in-2026
2025-10-28T00:00:10+00:00,R_Senate,0.745,Will the Republican Party control the Senate after the 2026 Midterm elections?,which-party-will-win-the-senate-in-2026
2025-10-29T00:00:09+00:00,R_Senate,0.745,Will the Republican Party control the Senate after the 2026 Midterm elections?,which-party-will-win-the-senate-in-2026
2025-10-30T00:00:10+00:00,R_Senate,0.725,Will the Republican Party control the Senate after the 2026 Midterm elections?,which-party-will-win-the-senate-in-2026
2025-10-31T00:00:07+00:00,R_Senate,0.715,Will the Republican Party control the Senate after the 2026 Midterm elections?,which-party-will-win-the-senate-in-2026
2025-11-01T00:00:09+00:00,R_Senate,0.715,Will the Republican Party control the Senate after the 2026 Midterm elections?,which-party-will-win-the-senate-in-2026
2025-11-02T00:00:08+00:00,R_Senate,0.72,Will the Republican Party control the Senate after the 2026 Midterm elections?,which-party-will-win-the-senate-in-2026
2025-11-03T00:00:07+00:00,R_Senate,0.715,Will the Republican Party control the Senate after the 2026 Midterm elections?,which-party-will-win-the-senate-in-2026
2025-11-04T00:00:09+00:00,R_Senate,0.71,Will the Republican Party control the Senate after the 2026 Midterm elections?,which-party-will-win-the-senate-in-2026
2025-11-05T00:00:08+00:00,R_Senate,0.71,Will the Republican Party control the Senate after the 2026 Midterm elections?,which-party-will-win-the-senate-in-2026
2025-11-06T00:00:05+00:00,R_Senate,0.655,Will the Republican Party control the Senate after the 2026 Midterm elections?,which-party-will-win-the-senate-in-2026
2025-11-07T00:00:08+00:00,R_Senate,0.655,Will the Republican Party control the Senate after the 2026 Midterm elections?,which-party-will-win-the-senate-in-2026
2025-11-08T00:00:07+00:00,R_Senate,0.655,Will the Republican Party control the Senate after the 2026 Midterm elections?,which-party-will-win-the-senate-in-2026
2025-11-09T00:00:21+00:00,R_Senate,0.665,Will the Republican Party control the Senate after the 2026 Midterm elections?,which-party-will-win-the-senate-in-2026
2025-11-10T00:00:07+00:00,R_Senate,0.665,Will the Republican Party control the Senate after the 2026 Midterm elections?,which-party-will-win-the-senate-in-2026
2025-11-11T00:00:10+00:00,R_Senate,0.665,Will the Republican Party control the Senate after the 2026 Midterm elections?,which-party-will-win-the-senate-in-2026
2025-11-12T00:00:10+00:00,R_Senate,0.665,Will the Republican Party control the Senate after the 2026 Midterm elections?,which-party-will-win-the-senate-in-2026
2025-11-13T00:00:08+00:00,R_Senate,0.675,Will the Republican Party control the Senate after the 2026 Midterm elections?,which-party-will-win-the-senate-in-2026
2025-11-14T00:00:09+00:00,R_Senate,0.655,Will the Republican Party control the Senate after the 2026 Midterm elections?,which-party-will-win-the-senate-in-2026
2025-11-15T00:00:09+00:00,R_Senate,0.665,Will the Republican Party control the Senate after the 2026 Midterm elections?,which-party-will-win-the-senate-in-2026
2025-11-16T00:00:08+00:00,R_Senate,0.67,Will the Republican Party control the Senate after the 2026 Midterm elections?,which-party-will-win-the-senate-in-2026
2025-11-17T00:00:09+00:00,R_Senate,0.67,Will the Republican Party control the Senate after the 2026 Midterm elections?,which-party-will-win-the-senate-in-2026
2025-11-18T00:00:08+00:00,R_Senate,0.675,Will the Republican Party control the Senate after the 2026 Midterm elections?,which-party-will-win-the-senate-in-2026
2025-11-19T00:00:09+00:00,R_Senate,0.67,Will the Republican Party control the Senate after the 2026 Midterm elections?,which-party-will-win-the-senate-in-2026
2025-11-20T00:00:08+00:00,R_Senate,0.66,Will the Republican Party control the Senate after the 2026 Midterm elections?,which-party-will-win-the-senate-in-2026
2025-11-21T00:00:10+00:00,R_Senate,0.66,Will the Republican Party control the Senate after the 2026 Midterm elections?,which-party-will-win-the-senate-in-2026
2025-11-22T00:00:09+00:00,R_Senate,0.66,Will the Republican Party control the Senate after the 2026 Midterm elections?,which-party-will-win-the-senate-in-2026
2025-11-23T00:00:08+00:00,R_Senate,0.66,Will the Republican Party control the Senate after the 2026 Midterm elections?,which-party-will-win-the-senate-in-2026
2025-11-24T00:00:11+00:00,R_Senate,0.66,Will the Republican Party control the Senate after the 2026 Midterm elections?,which-party-will-win-the-senate-in-2026
2025-11-25T00:00:09+00:00,R_Senate,0.66,Will the Republican Party control the Senate after the 2026 Midterm elections?,which-party-will-win-the-senate-in-2026
2025-11-26T00:00:09+00:00,R_Senate,0.665,Will the Republican Party control the Senate after the 2026 Midterm elections?,which-party-will-win-the-senate-in-2026
2025-11-27T00:00:10+00:00,R_Senate,0.66,Will the Republican Party control the Senate after the 2026 Midterm elections?,which-party-will-win-the-senate-in-2026
2025-11-28T00:00:10+00:00,R_Senate,0.655,Will the Republican Party control the Senate after the 2026 Midterm elections?,which-party-will-win-the-senate-in-2026
2025-11-29T00:00:12+00:00,R_Senate,0.66,Will the Republican Party control the Senate after the 2026 Midterm elections?,which-party-will-win-the-senate-in-2026
2025-11-30T00:00:10+00:00,R_Senate,0.66,Will the Republican Party control the Senate after the 2026 Midterm elections?,which-party-will-win-the-senate-in-2026
2025-12-01T00:00:10+00:00,R_Senate,0.655,Will the Republican Party control the Senate after the 2026 Midterm elections?,which-party-will-win-the-senate-in-2026
2025-12-02T00:00:08+00:00,R_Senate,0.655,Will the Republican Party control the Senate after the 2026 Midterm elections?,which-party-will-win-the-senate-in-2026
2025-12-03T00:00:11+00:00,R_Senate,0.645,Will the Republican Party control the Senate after the 2026 Midterm elections?,which-party-will-win-the-senate-in-2026
2025-12-04T00:00:09+00:00,R_Senate,0.645,Will the Republican Party control the Senate after the 2026 Midterm elections?,which-party-will-win-the-senate-in-2026
2025-12-05T00:00:10+00:00,R_Senate,0.655,Will the Republican Party control the Senate after the 2026 Midterm elections?,which-party-will-win-the-senate-in-2026
2025-12-06T00:00:10+00:00,R_Senate,0.655,Will the Republican Party control the Senate after the 2026 Midterm elections?,which-party-will-win-the-senate-in-2026
2025-12-07T00:00:23+00:00,R_Senate,0.655,Will the Republican Party control the Senate after the 2026 Midterm elections?,which-party-will-win-the-senate-in-2026
2025-12-08T00:00:22+00:00,R_Senate,0.655,Will the Republican Party control the Senate after the 2026 Midterm elections?,which-party-will-win-the-senate-in-2026
2025-12-09T00:00:20+00:00,R_Senate,0.655,Will the Republican Party control the Senate after the 2026 Midterm elections?,which-party-will-win-the-senate-in-2026
2025-12-10T00:00:10+00:00,R_Senate,0.655,Will the Republican Party control the Senate after the 2026 Midterm elections?,which-party-will-win-the-senate-in-2026
2025-12-11T00:00:10+00:00,R_Senate,0.655,Will the Republican Party control the Senate after the 2026 Midterm elections?,which-party-will-win-the-senate-in-2026
2025-12-12T00:00:09+00:00,R_Senate,0.655,Will the Republican Party control the Senate after the 2026 Midterm elections?,which-party-will-win-the-senate-in-2026
2025-12-13T00:00:11+00:00,R_Senate,0.655,Will the Republican Party control the Senate after the 2026 Midterm elections?,which-party-will-win-the-senate-in-2026
2025-12-14T00:00:11+00:00,R_Senate,0.655,Will the Republican Party control the Senate after the 2026 Midterm elections?,which-party-will-win-the-senate-in-2026
2025-12-15T00:00:11+00:00,R_Senate,0.655,Will the Republican Party control the Senate after the 2026 Midterm elections?,which-party-will-win-the-senate-in-2026
2025-12-16T00:00:09+00:00,R_Senate,0.655,Will the Republican Party control the Senate after the 2026 Midterm elections?,which-party-will-win-the-senate-in-2026
2025-12-17T00:00:06+00:00,R_Senate,0.655,Will the Republican Party control the Senate after the 2026 Midterm elections?,which-party-will-win-the-senate-in-2026
2025-12-17T00:00:31+00:00,R_Senate,0.66,Will the Republican Party control the Senate after the 2026 Midterm elections?,which-party-will-win-the-senate-in-2026
2025-12-18T00:00:20+00:00,R_Senate,0.655,Will the Republican Party control the Senate after the 2026 Midterm elections?,which-party-will-win-the-senate-in-2026
2025-12-19T00:00:10+00:00,R_Senate,0.655,Will the Republican Party control the Senate after the 2026 Midterm elections?,which-party-will-win-the-senate-in-2026
2025-12-20T00:00:09+00:00,R_Senate,0.655,Will the Republican Party control the Senate after the 2026 Midterm elections?,which-party-will-win-the-senate-in-2026
2025-12-21T00:00:10+00:00,R_Senate,0.655,Will the Republican Party control the Senate after the 2026 Midterm elections?,which-party-will-win-the-senate-in-2026
2025-12-22T00:00:09+00:00,R_Senate,0.645,Will the Republican Party control the Senate after the 2026 Midterm elections?,which-party-will-win-the-senate-in-2026
2025-12-23T00:00:11+00:00,R_Senate,0.655,Will the Republican Party control the Senate after the 2026 Midterm elections?,which-party-will-win-the-senate-in-2026
2025-12-24T00:00:10+00:00,R_Senate,0.655,Will the Republican Party control the Senate after the 2026 Midterm elections?,which-party-will-win-the-senate-in-2026
2025-12-25T00:00:20+00:00,R_Senate,0.655,Will the Republican Party control the Senate after the 2026 Midterm elections?,which-party-will-win-the-senate-in-2026
2025-12-26T00:00:09+00:00,R_Senate,0.655,Will the Republican Party control the Senate after the 2026 Midterm elections?,which-party-will-win-the-senate-in-2026
2025-12-27T00:00:11+00:00,R_Senate,0.655,Will the Republican Party control the Senate after the 2026 Midterm elections?,which-party-will-win-the-senate-in-2026
2025-12-28T00:00:11+00:00,R_Senate,0.655,Will the Republican Party control the Senate after the 2026 Midterm elections?,which-party-will-win-the-senate-in-2026
2025-12-29T00:00:27+00:00,R_Senate,0.655,Will the Republican Party control the Senate after the 2026 Midterm elections?,which-party-will-win-the-senate-in-2026
2025-12-30T00:00:14+00:00,R_Senate,0.665,Will the Republican Party control the Senate after the 2026 Midterm elections?,which-party-will-win-the-senate-in-2026
2025-12-31T00:00:11+00:00,R_Senate,0.655,Will the Republican Party control the Senate after the 2026 Midterm elections?,which-party-will-win-the-senate-in-2026
2026-01-01T00:00:11+00:00,R_Senate,0.655,Will the Republican Party control the Senate after the 2026 Midterm elections?,which-party-will-win-the-senate-in-2026
2026-01-02T00:00:11+00:00,R_Senate,0.655,Will the Republican Party control the Senate after the 2026 Midterm elections?,which-party-will-win-the-senate-in-2026
2026-01-03T00:00:10+00:00,R_Senate,0.655,Will the Republican Party control the Senate after the 2026 Midterm elections?,which-party-will-win-the-senate-in-2026
2026-01-04T00:00:11+00:00,R_Senate,0.66,Will the Republican Party control the Senate after the 2026 Midterm elections?,which-party-will-win-the-senate-in-2026
2026-01-05T00:00:12+00:00,R_Senate,0.655,Will the Republican Party control the Senate after the 2026 Midterm elections?,which-party-will-win-the-senate-in-2026
2026-01-06T00:00:15+00:00,R_Senate,0.66,Will the Republican Party control the Senate after the 2026 Midterm elections?,which-party-will-win-the-senate-in-2026
2026-01-07T00:00:12+00:00,R_Senate,0.66,Will the Republican Party control the Senate after the 2026 Midterm elections?,which-party-will-win-the-senate-in-2026
2026-01-08T00:00:27+00:00,R_Senate,0.655,Will the Republican Party control the Senate after the 2026 Midterm elections?,which-party-will-win-the-senate-in-2026
2026-01-09T00:00:12+00:00,R_Senate,0.655,Will the Republican Party control the Senate after the 2026 Midterm elections?,which-party-will-win-the-senate-in-2026
2026-01-10T00:00:13+00:00,R_Senate,0.655,Will the Republican Party control the Senate after the 2026 Midterm elections?,which-party-will-win-the-senate-in-2026
2026-01-11T00:00:12+00:00,R_Senate,0.655,Will the Republican Party control the Senate after the 2026 Midterm elections?,which-party-will-win-the-senate-in-2026
2026-01-12T00:00:14+00:00,R_Senate,0.655,Will the Republican Party control the Senate after the 2026 Midterm elections?,which-party-will-win-the-senate-in-2026
2026-01-13T00:00:13+00:00,R_Senate,0.645,Will the Republican Party control the Senate after the 2026 Midterm elections?,which-party-will-win-the-senate-in-2026
2026-01-14T00:00:13+00:00,R_Senate,0.655,Will the Republican Party control the Senate after the 2026 Midterm elections?,which-party-will-win-the-senate-in-2026
2026-01-15T00:00:14+00:00,R_Senate,0.655,Will the Republican Party control the Senate after the 2026 Midterm elections?,which-party-will-win-the-senate-in-2026
2026-01-16T00:00:16+00:00,R_Senate,0.655,Will the Republican Party control the Senate after the 2026 Midterm elections?,which-party-will-win-the-senate-in-2026
2026-01-17T00:00:15+00:00,R_Senate,0.655,Will the Republican Party control the Senate after the 2026 Midterm elections?,which-party-will-win-the-senate-in-2026
2026-01-18T00:00:17+00:00,R_Senate,0.655,Will the Republican Party control the Senate after the 2026 Midterm elections?,which-party-will-win-the-senate-in-2026
2026-01-19T00:00:13+00:00,R_Senate,0.66,Will the Republican Party control the Senate after the 2026 Midterm elections?,which-party-will-win-the-senate-in-2026
2026-01-20T00:00:14+00:00,R_Senate,0.655,Will the Republican Party control the Senate after the 2026 Midterm elections?,which-party-will-win-the-senate-in-2026
2026-01-21T00:00:14+00:00,R_Senate,0.655,Will the Republican Party control the Senate after the 2026 Midterm elections?,which-party-will-win-the-senate-in-2026
2026-01-22T00:00:17+00:00,R_Senate,0.655,Will the Republican Party control the Senate after the 2026 Midterm elections?,which-party-will-win-the-senate-in-2026
2026-01-23T00:00:30+00:00,R_Senate,0.655,Will the Republican Party control the Senate after the 2026 Midterm elections?,which-party-will-win-the-senate-in-2026
2026-01-24T00:00:20+00:00,R_Senate,0.655,Will the Republican Party control the Senate after the 2026 Midterm elections?,which-party-will-win-the-senate-in-2026
2026-01-25T00:00:31+00:00,R_Senate,0.645,Will the Republican Party control the Senate after the 2026 Midterm elections?,which-party-will-win-the-senate-in-2026
2026-01-26T00:00:30+00:00,R_Senate,0.645,Will the Republican Party control the Senate after the 2026 Midterm elections?,which-party-will-win-the-senate-in-2026
2026-01-27T00:00:26+00:00,R_Senate,0.645,Will the Republican Party control the Senate after the 2026 Midterm elections?,which-party-will-win-the-senate-in-2026
2026-01-28T00:00:17+00:00,R_Senate,0.645,Will the Republican Party control the Senate after the 2026 Midterm elections?,which-party-will-win-the-senate-in-2026
2026-01-29T00:00:31+00:00,R_Senate,0.645,Will the Republican Party control the Senate after the 2026 Midterm elections?,which-party-will-win-the-senate-in-2026
2026-01-30T00:00:19+00:00,R_Senate,0.645,Will the Republican Party control the Senate after the 2026 Midterm elections?,which-party-will-win-the-senate-in-2026
2026-01-31T00:00:19+00:00,R_Senate,0.645,Will the Republican Party control the Senate after the 2026 Midterm elections?,which-party-will-win-the-senate-in-2026
2026-02-01T00:00:22+00:00,R_Senate,0.645,Will the Republican Party control the Senate after the 2026 Midterm elections?,which-party-will-win-the-senate-in-2026
2026-02-02T00:00:18+00:00,R_Senate,0.645,Will the Republican Party control the Senate after the 2026 Midterm elections?,which-party-will-win-the-senate-in-2026
2026-02-03T00:00:18+00:00,R_Senate,0.645,Will the Republican Party control the Senate after the 2026 Midterm elections?,which-party-will-win-the-senate-in-2026
2026-02-04T00:00:30+00:00,R_Senate,0.645,Will the Republican Party control the Senate after the 2026 Midterm elections?,which-party-will-win-the-senate-in-2026
2026-02-05T00:00:17+00:00,R_Senate,0.635,Will the Republican Party control the Senate after the 2026 Midterm elections?,which-party-will-win-the-senate-in-2026
2026-02-06T00:00:20+00:00,R_Senate,0.635,Will the Republican Party control the Senate after the 2026 Midterm elections?,which-party-will-win-the-senate-in-2026
2026-02-07T00:00:24+00:00,R_Senate,0.635,Will the Republican Party control the Senate after the 2026 Midterm elections?,which-party-will-win-the-senate-in-2026
2026-02-08T00:00:21+00:00,R_Senate,0.625,Will the Republican Party control the Senate after the 2026 Midterm elections?,which-party-will-win-the-senate-in-2026
2026-02-09T00:00:20+00:00,R_Senate,0.625,Will the Republican Party control the Senate after the 2026 Midterm elections?,which-party-will-win-the-senate-in-2026
2026-02-10T00:00:21+00:00,R_Senate,0.625,Will the Republican Party control the Senate after the 2026 Midterm elections?,which-party-will-win-the-senate-in-2026
2026-02-11T00:00:21+00:00,R_Senate,0.625,Will the Republican Party control the Senate after the 2026 Midterm elections?,which-party-will-win-the-senate-in-2026
2026-02-12T00:00:33+00:00,R_Senate,0.625,Will the Republican Party control the Senate after the 2026 Midterm elections?,which-party-will-win-the-senate-in-2026
2026-02-13T00:00:22+00:00,R_Senate,0.625,Will the Republican Party control the Senate after the 2026 Midterm elections?,which-party-will-win-the-senate-in-2026
2026-02-14T00:00:25+00:00,R_Senate,0.625,Will the Republican Party control the Senate after the 2026 Midterm elections?,which-party-will-win-the-senate-in-2026
2026-02-15T00:00:22+00:00,R_Senate,0.615,Will the Republican Party control the Senate after the 2026 Midterm elections?,which-party-will-win-the-senate-in-2026
2026-02-16T00:00:33+00:00,R_Senate,0.615,Will the Republican Party control the Senate after the 2026 Midterm elections?,which-party-will-win-the-senate-in-2026
2026-02-17T00:00:23+00:00,R_Senate,0.605,Will the Republican Party control the Senate after the 2026 Midterm elections?,which-party-will-win-the-senate-in-2026
2026-02-18T00:00:25+00:00,R_Senate,0.595,Will the Republican Party control the Senate after the 2026 Midterm elections?,which-party-will-win-the-senate-in-2026
2026-02-19T00:00:26+00:00,R_Senate,0.595,Will the Republican Party control the Senate after the 2026 Midterm elections?,which-party-will-win-the-senate-in-2026
2026-02-20T00:00:26+00:00,R_Senate,0.595,Will the Republican Party control the Senate after the 2026 Midterm elections?,which-party-will-win-the-senate-in-2026
2026-02-21T00:00:20+00:00,R_Senate,0.595,Will the Republican Party control the Senate after the 2026 Midterm elections?,which-party-will-win-the-senate-in-2026
2026-02-22T00:00:21+00:00,R_Senate,0.595,Will the Republican Party control the Senate after the 2026 Midterm elections?,which-party-will-win-the-senate-in-2026
2026-02-23T00:00:22+00:00,R_Senate,0.595,Will the Republican Party control the Senate after the 2026 Midterm elections?,which-party-will-win-the-senate-in-2026
2026-02-24T00:00:22+00:00,R_Senate,0.595,Will the Republican Party control the Senate after the 2026 Midterm elections?,which-party-will-win-the-senate-in-2026
2026-02-25T00:00:24+00:00,R_Senate,0.595,Will the Republican Party control the Senate after the 2026 Midterm elections?,which-party-will-win-the-senate-in-2026
2026-02-26T00:00:24+00:00,R_Senate,0.595,Will the Republican Party control the Senate after the 2026 Midterm elections?,which-party-will-win-the-senate-in-2026
2026-02-27T00:00:26+00:00,R_Senate,0.595,Will the Republican Party control the Senate after the 2026 Midterm elections?,which-party-will-win-the-senate-in-2026
2026-02-28T00:00:29+00:00,R_Senate,0.595,Will the Republican Party control the Senate after the 2026 Midterm elections?,which-party-will-win-the-senate-in-2026
2026-03-01T00:00:32+00:00,R_Senate,0.595,Will the Republican Party control the Senate after the 2026 Midterm elections?,which-party-will-win-the-senate-in-2026
2026-03-02T00:00:40+00:00,R_Senate,0.575,Will the Republican Party control the Senate after the 2026 Midterm elections?,which-party-will-win-the-senate-in-2026
2026-03-03T00:00:29+00:00,R_Senate,0.575,Will the Republican Party control the Senate after the 2026 Midterm elections?,which-party-will-win-the-senate-in-2026
2026-03-04T00:00:32+00:00,R_Senate,0.565,Will the Republican Party control the Senate after the 2026 Midterm elections?,which-party-will-win-the-senate-in-2026
2026-03-05T00:00:29+00:00,R_Senate,0.575,Will the Republican Party control the Senate after the 2026 Midterm elections?,which-party-will-win-the-senate-in-2026
2026-03-06T00:00:28+00:00,R_Senate,0.575,Will the Republican Party control the Senate after the 2026 Midterm elections?,which-party-will-win-the-senate-in-2026
2026-03-07T00:00:32+00:00,R_Senate,0.565,Will the Republican Party control the Senate after the 2026 Midterm elections?,which-party-will-win-the-senate-in-2026
2026-03-08T00:00:28+00:00,R_Senate,0.545,Will the Republican Party control the Senate after the 2026 Midterm elections?,which-party-will-win-the-senate-in-2026
2026-03-09T00:00:23+00:00,R_Senate,0.545,Will the Republican Party control the Senate after the 2026 Midterm elections?,which-party-will-win-the-senate-in-2026
2026-03-10T00:00:27+00:00,R_Senate,0.535,Will the Republican Party control the Senate after the 2026 Midterm elections?,which-party-will-win-the-senate-in-2026
2026-03-11T00:00:31+00:00,R_Senate,0.535,Will the Republican Party control the Senate after the 2026 Midterm elections?,which-party-will-win-the-senate-in-2026
2026-03-12T00:00:30+00:00,R_Senate,0.535,Will the Republican Party control the Senate after the 2026 Midterm elections?,which-party-will-win-the-senate-in-2026
2026-03-13T00:00:47+00:00,R_Senate,0.535,Will the Republican Party control the Senate after the 2026 Midterm elections?,which-party-will-win-the-senate-in-2026
2026-03-14T00:00:28+00:00,R_Senate,0.485,Will the Republican Party control the Senate after the 2026 Midterm elections?,which-party-will-win-the-senate-in-2026
2026-03-15T00:00:28+00:00,R_Senate,0.495,Will the Republican Party control the Senate after the 2026 Midterm elections?,which-party-will-win-the-senate-in-2026
2026-03-16T00:00:43+00:00,R_Senate,0.495,Will the Republican Party control the Senate after the 2026 Midterm elections?,which-party-will-win-the-senate-in-2026
2026-03-17T00:00:29+00:00,R_Senate,0.495,Will the Republican Party control the Senate after the 2026 Midterm elections?,which-party-will-win-the-senate-in-2026
2026-03-18T00:00:29+00:00,R_Senate,0.495,Will the Republican Party control the Senate after the 2026 Midterm elections?,which-party-will-win-the-senate-in-2026
2026-03-19T00:00:32+00:00,R_Senate,0.505,Will the Republican Party control the Senate after the 2026 Midterm elections?,which-party-will-win-the-senate-in-2026
2026-03-20T00:00:34+00:00,R_Senate,0.505,Will the Republican Party control the Senate after the 2026 Midterm elections?,which-party-will-win-the-senate-in-2026
2026-03-21T00:00:31+00:00,R_Senate,0.505,Will the Republican Party control the Senate after the 2026 Midterm elections?,which-party-will-win-the-senate-in-2026
2026-03-22T00:00:29+00:00,R_Senate,0.505,Will the Republican Party control the Senate after the 2026 Midterm elections?,which-party-will-win-the-senate-in-2026
2026-03-23T00:00:24+00:00,R_Senate,0.525,Will the Republican Party control the Senate after the 2026 Midterm elections?,which-party-will-win-the-senate-in-2026
2026-03-24T00:00:22+00:00,R_Senate,0.525,Will the Republican Party control the Senate after the 2026 Midterm elections?,which-party-will-win-the-senate-in-2026
2026-03-25T00:00:39+00:00,R_Senate,0.515,Will the Republican Party control the Senate after the 2026 Midterm elections?,which-party-will-win-the-senate-in-2026
2026-03-26T00:00:43+00:00,R_Senate,0.515,Will the Republican Party control the Senate after the 2026 Midterm elections?,which-party-will-win-the-senate-in-2026
2026-03-27T00:00:37+00:00,R_Senate,0.525,Will the Republican Party control the Senate after the 2026 Midterm elections?,which-party-will-win-the-senate-in-2026
2026-03-28T00:00:40+00:00,R_Senate,0.505,Will the Republican Party control the Senate after the 2026 Midterm elections?,which-party-will-win-the-senate-in-2026
2026-03-29T00:00:44+00:00,R_Senate,0.505,Will the Republican Party control the Senate after the 2026 Midterm elections?,which-party-will-win-the-senate-in-2026
2026-03-30T00:00:56+00:00,R_Senate,0.485,Will the Republican Party control the Senate after the 2026 Midterm elections?,which-party-will-win-the-senate-in-2026
2026-03-31T00:00:52+00:00,R_Senate,0.485,Will the Republican Party control the Senate after the 2026 Midterm elections?,which-party-will-win-the-senate-in-2026
2026-04-01T00:00:58+00:00,R_Senate,0.485,Will the Republican Party control the Senate after the 2026 Midterm elections?,which-party-will-win-the-senate-in-2026
2026-04-02T00:00:53+00:00,R_Senate,0.485,Will the Republican Party control the Senate after the 2026 Midterm elections?,which-party-will-win-the-senate-in-2026
2026-04-07T00:00:58+00:00,R_Senate,0.475,Will the Republican Party control the Senate after the 2026 Midterm elections?,which-party-will-win-the-senate-in-2026
2026-04-09T00:00:19+00:00,R_Senate,0.475,Will the Republican Party control the Senate after the 2026 Midterm elections?,which-party-will-win-the-senate-in-2026
2026-04-18T00:00:11+00:00,R_Senate,0.45,Will the Republican Party control the Senate after the 2026 Midterm elections?,which-party-will-win-the-senate-in-2026
2026-04-22T00:00:15+00:00,R_Senate,0.475,Will the Republican Party control the Senate after the 2026 Midterm elections?,which-party-will-win-the-senate-in-2026
2026-04-23T00:00:17+00:00,R_Senate,0.475,Will the Republican Party control the Senate after the 2026 Midterm elections?,which-party-will-win-the-senate-in-2026
2026-04-24T00:00:31+00:00,R_Senate,0.475,Will the Republican Party control the Senate after the 2026 Midterm elections?,which-party-will-win-the-senate-in-2026
2026-04-25T00:00:15+00:00,R_Senate,0.475,Will the Republican Party control the Senate after the 2026 Midterm elections?,which-party-will-win-the-senate-in-2026
2026-04-26T00:00:09+00:00,R_Senate,0.475,Will the Republican Party control the Senate after the 2026 Midterm elections?,which-party-will-win-the-senate-in-2026
2026-04-27T00:00:11+00:00,R_Senate,0.485,Will the Republican Party control the Senate after the 2026 Midterm elections?,which-party-will-win-the-senate-in-2026
2026-04-28T00:00:12+00:00,R_Senate,0.485,Will the Republican Party control the Senate after the 2026 Midterm elections?,which-party-will-win-the-senate-in-2026
2026-04-29T00:00:10+00:00,R_Senate,0.495,Will the Republican Party control the Senate after the 2026 Midterm elections?,which-party-will-win-the-senate-in-2026
2026-04-30T00:00:15+00:00,R_Senate,0.495,Will the Republican Party control the Senate after the 2026 Midterm elections?,which-party-will-win-the-senate-in-2026
2026-05-01T00:00:15+00:00,R_Senate,0.495,Will the Republican Party control the Senate after the 2026 Midterm elections?,which-party-will-win-the-senate-in-2026
2026-05-02T00:00:09+00:00,R_Senate,0.495,Will the Republican Party control the Senate after the 2026 Midterm elections?,which-party-will-win-the-senate-in-2026
2026-05-03T00:00:07+00:00,R_Senate,0.495,Will the Republican Party control the Senate after the 2026 Midterm elections?,which-party-will-win-the-senate-in-2026
2026-05-04T00:00:06+00:00,R_Senate,0.495,Will the Republican Party control the Senate after the 2026 Midterm elections?,which-party-will-win-the-senate-in-2026
2026-05-05T00:00:20+00:00,R_Senate,0.495,Will the Republican Party control the Senate after the 2026 Midterm elections?,which-party-will-win-the-senate-in-2026
2026-05-06T00:00:10+00:00,R_Senate,0.495,Will the Republican Party control the Senate after the 2026 Midterm elections?,which-party-will-win-the-senate-in-2026
2026-05-07T00:00:10+00:00,R_Senate,0.505,Will the Republican Party control the Senate after the 2026 Midterm elections?,which-party-will-win-the-senate-in-2026
2026-05-08T00:00:08+00:00,R_Senate,0.515,Will the Republican Party control the Senate after the 2026 Midterm elections?,which-party-will-win-the-senate-in-2026
2026-05-09T00:00:24+00:00,R_Senate,0.525,Will the Republican Party control the Senate after the 2026 Midterm elections?,which-party-will-win-the-senate-in-2026
2026-05-10T00:00:10+00:00,R_Senate,0.545,Will the Republican Party control the Senate after the 2026 Midterm elections?,which-party-will-win-the-senate-in-2026
2026-05-11T00:00:11+00:00,R_Senate,0.545,Will the Republican Party control the Senate after the 2026 Midterm elections?,which-party-will-win-the-senate-in-2026
2026-05-12T00:00:13+00:00,R_Senate,0.525,Will the Republican Party control the Senate after the 2026 Midterm elections?,which-party-will-win-the-senate-in-2026
2026-05-13T00:00:14+00:00,R_Senate,0.535,Will the Republican Party control the Senate after the 2026 Midterm elections?,which-party-will-win-the-senate-in-2026
2026-05-14T00:00:18+00:00,R_Senate,0.535,Will the Republican Party control the Senate after the 2026 Midterm elections?,which-party-will-win-the-senate-in-2026
2026-05-15T00:00:11+00:00,R_Senate,0.535,Will the Republican Party control the Senate after the 2026 Midterm elections?,which-party-will-win-the-senate-in-2026
2026-05-16T00:00:18+00:00,R_Senate,0.555,Will the Republican Party control the Senate after the 2026 Midterm elections?,which-party-will-win-the-senate-in-2026
2026-05-17T00:00:29+00:00,R_Senate,0.535,Will the Republican Party control the Senate after the 2026 Midterm elections?,which-party-will-win-the-senate-in-2026
2026-05-18T00:00:13+00:00,R_Senate,0.535,Will the Republican Party control the Senate after the 2026 Midterm elections?,which-party-will-win-the-senate-in-2026
2026-05-19T00:00:09+00:00,R_Senate,0.525,Will the Republican Party control the Senate after the 2026 Midterm elections?,which-party-will-win-the-senate-in-2026
2026-05-20T00:00:14+00:00,R_Senate,0.515,Will the Republican Party control the Senate after the 2026 Midterm elections?,which-party-will-win-the-senate-in-2026
2026-05-21T00:00:15+00:00,R_Senate,0.525,Will the Republican Party control the Senate after the 2026 Midterm elections?,which-party-will-win-the-senate-in-2026
2026-05-22T00:00:18+00:00,R_Senate,0.525,Will the Republican Party control the Senate after the 2026 Midterm elections?,which-party-will-win-the-senate-in-2026
2026-05-23T00:00:12+00:00,R_Senate,0.525,Will the Republican Party control the Senate after the 2026 Midterm elections?,which-party-will-win-the-senate-in-2026
2026-05-24T00:00:08+00:00,R_Senate,0.515,Will the Republican Party control the Senate after the 2026 Midterm elections?,which-party-will-win-the-senate-in-2026
2026-05-25T00:00:08+00:00,R_Senate,0.515,Will the Republican Party control the Senate after the 2026 Midterm elections?,which-party-will-win-the-senate-in-2026
2026-05-26T00:00:08+00:00,R_Senate,0.515,Will the Republican Party control the Senate after the 2026 Midterm elections?,which-party-will-win-the-senate-in-2026
2026-05-27T00:00:09+00:00,R_Senate,0.515,Will the Republican Party control the Senate after the 2026 Midterm elections?,which-party-will-win-the-senate-in-2026
2026-05-28T00:00:13+00:00,R_Senate,0.525,Will the Republican Party control the Senate after the 2026 Midterm elections?,which-party-will-win-the-senate-in-2026
2026-05-29T00:00:14+00:00,R_Senate,0.535,Will the Republican Party control the Senate after the 2026 Midterm elections?,which-party-will-win-the-senate-in-2026
2026-05-30T00:00:22+00:00,R_Senate,0.535,Will the Republican Party control the Senate after the 2026 Midterm elections?,which-party-will-win-the-senate-in-2026
2026-05-31T00:00:12+00:00,R_Senate,0.535,Will the Republican Party control the Senate after the 2026 Midterm elections?,which-party-will-win-the-senate-in-2026
2026-06-01T00:00:07+00:00,R_Senate,0.535,Will the Republican Party control the Senate after the 2026 Midterm elections?,which-party-will-win-the-senate-in-2026
2026-06-02T00:00:08+00:00,R_Senate,0.525,Will the Republican Party control the Senate after the 2026 Midterm elections?,which-party-will-win-the-senate-in-2026
2026-06-03T00:00:08+00:00,R_Senate,0.535,Will the Republican Party control the Senate after the 2026 Midterm elections?,which-party-will-win-the-senate-in-2026
2026-06-04T00:00:06+00:00,R_Senate,0.535,Will the Republican Party control the Senate after the 2026 Midterm elections?,which-party-will-win-the-senate-in-2026
2026-06-05T00:00:19+00:00,R_Senate,0.545,Will the Republican Party control the Senate after the 2026 Midterm elections?,which-party-will-win-the-senate-in-2026
2026-06-06T00:00:04+00:00,R_Senate,0.545,Will the Republican Party control the Senate after the 2026 Midterm elections?,which-party-will-win-the-senate-in-2026
2026-06-07T00:00:15+00:00,R_Senate,0.545,Will the Republican Party control the Senate after the 2026 Midterm elections?,which-party-will-win-the-senate-in-2026
2026-06-08T00:00:05+00:00,R_Senate,0.555,Will the Republican Party control the Senate after the 2026 Midterm elections?,which-party-will-win-the-senate-in-2026
2026-06-09T00:00:06+00:00,R_Senate,0.555,Will the Republican Party control the Senate after the 2026 Midterm elections?,which-party-will-win-the-senate-in-2026
2026-06-10T00:00:07+00:00,R_Senate,0.545,Will the Republican Party control the Senate after the 2026 Midterm elections?,which-party-will-win-the-senate-in-2026
2026-06-11T00:00:11+00:00,R_Senate,0.545,Will the Republican Party control the Senate after the 2026 Midterm elections?,which-party-will-win-the-senate-in-2026
2026-06-12T00:00:08+00:00,R_Senate,0.555,Will the Republican Party control the Senate after the 2026 Midterm elections?,which-party-will-win-the-senate-in-2026
2026-06-13T00:00:08+00:00,R_Senate,0.555,Will the Republican Party control the Senate after the 2026 Midterm elections?,which-party-will-win-the-senate-in-2026
2026-06-14T00:00:12+00:00,R_Senate,0.555,Will the Republican Party control the Senate after the 2026 Midterm elections?,which-party-will-win-the-senate-in-2026
2026-06-15T00:00:08+00:00,R_Senate,0.555,Will the Republican Party control the Senate after the 2026 Midterm elections?,which-party-will-win-the-senate-in-2026
2026-06-16T00:00:12+00:00,R_Senate,0.555,Will the Republican Party control the Senate after the 2026 Midterm elections?,which-party-will-win-the-senate-in-2026
2026-06-17T00:00:10+00:00,R_Senate,0.555,Will the Republican Party control the Senate after the 2026 Midterm elections?,which-party-will-win-the-senate-in-2026
2026-06-18T00:00:24+00:00,R_Senate,0.565,Will the Republican Party control the Senate after the 2026 Midterm elections?,which-party-will-win-the-senate-in-2026
2026-06-19T00:00:25+00:00,R_Senate,0.565,Will the Republican Party control the Senate after the 2026 Midterm elections?,which-party-will-win-the-senate-in-2026
2026-06-20T00:00:08+00:00,R_Senate,0.565,Will the Republican Party control the Senate after the 2026 Midterm elections?,which-party-will-win-the-senate-in-2026
2026-06-21T00:00:10+00:00,R_Senate,0.565,Will the Republican Party control the Senate after the 2026 Midterm elections?,which-party-will-win-the-senate-in-2026
2026-06-22T00:00:09+00:00,R_Senate,0.575,Will the Republican Party control the Senate after the 2026 Midterm elections?,which-party-will-win-the-senate-in-2026
2026-06-23T00:00:11+00:00,R_Senate,0.575,Will the Republican Party control the Senate after the 2026 Midterm elections?,which-party-will-win-the-senate-in-2026
2026-06-24T00:00:10+00:00,R_Senate,0.565,Will the Republican Party control the Senate after the 2026 Midterm elections?,which-party-will-win-the-senate-in-2026
2026-06-25T00:00:18+00:00,R_Senate,0.575,Will the Republican Party control the Senate after the 2026 Midterm elections?,which-party-will-win-the-senate-in-2026
2026-06-26T00:00:09+00:00,R_Senate,0.575,Will the Republican Party control the Senate after the 2026 Midterm elections?,which-party-will-win-the-senate-in-2026
2026-06-27T00:00:09+00:00,R_Senate,0.575,Will the Republican Party control the Senate after the 2026 Midterm elections?,which-party-will-win-the-senate-in-2026
2026-06-28T00:00:09+00:00,R_Senate,0.575,Will the Republican Party control the Senate after the 2026 Midterm elections?,which-party-will-win-the-senate-in-2026
2026-06-29T00:00:09+00:00,R_Senate,0.575,Will the Republican Party control the Senate after the 2026 Midterm elections?,which-party-will-win-the-senate-in-2026
2026-06-30T00:00:09+00:00,R_Senate,0.58,Will the Republican Party control the Senate after the 2026 Midterm elections?,which-party-will-win-the-senate-in-2026
2026-07-01T00:00:09+00:00,R_Senate,0.575,Will the Republican Party control the Senate after the 2026 Midterm elections?,which-party-will-win-the-senate-in-2026
2026-07-02T00:00:13+00:00,R_Senate,0.575,Will the Republican Party control the Senate after the 2026 Midterm elections?,which-party-will-win-the-senate-in-2026
2026-07-03T00:00:10+00:00,R_Senate,0.575,Will the Republican Party control the Senate after the 2026 Midterm elections?,which-party-will-win-the-senate-in-2026
2026-07-04T00:00:09+00:00,R_Senate,0.565,Will the Republican Party control the Senate after the 2026 Midterm elections?,which-party-will-win-the-senate-in-2026
2026-07-05T00:00:09+00:00,R_Senate,0.56,Will the Republican Party control the Senate after the 2026 Midterm elections?,which-party-will-win-the-senate-in-2026
2026-07-06T00:00:05+00:00,R_Senate,0.555,Will the Republican Party control the Senate after the 2026 Midterm elections?,which-party-will-win-the-senate-in-2026
2026-07-07T00:00:10+00:00,R_Senate,0.535,Will the Republican Party control the Senate after the 2026 Midterm elections?,which-party-will-win-the-senate-in-2026
2026-07-08T00:00:06+00:00,R_Senate,0.545,Will the Republican Party control the Senate after the 2026 Midterm elections?,which-party-will-win-the-senate-in-2026
2026-07-09T00:00:13+00:00,R_Senate,0.535,Will the Republican Party control the Senate after the 2026 Midterm elections?,which-party-will-win-the-senate-in-2026
2026-07-10T00:00:09+00:00,R_Senate,0.545,Will the Republican Party control the Senate after the 2026 Midterm elections?,which-party-will-win-the-senate-in-2026
2026-07-11T00:00:09+00:00,R_Senate,0.535,Will the Republican Party control the Senate after the 2026 Midterm elections?,which-party-will-win-the-senate-in-2026
2026-07-12T00:00:22+00:00,R_Senate,0.545,Will the Republican Party control the Senate after the 2026 Midterm elections?,which-party-will-win-the-senate-in-2026
2026-07-13T00:00:10+00:00,R_Senate,0.545,Will the Republican Party control the Senate after the 2026 Midterm elections?,which-party-will-win-the-senate-in-2026
2026-07-14T00:00:09+00:00,R_Senate,0.555,Will the Republican Party control the Senate after the 2026 Midterm elections?,which-party-will-win-the-senate-in-2026
2026-07-15T00:00:13+00:00,R_Senate,0.545,Will the Republican Party control the Senate after the 2026 Midterm elections?,which-party-will-win-the-senate-in-2026
2026-07-16T00:00:13+00:00,R_Senate,0.555,Will the Republican Party control the Senate after the 2026 Midterm elections?,which-party-will-win-the-senate-in-2026
2026-07-17T00:00:13+00:00,R_Senate,0.555,Will the Republican Party control the Senate after the 2026 Midterm elections?,which-party-will-win-the-senate-in-2026
2026-07-18T00:00:09+00:00,R_Senate,0.56,Will the Republican Party control the Senate after the 2026 Midterm elections?,which-party-will-win-the-senate-in-2026
2026-07-19T00:00:12+00:00,R_Senate,0.565,Will the Republican Party control the Senate after the 2026 Midterm elections?,which-party-will-win-the-senate-in-2026
2026-07-20T00:00:26+00:00,R_Senate,0.555,Will the Republican Party control the Senate after the 2026 Midterm elections?,which-party-will-win-the-senate-in-2026
2026-07-21T00:00:13+00:00,R_Senate,0.565,Will the Republican Party control the Senate after the 2026 Midterm elections?,which-party-will-win-the-senate-in-2026
2026-07-22T00:00:10+00:00,R_Senate,0.555,Will the Republican Party control the Senate after the 2026 Midterm elections?,which-party-will-win-the-senate-in-2026
2026-07-23T00:00:18+00:00,R_Senate,0.555,Will the Republican Party control the Senate after the 2026 Midterm elections?,which-party-will-win-the-senate-in-2026
2026-07-24T00:00:21+00:00,R_Senate,0.555,Will the Republican Party control the Senate after the 2026 Midterm elections?,which-party-will-win-the-senate-in-2026
2026-07-25T00:00:36+00:00,R_Senate,0.555,Will the Republican Party control the Senate after the 2026 Midterm elections?,which-party-will-win-the-senate-in-2026
2026-07-26T00:00:29+00:00,R_Senate,0.555,Will the Republican Party control the Senate after the 2026 Midterm elections?,which-party-will-win-the-senate-in-2026
2026-07-27T00:00:41+00:00,R_Senate,0.555,Will the Republican Party control the Senate after the 2026 Midterm elections?,which-party-will-win-the-senate-in-2026
2026-07-28T00:00:36+00:00,R_Senate,0.555,Will the Republican Party control the Senate after the 2026 Midterm elections?,which-party-will-win-the-senate-in-2026
2026-07-30T00:00:25+00:00,R_Senate,0.555,Will the Republican Party control the Senate after the 2026 Midterm elections?,which-party-will-win-the-senate-in-2026
2026-07-31T00:00:22+00:00,R_Senate,0.555,Will the Republican Party control the Senate after the 2026 Midterm elections?,which-party-will-win-the-senate-in-2026
2026-08-01T00:00:13+00:00,R_Senate,0.555,Will the Republican Party control the Senate after the 2026 Midterm elections?,which-party-will-win-the-senate-in-2026
2026-08-02T00:00:14+00:00,R_Senate,0.555,Will the Republican Party control the Senate after the 2026 Midterm elections?,which-party-will-win-the-senate-in-2026
2026-08-03T00:00:11+00:00,R_Senate,0.555,Will the Republican Party control the Senate after the 2026 Midterm elections?,which-party-will-win-the-senate-in-2026
2026-08-04T00:00:13+00:00,R_Senate,0.555,Will the Republican Party control the Senate after the 2026 Midterm elections?,which-party-will-win-the-senate-in-2026
2026-08-05T00:00:14+00:00,R_Senate,0.555,Will the Republican Party control the Senate after the 2026 Midterm elections?,which-party-will-win-the-senate-in-2026
2026-08-06T00:00:13+00:00,R_Senate,0.545,Will the Republican Party control the Senate after the 2026 Midterm elections?,which-party-will-win-the-senate-in-2026
2026-08-07T00:00:14+00:00,R_Senate,0.545,Will the Republican Party control the Senate after the 2026 Midterm elections?,which-party-will-win-the-senate-in-2026
2026-08-08T00:00:17+00:00,R_Senate,0.545,Will the Republican Party control the Senate after the 2026 Midterm elections?,which-party-will-win-the-senate-in-2026
2026-08-09T00:00:27+00:00,R_Senate,0.545,Will the Republican Party control the Senate after the 2026 Midterm elections?,which-party-will-win-the-senate-in-2026
2026-08-10T00:00:19+00:00,R_Senate,0.545,Will the Republican Party control the Senate after the 2026 Midterm elections?,which-party-will-win-the-senate-in-2026
2026-08-11T00:00:24+00:00,R_Senate,0.545,Will the Republican Party control the Senate after the 2026 Midterm elections?,which-party-will-win-the-senate-in-2026
2026-08-12T00:00:15+00:00,R_Senate,0.485,Will the Republican Party control the Senate after the 2026 Midterm elections?,which-party-will-win-the-senate-in-2026
2026-08-13T00:00:20+00:00,R_Senate,0.475,Will the Republican Party control the Senate after the 2026 Midterm elections?,which-party-will-win-the-senate-in-2026
2026-08-14T00:00:20+00:00,R_Senate,0.475,Will the Republican Party control the Senate after the 2026 Midterm elections?,which-party-will-win-the-senate-in-2026
2026-08-15T00:00:19+00:00,R_Senate,0.475,Will the Republican Party control the Senate after the 2026 Midterm elections?,which-party-will-win-the-senate-in-2026
2026-08-16T00:00:21+00:00,R_Senate,0.475,Will the Republican Party control the Senate after the 2026 Midterm elections?,which-party-will-win-the-senate-in-2026
2026-08-17T00:00:22+00:00,R_Senate,0.485,Will the Republican Party control the Senate after the 2026 Midterm elections?,which-party-will-win-the-senate-in-2026
2026-08-18T00:00:32+00:00,R_Senate,0.495,Will the Republican Party control the Senate after the 2026 Midterm elections?,which-party-will-win-the-senate-in-2026
2026-08-19T00:00:22+00:00,R_Senate,0.495,Will the Republican Party control the Senate after the 2026 Midterm elections?,which-party-will-win-the-senate-in-2026
2026-08-20T00:00:25+00:00,R_Senate,0.495,Will the Republican Party control the Senate after the 2026 Midterm elections?,which-party-will-win-the-senate-in-2026
2026-08-21T00:00:22+00:00,R_Senate,0.495,Will the Republican Party control the Senate after the 2026 Midterm elections?,which-party-will-win-the-senate-in-2026
2026-08-22T00:00:22+00:00,R_Senate,0.495,Will the Republican Party control the Senate after the 2026 Midterm elections?,which-party-will-win-the-senate-in-2026
2026-08-23T00:00:20+00:00,R_Senate,0.495,Will the Republican Party control the Senate after the 2026 Midterm elections?,which-party-will-win-the-senate-in-2026
2026-08-24T00:00:24+00:00,R_Senate,0.495,Will the Republican Party control the Senate after the 2026 Midterm elections?,which-party-will-win-the-senate-in-2026
2026-08-25T00:00:22+00:00,R_Senate,0.495,Will the Republican Party control the Senate after the 2026 Midterm elections?,which-party-will-win-the-senate-in-2026
2026-08-26T00:00:23+00:00,R_Senate,0.495,Will the Republican Party control the Senate after the 2026 Midterm elections?,which-party-will-win-the-senate-in-2026
2026-08-27T00:00:23+00:00,R_Senate,0.505,Will the Republican Party control the Senate after the 2026 Midterm elections?,which-party-will-win-the-senate-in-2026
2026-08-28T00:00:24+00:00,R_Senate,0.505,Will the Republican Party control the Senate after the 2026 Midterm elections?,which-party-will-win-the-senate-in-2026
2026-08-29T00:00:24+00:00,R_Senate,0.505,Will the Republican Party control the Senate after the 2026 Midterm elections?,which-party-will-win-the-senate-in-2026
2026-08-30T00:00:23+00:00,R_Senate,0.505,Will the Republican Party control the Senate after the 2026 Midterm elections?,which-party-will-win-the-senate-in-2026
2026-08-31T00:00:22+00:00,R_Senate,0.495,Will the Republican Party control the Senate after the 2026 Midterm elections?,which-party-will-win-the-senate-in-2026
2026-09-01T00:00:34+00:00,R_Senate,0.495,Will the Republican Party control the Senate after the 2026 Midterm elections?,which-party-will-win-the-senate-in-2026
2026-09-02T00:00:22+00:00,R_Senate,0.495,Will the Republican Party control the Senate after the 2026 Midterm elections?,which-party-will-win-the-senate-in-2026
2026-09-03T00:00:26+00:00,R_Senate,0.495,Will the Republican Party control the Senate after the 2026 Midterm elections?,which-party-will-win-the-senate-in-2026
2026-09-04T00:00:20+00:00,R_Senate,0.495,Will the Republican Party control the Senate after the 2026 Midterm elections?,which-party-will-win-the-senate-in-2026
2026-09-05T00:00:20+00:00,R_Senate,0.495,Will the Republican Party control the Senate after the 2026 Midterm elections?,which-party-will-win-the-senate-in-2026
2026-09-06T00:00:26+00:00,R_Senate,0.495,Will the Republican Party control the Senate after the 2026 Midterm elections?,which-party-will-win-the-senate-in-2026
2026-09-07T00:00:34+00:00,R_Senate,0.495,Will the Republican Party control the Senate after the 2026 Midterm elections?,which-party-will-win-the-senate-in-2026
2026-09-08T00:00:17+00:00,R_Senate,0.495,Will the Republican Party control the Senate after the 2026 Midterm elections?,which-party-will-win-the-senate-in-2026
2026-09-09T00:00:25+00:00,R_Senate,0.485,Will the Republican Party control the Senate after the 2026 Midterm elections?,which-party-will-win-the-senate-in-2026
2026-09-10T00:00:20+00:00,R_Senate,0.485,Will the Republican Party control the Senate after the 2026 Midterm elections?,which-party-will-win-the-senate-in-2026
2026-09-11T00:00:22+00:00,R_Senate,0.485,Will the Republican Party control the Senate after the 2026 Midterm elections?,which-party-will-win-the-senate-in-2026
2026-09-12T00:00:22+00:00,R_Senate,0.485,Will the Republican Party control the Senate after the 2026 Midterm elections?,which-party-will-win-the-senate-in-2026
2026-09-13T00:00:21+00:00,R_Senate,0.475,Will the Republican Party control the Senate after the 2026 Midterm elections?,which-party-will-win-the-senate-in-2026
2026-09-14T00:00:18+00:00,R_Senate,0.465,Will the Republican Party control the Senate after the 2026 Midterm elections?,which-party-will-win-the-senate-in-2026
2026-09-15T00:00:17+00:00,R_Senate,0.475,Will the Republican Party control the Senate after the 2026 Midterm elections?,which-party-will-win-the-senate-in-2026
2026-09-16T00:00:18+00:00,R_Senate,0.415,Will the Republican Party control the Senate after the 2026 Midterm elections?,which-party-will-win-the-senate-in-2026
2026-09-17T00:00:20+00:00,R_Senate,0.415,Will the Republican Party control the Senate after the 2026 Midterm elections?,which-party-will-win-the-senate-in-2026
2026-09-18T00:00:23+00:00,R_Senate,0.405,Will the Republican Party control the Senate after the 2026 Midterm elections?,which-party-will-win-the-senate-in-2026
2026-09-19T00:00:24+00:00,R_Senate,0.405,Will the Republican Party control the Senate after the 2026 Midterm elections?,which-party-will-win-the-senate-in-2026
2026-09-20T00:00:23+00:00,R_Senate,0.395,Will the Republican Party control the Senate after the 2026 Midterm elections?,which-party-will-win-the-senate-in-2026
2026-09-21T00:00:20+00:00,R_Senate,0.385,Will the Republican Party control the Senate after the 2026 Midterm elections?,which-party-will-win-the-senate-in-2026
2026-09-22T00:00:20+00:00,R_Senate,0.365,Will the Republican Party control the Senate after the 2026 Midterm elections?,which-party-will-win-the-senate-in-2026
2026-09-23T00:00:22+00:00,R_Senate,0.345,Will the Republican Party control the Senate after the 2026 Midterm elections?,which-party-will-win-the-senate-in-2026
2026-09-24T00:00:33+00:00,R_Senate,0.345,Will the Republican Party control the Senate after the 2026 Midterm elections?,which-party-will-win-the-senate-in-2026
2026-09-25T00:00:26+00:00,R_Senate,0.375,Will the Republican Party control the Senate after the 2026 Midterm elections?,which-party-will-win-the-senate-in-2026
2026-09-26T00:00:20+00:00,R_Senate,0.375,Will the Republican Party control the Senate after the 2026 Midterm elections?,which-party-will-win-the-senate-in-2026
2026-09-27T00:00:20+00:00,R_Senate,0.375,Will the Republican Party control the Senate after the 2026 Midterm elections?,which-party-will-win-the-senate-in-2026
2026-09-28T00:00:34+00:00,R_Senate,0.375,Will the Republican Party control the Senate after the 2026 Midterm elections?,which-party-will-win-the-senate-in-2026
2026-09-29T00:00:21+00:00,R_Senate,0.385,Will the Republican Party control the Senate after the 2026 Midterm elections?,which-party-will-win-the-senate-in-2026
2026-09-30T00:00:23+00:00,R_Senate,0.375,Will the Republican Party control the Senate after the 2026 Midterm elections?,which-party-will-win-the-senate-in-2026
2026-10-01T00:00:24+00:00,R_Senate,0.375,Will the Republican Party control the Senate after the 2026 Midterm elections?,which-party-will-win-the-senate-in-2026
2026-10-02T00:00:23+00:00,R_Senate,0.365,Will the Republican Party control the Senate after the 2026 Midterm elections?,which-party-will-win-the-senate-in-2026
2026-10-03T00:00:26+00:00,R_Senate,0.355,Will the Republican Party control the Senate after the 2026 Midterm elections?,which-party-will-win-the-senate-in-2026
2026-10-04T00:00:22+00:00,R_Senate,0.355,Will the Republican Party control the Senate after the 2026 Midterm elections?,which-party-will-win-the-senate-in-2026
2026-10-05T00:00:27+00:00,R_Senate,0.335,Will the Republican Party control the Senate after the 2026 Midterm elections?,which-party-will-win-the-senate-in-2026
2026-10-06T00:00:25+00:00,R_Senate,0.345,Will the Republican Party control the Senate after the 2026 Midterm elections?,which-party-will-win-the-senate-in-2026
2026-10-06T16:05:21+00:00,R_Senate,0.355,Will the Republican Party control the Senate after the 2026 Midterm elections?,which-party-will-win-the-senate-in-2026
